student_id,origin_country,destination_country,destination_city,university_name,course_name,field_of_study,year_of_enrollment,scholarship_received,enrollment_reason,graduation_year,placement_status,placement_country,placement_company,starting_salary_usd,gpa_or_score,visa_status,post_graduation_visa,language_proficiency_test,test_score,world_university_rank,study_duration,stem_flag,placed_flag,scholarship_flag,stay_in_canada
S01145,2,1,21,61,3,2,2019.0,No,4,2021.0,Placed,Finland,3,0.19058734126400037,1.331071387365203,1,3,0,0.9980694699780132,0.966854407278553,2.0,1,1,0,0
S01007,2,0,27,72,7,1,2023.0,No,4,2025.0,Placed,Canada,3,0.8243161919678523,-0.6196246686499577,2,0,2,0.9308095825207715,1.611446112417955,2.0,0,1,0,1
S01758,4,7,1,20,10,6,2019.0,Yes,3,2022.0,Placed,UAE,4,0.0832996634681866,-1.5253049803712826,5,1,0,0.3591005391342148,-0.28549519127799955,3.0,0,1,1,0
S02238,1,8,38,66,9,0,2022.0,Yes,4,2023.0,Placed,UK,11,0.125753324614003,-1.2930792594170966,1,1,2,0.9980694699780132,-0.8564192729728985,1.0,0,1,1,0
S00018,4,8,27,21,0,3,2023.0,Yes,2,2025.0,Not Placed,UK,9,-0.8785035087145754,0.44861364773929696,4,4,2,0.7290299201490454,-0.35916281472250267,2.0,1,0,1,0
S00594,7,9,9,57,2,4,2023.0,Yes,3,2026.0,Not Placed,UK,9,-0.8785035087145754,1.122068238506436,1,0,2,-0.14534861679509983,-0.5617487791948862,3.0,0,0,1,0
S04167,4,2,3,42,12,4,2019.0,Yes,1,2020.0,Placed,Germany,1,1.8347843133878994,-0.8054052454133065,0,2,1,0.02280110184800505,-0.28549519127799955,1.0,0,1,1,0
S04325,8,6,23,71,14,2,2019.0,Yes,2,2022.0,Placed,South Africa,8,0.6313718936344508,1.6329648246056452,1,1,0,-1.8941056906833906,-0.28549519127799955,3.0,1,1,1,0
S02372,7,6,44,41,7,5,2021.0,No,3,2022.0,Not Placed,UK,9,-0.8785035087145754,1.4936293920331336,1,3,0,-1.8941056906833906,-0.28549519127799955,1.0,0,0,0,0
S01476,8,7,1,20,5,3,2019.0,No,3,2021.0,Not Placed,UK,9,-0.8785035087145754,1.7490776850827376,0,2,2,0.5945101452345617,-0.28549519127799955,2.0,1,0,0,0
S04349,7,9,35,5,12,7,2022.0,No,2,2023.0,Not Placed,UK,9,-0.8785035087145754,-0.20161837093242285,5,2,0,-0.14534861679509983,-0.580165685056012,1.0,0,0,0,0
S00599,6,3,8,16,14,1,2021.0,Yes,4,2024.0,Placed,India,12,1.5210255320817079,-0.921518105890399,2,3,3,0.6953999764204246,-0.28549519127799955,3.0,0,1,1,0
S04906,2,7,43,2,3,1,2020.0,No,3,2021.0,Not Placed,UK,9,-0.8785035087145754,-0.06228293835991124,5,4,0,0.8635496950635292,-0.28549519127799955,1.0,0,0,0,0
S01739,0,9,28,49,5,5,2023.0,Yes,4,2026.0,Not Placed,UK,9,-0.8785035087145754,-1.594972696657538,0,3,3,-0.11171867306647898,-0.3407459088613769,3.0,0,0,1,0
S01560,0,5,32,11,3,4,2022.0,Yes,1,2024.0,Placed,Russia,11,0.0014092525352671801,0.23961049888053007,5,4,3,0.6953999764204246,-0.28549519127799955,2.0,0,1,1,0
S04598,9,0,48,69,9,2,2020.0,Yes,1,2022.0,Placed,Canada,7,0.3512329415217645,1.0059553780293433,4,0,0,-1.8941056906833906,-0.5249149674726347,2.0,1,1,1,1
S00071,5,1,46,43,6,1,2019.0,No,2,2022.0,Placed,Finland,8,0.7116059610763119,-1.4556372640850264,2,2,0,-0.11171867306647898,-0.28549519127799955,3.0,0,1,0,0
S01874,3,9,42,47,7,0,2021.0,Yes,0,2022.0,Placed,USA,0,1.1828159659075124,1.586519680414808,3,0,3,0.9980694699780132,-0.7275009319450181,1.0,0,1,1,0
S03041,3,5,24,19,12,4,2019.0,No,4,2022.0,Not Placed,UK,9,-0.8785035087145754,0.14672021049885567,3,2,1,0.42636042659145684,-0.28549519127799955,3.0,0,0,0,0
S04484,3,2,45,68,10,6,2019.0,Yes,2,2021.0,Placed,Germany,9,1.698076820250907,1.0988456664110178,0,2,2,0.12369093303386793,4.8344046381149655,2.0,0,1,1,0
S03381,6,2,45,68,5,2,2020.0,Yes,3,2022.0,Placed,Germany,6,-0.20975482419977592,-0.8054052454133065,4,4,0,-1.8941056906833906,4.8344046381149655,2.0,1,1,1,0
S03341,3,0,37,65,10,1,2019.0,Yes,1,2021.0,Not Placed,UK,9,-0.8785035087145754,-1.130521254749167,2,1,2,0.9980694699780132,-0.28549519127799955,2.0,0,0,1,0
S02252,8,0,27,72,4,6,2023.0,Yes,2,2025.0,Placed,Canada,8,1.4680225403678413,1.4936293920331336,2,2,2,0.5608802015059405,1.611446112417955,2.0,0,1,1,1
S04887,2,0,31,28,8,0,2023.0,Yes,1,2026.0,Not Placed,UK,9,-0.8785035087145754,-1.7110855571346315,4,1,0,0.7962898076062874,-0.41441353230587996,3.0,0,0,1,0
S00903,0,8,4,53,8,5,2023.0,Yes,3,2026.0,Not Placed,UK,9,-0.8785035087145754,0.8433973733614127,4,1,0,-1.8941056906833906,0.6353501017782891,3.0,0,0,1,0
S03654,3,8,27,21,4,5,2021.0,No,4,2022.0,Placed,UK,2,0.9458010996870232,-0.8750729616995618,3,2,0,-0.21260850425234185,-0.35916281472250267,1.0,0,1,0,0
S04506,7,9,42,47,3,7,2021.0,Yes,1,2024.0,Placed,USA,1,1.9864186163193105,1.0988456664110178,1,2,3,0.12369093303386793,-0.7275009319450181,3.0,0,1,1,0
S01209,0,9,42,40,2,0,2019.0,Yes,4,2021.0,Placed,USA,8,1.4638422448904085,1.0524005222201807,0,4,0,-1.8941056906833906,-0.819585461250647,2.0,0,1,1,0
S01226,9,2,0,36,4,2,2021.0,No,2,2022.0,Not Placed,UK,9,-0.8785035087145754,0.9827328059339243,5,1,0,-1.8941056906833906,1.040522030723056,1.0,1,0,0,0
S03129,3,8,15,60,12,0,2020.0,Yes,0,2021.0,Placed,UK,11,0.5479434494598344,0.26283307097594816,4,0,0,0.056431045576625906,-0.5064980616115089,1.0,0,1,1,0
S00941,4,7,12,58,14,2,2023.0,Yes,0,2025.0,Placed,UAE,5,1.9906777852963176,0.8666199454568319,5,4,1,0.2245807642197308,-0.28549519127799955,2.0,1,1,1,0
S01268,5,8,38,66,5,1,2022.0,Yes,0,2024.0,Not Placed,UK,9,-0.8785035087145754,0.8666199454568319,3,1,0,-1.8941056906833906,-0.8564192729728985,2.0,0,0,1,0
S02282,6,8,15,60,12,3,2022.0,No,3,2025.0,Placed,UK,9,0.5241236525884242,-0.01583779416907404,5,3,3,0.056431045576625906,-0.5064980616115089,3.0,1,1,0,0
S03961,7,1,22,59,3,5,2021.0,No,0,2023.0,Not Placed,UK,9,-0.8785035087145754,-0.7589601012224693,0,0,1,0.9644395262493923,-0.28549519127799955,2.0,0,0,0,0
S03330,1,5,36,34,11,4,2020.0,Yes,4,2021.0,Placed,Russia,7,1.6497668017617055,-1.7343081292300495,3,3,2,0.49362031404869855,-0.28549519127799955,1.0,0,1,1,0
S02566,1,2,45,68,0,3,2019.0,Yes,3,2020.0,Not Placed,UK,9,-0.8785035087145754,-0.5035118081728652,0,4,0,-1.8941056906833906,4.8344046381149655,1.0,1,0,1,0
S04843,7,1,46,43,11,7,2020.0,No,1,2023.0,Placed,Finland,0,1.200542784936815,-0.9911858221766553,5,2,2,0.2245807642197308,-0.28549519127799955,3.0,0,1,0,0
S01015,6,5,32,11,8,6,2020.0,Yes,4,2023.0,Placed,Russia,3,0.05074462651893306,-0.5035118081728652,4,2,3,0.2918406516769728,-0.28549519127799955,3.0,0,1,1,0
S04909,9,0,50,54,11,2,2021.0,Yes,2,2022.0,Not Placed,UK,9,-0.8785035087145754,-1.7110855571346315,5,3,0,0.7626598638776666,-0.28549519127799955,1.0,1,0,1,0
S00726,4,8,15,60,13,1,2021.0,Yes,3,2024.0,Not Placed,UK,9,-0.8785035087145754,0.26283307097594816,1,4,3,0.19095082049110992,-0.5064980616115089,3.0,0,0,1,0
S04304,1,6,23,62,9,3,2021.0,Yes,0,2023.0,Placed,South Africa,0,1.3975096317485012,-1.362746975703352,4,2,0,0.3591005391342148,-0.28549519127799955,2.0,1,1,1,0
S00140,9,3,8,16,13,7,2020.0,Yes,3,2021.0,Not Placed,UK,9,-0.8785035087145754,1.4239616757468772,5,0,3,0.5945101452345617,-0.28549519127799955,1.0,0,0,1,0
S00731,9,8,6,55,2,5,2019.0,Yes,1,2020.0,Not Placed,UK,9,-0.8785035087145754,0.4950587919301342,1,2,0,0.49362031404869855,-0.8748361788340243,1.0,0,0,1,0
S02624,0,5,32,30,2,5,2021.0,Yes,0,2022.0,Placed,Russia,2,0.13931956654076644,0.6808393686934829,1,0,2,0.5608802015059405,-0.28549519127799955,1.0,0,1,1,0
S02278,0,6,44,41,5,3,2023.0,Yes,3,2025.0,Placed,South Africa,6,0.2703087309586291,-0.38739894769577166,0,0,3,-0.14534861679509983,-0.28549519127799955,2.0,1,1,1,0
S04045,9,1,26,23,11,2,2022.0,No,0,2023.0,Not Placed,UK,9,-0.8785035087145754,0.4950587919301342,1,4,2,0.9308095825207715,-0.28549519127799955,1.0,1,0,0,0
S04911,9,3,8,16,6,5,2021.0,Yes,3,2023.0,Placed,India,11,0.5101630431637897,-0.7589601012224693,5,3,0,-1.8941056906833906,-0.28549519127799955,2.0,0,1,1,0
S02521,7,3,2,13,8,7,2023.0,No,2,2026.0,Placed,India,9,-0.2216844410103746,0.9362876617430871,2,0,2,0.2918406516769728,0.5800993841949118,3.0,0,1,0,0
S01090,6,0,50,39,11,2,2021.0,Yes,1,2022.0,Not Placed,UK,9,-0.8785035087145754,0.4718362198347161,2,2,3,0.9644395262493923,-0.28549519127799955,1.0,1,0,1,0
S01690,7,6,40,67,14,1,2021.0,Yes,4,2023.0,Not Placed,UK,9,-0.8785035087145754,-1.2234115431308403,4,1,0,0.5272502577773197,-0.28549519127799955,2.0,0,0,1,0
S00127,2,3,47,31,6,7,2021.0,No,0,2022.0,Not Placed,UK,9,-0.8785035087145754,-1.2698566873216774,0,3,3,0.8635496950635292,-0.28549519127799955,1.0,0,0,0,0
S01256,0,6,23,62,2,6,2020.0,Yes,1,2022.0,Placed,South Africa,0,0.7571554070804158,0.16994278259427376,0,3,0,0.9980694699780132,-0.28549519127799955,2.0,0,1,1,0
S02415,6,3,2,13,5,6,2023.0,Yes,0,2026.0,Placed,India,3,1.7208121065031716,0.3789459314530417,5,1,0,-1.8941056906833906,0.5800993841949118,3.0,0,1,1,0
S03047,1,0,27,72,14,5,2023.0,No,2,2024.0,Placed,Canada,7,1.4785324341861044,-0.10872808255074845,4,3,2,-0.07808872933785782,1.611446112417955,1.0,0,1,0,1
S04378,6,4,13,45,2,7,2019.0,No,4,2020.0,Not Placed,UK,9,-0.8785035087145754,0.3092782151667854,5,3,0,0.32547059540559364,-0.28549519127799955,1.0,0,0,0,0
S03372,3,1,22,59,12,6,2023.0,No,4,2026.0,Not Placed,UK,9,-0.8785035087145754,-1.2466341152262594,3,4,3,0.7626598638776666,-0.28549519127799955,3.0,0,0,0,0
S01478,6,5,36,34,0,1,2023.0,Yes,0,2026.0,Not Placed,UK,9,-0.8785035087145754,-0.689292384936213,2,4,1,0.6281400889631826,-0.28549519127799955,3.0,0,0,1,0
S01729,5,8,6,55,9,4,2023.0,Yes,2,2026.0,Not Placed,UK,9,-0.8785035087145754,-0.29450865931409725,0,0,0,0.3591005391342148,-0.8748361788340243,3.0,0,0,1,0
S01825,6,9,42,47,10,0,2022.0,Yes,0,2024.0,Placed,USA,7,0.20523809380990912,0.8201748012659946,0,3,2,0.5945101452345617,-0.7275009319450181,2.0,0,1,1,0
S02612,8,0,48,69,11,4,2023.0,No,0,2026.0,Not Placed,UK,9,-0.8785035087145754,1.2149585268881102,1,2,1,-0.010828841880616107,-0.5249149674726347,3.0,0,0,0,0
S00571,7,9,35,5,4,5,2023.0,Yes,4,2024.0,Placed,USA,0,1.198708976071715,-0.10872808255074845,5,0,1,0.12369093303386793,-0.580165685056012,1.0,0,1,1,0
S01074,3,0,31,28,1,6,2020.0,No,4,2021.0,Not Placed,UK,9,-0.8785035087145754,-0.20161837093242285,4,3,0,-1.8941056906833906,-0.41441353230587996,1.0,0,0,0,0
S04180,4,2,45,68,10,1,2022.0,No,2,2024.0,Not Placed,UK,9,-0.8785035087145754,0.8898425175522499,1,1,2,0.9308095825207715,4.8344046381149655,2.0,0,0,0,0
S01597,6,7,1,73,13,4,2020.0,No,4,2022.0,Placed,UAE,9,0.6600818474794617,-0.7821826733178874,2,1,2,0.42636042659145684,-0.28549519127799955,2.0,0,1,0,0
S03446,0,7,12,10,2,7,2023.0,Yes,4,2025.0,Placed,UAE,12,1.6270512338843344,-1.409192119894189,3,4,2,-0.07808872933785782,-0.28549519127799955,2.0,0,1,1,0
S04097,5,9,28,49,5,6,2019.0,No,0,2021.0,Placed,USA,0,-0.21287032743295708,-0.898295533794981,1,1,1,0.02280110184800505,-0.3407459088613769,2.0,0,1,0,0
S00158,8,9,35,5,7,4,2021.0,Yes,3,2022.0,Not Placed,UK,9,-0.8785035087145754,-0.4338440918866089,5,2,3,0.32547059540559364,-0.580165685056012,1.0,0,0,1,0
S01581,5,0,50,54,12,6,2022.0,Yes,2,2023.0,Not Placed,UK,9,-0.8785035087145754,1.4471842478422963,0,0,0,0.8971796387921507,-0.28549519127799955,1.0,0,0,1,0
S04727,9,8,27,21,14,6,2022.0,No,1,2025.0,Not Placed,UK,9,-0.8785035087145754,0.9362876617430871,4,4,0,-1.8941056906833906,-0.35916281472250267,3.0,0,0,0,0
S04527,8,4,13,51,13,2,2019.0,Yes,1,2020.0,Placed,Ireland,9,0.20279301532310876,-1.4324146919896081,3,4,2,0.6281400889631826,-0.28549519127799955,1.0,1,1,1,0
S03722,5,0,50,54,3,7,2022.0,Yes,3,2023.0,Placed,Canada,12,0.5188785648667394,-0.3409538035049345,1,0,1,0.25821070794835194,-0.28549519127799955,1.0,0,1,1,1
S02225,4,6,19,37,9,7,2022.0,No,3,2024.0,Not Placed,UK,9,-0.8785035087145754,0.7969522291705755,0,2,0,0.6617700326918035,-0.28549519127799955,2.0,0,0,0,0
S01223,0,3,2,13,13,2,2022.0,No,0,2025.0,Placed,India,10,0.18461267367125425,0.12349763840343654,5,3,0,-1.8941056906833906,0.5800993841949118,3.0,1,1,0,0
S04632,4,2,34,22,4,7,2019.0,No,3,2022.0,Placed,Germany,8,0.17733659333553375,-0.31773123140951637,5,3,3,0.5945101452345617,-0.28549519127799955,3.0,0,1,0,0
S01903,5,4,13,46,14,7,2020.0,No,1,2022.0,Placed,Ireland,0,-0.06080222025388783,0.35572335935762256,2,2,0,-0.11171867306647898,1.279941806917691,2.0,0,1,0,0
S03143,2,9,5,8,8,0,2022.0,Yes,0,2024.0,Not Placed,UK,9,-0.8785035087145754,-0.41062151979119077,1,0,1,1.031699413706634,-0.8380023671117728,2.0,0,0,1,0
S01699,1,6,44,41,12,7,2022.0,No,1,2023.0,Placed,South Africa,8,1.2879740592148226,-0.9447406779858181,4,4,3,1.0989593011638763,-0.28549519127799955,1.0,0,1,0,0
S02596,2,7,43,2,0,3,2019.0,No,1,2020.0,Placed,UAE,5,0.5180109563714231,-1.4556372640850264,3,3,3,1.0653293574352556,-0.28549519127799955,1.0,1,1,0,0
S00687,5,8,15,60,4,7,2022.0,Yes,4,2025.0,Placed,UK,8,2.0592188564263028,1.37751653155604,0,1,1,0.12369093303386793,-0.5064980616115089,3.0,0,1,1,0
S03579,8,6,7,56,6,5,2023.0,No,1,2026.0,Not Placed,UK,9,-0.8785035087145754,0.007384777926344049,4,0,3,0.42636042659145684,3.195300016474772,3.0,0,0,0,0
S02606,7,2,0,36,4,1,2022.0,Yes,2,2024.0,Placed,Germany,4,1.3757405458660203,-1.1072986826537479,4,0,1,0.8971796387921507,1.040522030723056,2.0,0,1,1,0
S01190,4,6,19,37,12,0,2020.0,No,1,2022.0,Not Placed,UK,9,-0.8785035087145754,0.3325007872622045,2,1,2,0.5272502577773197,-0.28549519127799955,2.0,0,0,0,0
S01460,2,4,13,7,5,7,2021.0,Yes,3,2023.0,Not Placed,UK,9,-0.8785035087145754,-1.130521254749167,0,0,1,0.02280110184800505,-0.28549519127799955,2.0,0,0,1,0
S01265,9,2,34,44,13,0,2019.0,Yes,3,2020.0,Placed,Germany,5,-0.10976294511457622,-0.22484094302784197,0,1,3,0.7290299201490454,-0.08290922680561606,1.0,0,1,1,0
S01173,0,1,49,0,14,4,2021.0,Yes,3,2024.0,Not Placed,UK,9,-0.8785035087145754,0.9595102338385062,1,4,2,-0.21260850425234185,-0.28549519127799955,3.0,0,0,1,0
S01568,8,9,42,47,6,7,2023.0,Yes,0,2026.0,Not Placed,UK,9,-0.8785035087145754,1.6561873967010632,4,0,0,0.3927304828628357,-0.7275009319450181,3.0,0,0,1,0
S01166,9,7,12,10,1,0,2023.0,Yes,2,2025.0,Not Placed,UK,9,-0.8785035087145754,-0.9679632500812362,3,0,2,0.056431045576625906,-0.28549519127799955,2.0,0,0,1,0
S00164,7,1,26,23,12,6,2021.0,No,0,2022.0,Placed,Finland,0,-0.15119125076592796,0.4718362198347161,5,2,2,1.0989593011638763,-0.28549519127799955,1.0,0,1,0,0
S02633,8,2,34,22,3,5,2019.0,No,3,2020.0,Placed,Germany,1,1.3552925911014073,-0.01583779416907404,5,2,2,1.0653293574352556,-0.28549519127799955,1.0,0,1,0,0
S01538,3,7,1,20,0,0,2023.0,No,3,2026.0,Placed,UAE,12,0.34208361557115663,1.4936293920331336,2,4,0,-1.8941056906833906,-0.28549519127799955,3.0,0,1,0,0
S02665,4,8,27,48,10,7,2019.0,Yes,4,2020.0,Not Placed,UK,9,-0.8785035087145754,1.5168519641285516,0,2,0,0.49362031404869855,-0.7459178378061438,1.0,0,0,1,0
S03048,3,6,19,37,12,2,2020.0,Yes,0,2021.0,Placed,South Africa,10,0.9939928079268631,-1.2698566873216774,0,2,0,-1.8941056906833906,-0.28549519127799955,1.0,1,1,1,0
S03503,1,5,36,34,11,3,2023.0,No,2,2024.0,Placed,Russia,8,0.10986031444980048,-0.9679632500812362,0,3,2,0.9980694699780132,-0.28549519127799955,1.0,1,1,0,0
S02859,4,1,21,61,5,7,2023.0,Yes,3,2026.0,Placed,Finland,7,-0.09603895618866438,1.2149585268881102,5,1,3,-0.010828841880616107,0.966854407278553,3.0,0,1,1,0
S01998,2,3,8,16,8,5,2021.0,Yes,2,2023.0,Not Placed,UK,9,-0.8785035087145754,-0.9911858221766553,4,2,0,0.49362031404869855,-0.28549519127799955,2.0,0,0,1,0
S01633,0,7,1,20,0,1,2019.0,Yes,1,2021.0,Placed,UAE,2,1.9593650059653578,-0.20161837093242285,0,0,3,0.7962898076062874,-0.28549519127799955,2.0,0,1,1,0
S02588,7,8,27,17,14,6,2023.0,Yes,0,2025.0,Not Placed,UK,9,-0.8785035087145754,0.4950587919301342,4,3,1,0.42636042659145684,-0.8011685553895213,2.0,0,0,1,0
S02824,2,3,11,6,4,0,2021.0,Yes,3,2022.0,Not Placed,UK,9,-0.8785035087145754,0.44861364773929696,1,2,0,-1.8941056906833906,-0.28549519127799955,1.0,0,0,1,0
S00199,8,3,11,18,14,2,2023.0,Yes,1,2025.0,Placed,India,0,1.5652538469679438,0.9362876617430871,2,2,3,0.5945101452345617,-0.28549519127799955,2.0,1,1,1,0
S02341,1,9,28,49,12,7,2020.0,Yes,1,2022.0,Not Placed,UK,9,-0.8785035087145754,-0.2712860872186792,2,0,3,-0.14534861679509983,-0.3407459088613769,2.0,0,0,1,0
S04318,4,8,6,55,10,3,2023.0,No,3,2024.0,Not Placed,UK,9,-0.8785035087145754,-1.385969547798771,5,1,3,0.25821070794835194,-0.8748361788340243,1.0,1,0,0,0
S04773,3,7,12,26,11,0,2019.0,No,0,2022.0,Placed,UAE,10,0.1518210162232781,-1.4324146919896081,0,2,0,0.3927304828628357,-0.28549519127799955,3.0,0,1,0,0
S00405,1,0,50,39,7,1,2019.0,Yes,0,2022.0,Placed,Canada,9,0.6597466351062714,1.5168519641285516,1,2,1,0.6281400889631826,-0.28549519127799955,3.0,0,1,1,1
S00174,8,3,11,18,4,6,2022.0,Yes,3,2024.0,Not Placed,UK,9,-0.8785035087145754,0.21638792678511096,1,0,0,0.2245807642197308,-0.28549519127799955,2.0,0,0,1,0
S01753,2,7,12,29,8,3,2019.0,No,2,2021.0,Placed,UAE,6,1.0128435743250983,0.8666199454568319,4,1,3,1.031699413706634,-0.28549519127799955,2.0,1,1,0,0
S02712,4,2,34,44,8,2,2021.0,Yes,2,2024.0,Placed,Germany,6,0.1851647881682737,-0.29450865931409725,0,4,0,-1.8941056906833906,-0.08290922680561606,3.0,1,1,1,0
S02015,9,4,13,46,1,7,2019.0,No,2,2021.0,Placed,Ireland,8,0.31995959894059184,-0.41062151979119077,5,4,0,-1.8941056906833906,1.279941806917691,2.0,0,1,0,0
S04758,6,2,20,9,2,1,2020.0,Yes,3,2021.0,Not Placed,UK,9,-0.8785035087145754,0.8898425175522499,3,0,1,-0.04445878560923697,-0.28549519127799955,1.0,0,0,1,0
S03884,8,7,12,26,2,5,2022.0,No,2,2024.0,Not Placed,UK,9,-0.8785035087145754,-0.8054052454133065,0,2,1,-0.07808872933785782,-0.28549519127799955,2.0,0,0,0,0
S02992,2,0,50,54,6,3,2020.0,No,0,2021.0,Placed,Canada,10,1.237830231860521,-1.362746975703352,4,2,3,0.12369093303386793,-0.28549519127799955,1.0,1,1,0,1
S01477,7,9,42,47,4,4,2022.0,Yes,4,2023.0,Not Placed,UK,9,-0.8785035087145754,1.331071387365203,0,4,3,0.7626598638776666,-0.7275009319450181,1.0,0,0,1,0
S04189,4,3,11,18,6,6,2021.0,No,3,2024.0,Not Placed,UK,9,-0.8785035087145754,1.7026325408919005,2,1,0,0.9308095825207715,-0.28549519127799955,3.0,0,0,0,0
S04567,9,6,19,37,3,4,2023.0,Yes,3,2026.0,Placed,South Africa,4,2.014852512915812,-0.08550551045533036,1,4,3,0.5945101452345617,-0.28549519127799955,3.0,0,1,1,0
S00035,1,2,34,44,5,1,2020.0,Yes,1,2022.0,Not Placed,UK,9,-0.8785035087145754,-0.22484094302784197,1,0,1,0.2245807642197308,-0.08290922680561606,2.0,0,0,1,0
S00466,9,8,38,66,6,0,2023.0,Yes,3,2025.0,Not Placed,UK,9,-0.8785035087145754,0.5647265082163905,5,0,1,0.45999037032007767,-0.8564192729728985,2.0,0,0,1,0
S03128,2,3,39,3,14,5,2023.0,No,3,2026.0,Placed,India,10,0.26165236438036,0.05382992211718125,5,1,0,-0.07808872933785782,-0.28549519127799955,3.0,0,1,0,0
S00525,3,8,29,64,5,5,2020.0,Yes,2,2021.0,Placed,UK,4,-0.16116874846206503,0.26283307097594816,5,0,2,0.2918406516769728,-0.41441353230587996,1.0,0,1,1,0
S03296,4,3,11,15,14,7,2019.0,No,0,2021.0,Placed,India,5,0.43351771995255495,-0.38739894769577166,1,3,1,0.25821070794835194,2.348122346862986,2.0,0,1,0,0
S00577,7,3,33,14,4,2,2023.0,No,3,2025.0,Placed,India,5,-0.25520567832941216,-1.130521254749167,4,0,1,0.8299197513349084,-0.08290922680561606,2.0,1,1,0,0
S02257,7,0,16,52,4,1,2019.0,No,3,2022.0,Not Placed,UK,9,-0.8785035087145754,-1.6646404129437942,0,3,2,1.031699413706634,1.114189654167559,3.0,0,0,0,0
S04794,9,6,44,41,6,3,2019.0,Yes,1,2020.0,Placed,South Africa,7,-0.11134041510606035,0.8666199454568319,4,4,0,0.6281400889631826,-0.28549519127799955,1.0,1,1,1,0
S00593,4,5,24,19,13,5,2021.0,No,4,2023.0,Not Placed,UK,9,-0.8785035087145754,0.28605564307136727,0,2,0,-0.14534861679509983,-0.28549519127799955,2.0,0,0,0,0
S00083,1,8,27,17,13,3,2023.0,Yes,0,2026.0,Not Placed,UK,9,-0.8785035087145754,-1.385969547798771,2,2,0,0.9644395262493923,-0.8011685553895213,3.0,1,0,1,0
S01726,1,2,45,68,2,0,2023.0,No,0,2025.0,Not Placed,UK,9,-0.8785035087145754,1.5168519641285516,2,3,1,0.32547059540559364,4.8344046381149655,2.0,0,0,0,0
S04568,6,1,22,59,7,5,2020.0,Yes,0,2021.0,Not Placed,UK,9,-0.8785035087145754,-0.3641763756003536,0,2,1,0.8299197513349084,-0.28549519127799955,1.0,0,0,1,0
S02772,5,7,12,29,5,1,2023.0,No,4,2026.0,Not Placed,UK,9,-0.8785035087145754,-1.385969547798771,1,2,3,0.5945101452345617,-0.28549519127799955,3.0,0,0,0,0
S04599,3,0,25,35,2,2,2023.0,Yes,0,2026.0,Placed,Canada,7,1.1293002964464136,-0.5267343802682832,4,2,2,0.42636042659145684,3.6188888512806643,3.0,1,1,1,1
S01928,3,0,16,52,6,1,2022.0,Yes,0,2023.0,Not Placed,UK,9,-0.8785035087145754,0.4021685035484598,1,1,2,0.49362031404869855,1.114189654167559,1.0,0,0,1,0
S02171,6,7,12,29,11,1,2023.0,No,4,2025.0,Placed,UAE,3,0.9704885050537496,0.9362876617430871,4,3,3,1.031699413706634,-0.28549519127799955,2.0,0,1,0,0
S04313,0,6,23,62,1,5,2021.0,No,4,2023.0,Placed,South Africa,0,0.3848922074650569,-1.5253049803712826,3,0,3,0.45999037032007767,-0.28549519127799955,2.0,0,1,0,0
S02691,8,0,16,52,7,0,2019.0,Yes,1,2021.0,Not Placed,UK,9,-0.8785035087145754,-0.17839579883700477,1,0,0,-0.11171867306647898,1.114189654167559,2.0,0,0,1,0
S02778,5,0,27,72,4,3,2023.0,Yes,3,2026.0,Placed,Canada,11,0.3002017872972532,-1.594972696657538,5,1,0,-1.8941056906833906,1.611446112417955,3.0,1,1,1,1
S04770,3,7,12,10,1,6,2021.0,Yes,3,2024.0,Not Placed,UK,9,-0.8785035087145754,-0.8518503896041437,0,0,0,-1.8941056906833906,-0.28549519127799955,3.0,0,0,1,0
S00184,2,6,7,56,11,5,2019.0,No,4,2020.0,Not Placed,UK,9,-0.8785035087145754,0.9595102338385062,0,0,1,0.09006098930524706,3.195300016474772,1.0,0,0,0,0
S00439,6,4,10,50,8,2,2023.0,Yes,0,2025.0,Not Placed,UK,9,-0.8785035087145754,0.5182813640255532,0,3,0,-1.8941056906833906,-0.28549519127799955,2.0,1,0,1,0
S00034,6,1,49,70,13,7,2019.0,Yes,3,2021.0,Placed,Finland,5,0.6564339481241548,-0.31773123140951637,2,2,0,-1.8941056906833906,-0.28549519127799955,2.0,0,1,1,0
S00187,4,6,19,37,14,1,2023.0,No,2,2025.0,Placed,South Africa,12,1.224993569804819,0.12349763840343654,4,2,3,0.9980694699780132,-0.28549519127799955,2.0,0,1,0,0
S01866,2,5,41,38,0,7,2019.0,Yes,3,2022.0,Not Placed,UK,9,-0.8785035087145754,0.7969522291705755,2,4,0,-1.8941056906833906,-0.28549519127799955,3.0,0,0,1,0
S03877,4,3,8,16,2,6,2023.0,No,4,2026.0,Not Placed,UK,9,-0.8785035087145754,1.354293959460622,5,4,0,-0.178978560523721,-0.28549519127799955,3.0,0,0,0,0
S04509,0,8,27,17,5,7,2022.0,No,3,2025.0,Placed,UK,12,-0.043055682849691475,-0.01583779416907404,2,2,0,-0.010828841880616107,-0.8011685553895213,3.0,0,1,0,0
S00113,6,4,18,33,3,1,2020.0,No,2,2021.0,Placed,Ireland,2,1.005685804238739,-0.22484094302784197,0,3,3,1.1325892448924972,-0.28549519127799955,1.0,0,1,0,0
S02509,2,3,33,14,2,0,2021.0,No,1,2022.0,Not Placed,UK,9,-0.8785035087145754,1.331071387365203,5,3,1,0.3591005391342148,-0.08290922680561606,1.0,0,0,0,0
S01629,3,9,35,5,5,0,2021.0,No,3,2023.0,Not Placed,UK,9,-0.8785035087145754,-0.38739894769577166,4,1,1,0.7290299201490454,-0.580165685056012,2.0,0,0,0,0
S02449,9,0,50,54,13,3,2022.0,Yes,2,2024.0,Not Placed,UK,9,-0.8785035087145754,-0.4338440918866089,2,0,0,-1.8941056906833906,-0.28549519127799955,2.0,1,0,1,0
S00297,6,5,36,34,6,1,2019.0,No,0,2021.0,Placed,Russia,0,0.1461224058790417,0.7505070849797383,3,3,0,-1.8941056906833906,-0.28549519127799955,2.0,0,1,0,0
S04532,5,1,26,23,1,6,2019.0,Yes,4,2020.0,Placed,Finland,5,0.1650323274019576,1.7026325408919005,5,4,0,0.6617700326918035,-0.28549519127799955,1.0,0,1,1,0
S03324,8,6,7,56,6,6,2019.0,Yes,3,2020.0,Placed,South Africa,8,1.7161191332785064,-1.3163018315125148,0,4,0,-1.8941056906833906,3.195300016474772,1.0,0,1,1,0
S03856,1,0,50,39,14,4,2019.0,Yes,1,2022.0,Placed,Canada,5,1.1163650425162437,-1.130521254749167,3,1,1,0.8971796387921507,-0.28549519127799955,3.0,0,1,1,1
S01302,7,9,35,5,4,7,2023.0,No,4,2026.0,Not Placed,UK,9,-0.8785035087145754,-1.618195268752957,4,2,2,0.12369093303386793,-0.580165685056012,3.0,0,0,0,0
S03586,0,4,13,46,3,1,2021.0,Yes,1,2022.0,Placed,Ireland,8,0.5980675584392423,-0.24806351512326005,2,3,0,-1.8941056906833906,1.279941806917691,1.0,0,1,1,0
S02035,8,1,49,70,5,0,2019.0,No,1,2020.0,Not Placed,UK,9,-0.8785035087145754,1.5632971083193887,1,1,3,0.09006098930524706,-0.28549519127799955,1.0,0,0,0,0
S04430,7,6,7,56,14,6,2020.0,No,2,2021.0,Not Placed,UK,9,-0.8785035087145754,-0.2712860872186792,5,2,2,0.49362031404869855,3.195300016474772,1.0,0,0,0,0
S02084,6,3,47,31,14,3,2020.0,No,0,2023.0,Not Placed,UK,9,-0.8785035087145754,-1.3163018315125148,0,2,1,0.1573208767624888,-0.28549519127799955,3.0,1,0,0,0
S01564,8,7,12,10,14,4,2020.0,Yes,2,2023.0,Not Placed,UK,9,-0.8785035087145754,-0.38739894769577166,1,4,1,0.19095082049110992,-0.28549519127799955,3.0,0,0,1,0
S00670,7,6,14,63,1,3,2022.0,No,0,2025.0,Not Placed,UK,9,-0.8785035087145754,1.354293959460622,4,1,0,-1.8941056906833906,-0.28549519127799955,3.0,1,0,0,0
S03118,3,8,29,64,9,3,2020.0,No,0,2021.0,Not Placed,UK,9,-0.8785035087145754,-0.5964020965545386,2,3,0,-1.8941056906833906,-0.41441353230587996,1.0,1,0,0,0
S01321,3,8,27,17,9,4,2021.0,Yes,3,2022.0,Not Placed,UK,9,-0.8785035087145754,-1.1769663989400032,4,1,3,0.056431045576625906,-0.8011685553895213,1.0,0,0,1,0
S04446,3,0,16,52,8,0,2020.0,Yes,3,2022.0,Placed,Canada,7,0.14497874013521572,-0.5964020965545386,1,1,3,-0.04445878560923697,1.114189654167559,2.0,0,1,1,1
S02530,4,2,0,36,9,5,2020.0,No,4,2021.0,Not Placed,UK,9,-0.8785035087145754,1.586519680414808,3,3,1,0.3591005391342148,1.040522030723056,1.0,0,0,0,0
S04235,8,5,32,4,7,5,2022.0,No,0,2025.0,Not Placed,UK,9,-0.8785035087145754,0.35572335935762256,1,3,1,0.02280110184800505,-0.28549519127799955,3.0,0,0,0,0
S01112,8,7,1,20,0,7,2020.0,No,3,2022.0,Placed,UAE,6,0.527298310946286,-0.039060366264493156,0,1,1,0.19095082049110992,-0.28549519127799955,2.0,0,1,0,0
S03445,2,6,23,62,8,3,2019.0,Yes,4,2022.0,Placed,South Africa,12,1.219018902212073,1.1685133826972731,5,2,2,-0.14534861679509983,-0.28549519127799955,3.0,1,1,1,0
S01436,9,6,7,56,10,5,2022.0,Yes,1,2025.0,Placed,South Africa,10,1.2131428264937945,-1.2234115431308403,1,1,3,-0.178978560523721,3.195300016474772,3.0,0,1,1,0
S01299,0,6,23,71,10,6,2022.0,No,2,2023.0,Not Placed,UK,9,-0.8785035087145754,-0.10872808255074845,2,0,3,0.42636042659145684,-0.28549519127799955,1.0,0,0,0,0
S01731,0,4,30,27,7,4,2019.0,Yes,1,2022.0,Not Placed,UK,9,-0.8785035087145754,1.5632971083193887,5,1,0,-0.07808872933785782,-0.28549519127799955,3.0,0,0,1,0
S03198,8,6,19,37,14,5,2019.0,No,0,2020.0,Placed,South Africa,3,0.7852146545539397,0.44861364773929696,1,2,0,-1.8941056906833906,-0.28549519127799955,1.0,0,1,0,0
S04685,4,2,20,9,12,4,2020.0,No,3,2022.0,Not Placed,UK,9,-0.8785035087145754,-1.57175012456212,2,1,0,-1.8941056906833906,-0.28549519127799955,2.0,0,0,0,0
S01135,7,5,41,38,14,0,2020.0,No,4,2023.0,Not Placed,UK,9,-0.8785035087145754,-1.130521254749167,1,4,3,0.5608802015059405,-0.28549519127799955,3.0,0,0,0,0
S01541,9,8,29,64,5,0,2022.0,Yes,1,2023.0,Not Placed,UK,9,-0.8785035087145754,-0.31773123140951637,2,2,0,0.49362031404869855,-0.41441353230587996,1.0,0,0,1,0
S03146,3,5,36,34,1,7,2023.0,Yes,3,2026.0,Placed,Russia,6,-0.04520498571308859,-0.8750729616995618,4,3,3,0.2918406516769728,-0.28549519127799955,3.0,0,1,1,0
S04241,8,7,12,29,6,1,2019.0,No,2,2022.0,Placed,UAE,2,0.9034460304156745,0.6343942245026458,0,0,0,-0.178978560523721,-0.28549519127799955,3.0,0,1,0,0
S01860,8,0,31,28,5,6,2019.0,No,2,2022.0,Placed,Canada,3,1.5095100011438738,-1.2698566873216774,5,3,1,-0.14534861679509983,-0.41441353230587996,3.0,0,1,0,1
S01889,1,7,1,73,6,2,2023.0,Yes,2,2024.0,Not Placed,UK,9,-0.8785035087145754,0.9827328059339243,1,0,0,0.09006098930524706,-0.28549519127799955,1.0,1,0,1,0
S03591,5,3,39,3,4,6,2021.0,Yes,0,2022.0,Placed,India,2,0.10250536061450577,-0.38739894769577166,5,4,0,1.031699413706634,-0.28549519127799955,1.0,0,1,1,0
S01461,4,0,31,28,9,1,2019.0,Yes,0,2021.0,Placed,Canada,7,0.4956306008672422,0.16994278259427376,2,3,3,0.09006098930524706,-0.41441353230587996,2.0,0,1,1,1
S02244,9,6,7,56,0,2,2023.0,No,1,2025.0,Not Placed,UK,9,-0.8785035087145754,-0.8054052454133065,4,1,0,-1.8941056906833906,3.195300016474772,2.0,1,0,0,0
S00628,2,5,32,30,9,7,2019.0,No,3,2021.0,Not Placed,UK,9,-0.8785035087145754,1.3078488152697847,4,4,0,-1.8941056906833906,-0.28549519127799955,2.0,0,0,0,0
S02539,8,0,27,72,4,1,2021.0,Yes,1,2023.0,Not Placed,UK,9,-0.8785035087145754,-0.41062151979119077,4,3,0,0.6617700326918035,1.611446112417955,2.0,0,0,1,0
S00636,6,7,12,29,8,0,2020.0,Yes,4,2022.0,Placed,UAE,10,1.6529217417446738,0.704061940788901,4,3,2,0.32547059540559364,-0.28549519127799955,2.0,0,1,1,0
S04449,5,3,2,13,9,7,2023.0,No,4,2024.0,Placed,India,9,1.3808278865885566,0.14672021049885567,4,4,0,0.3591005391342148,0.5800993841949118,1.0,0,1,0,0
S02535,7,6,23,71,8,1,2019.0,Yes,0,2021.0,Placed,South Africa,2,1.6131694979592741,-0.8286278175087246,1,1,0,1.0653293574352556,-0.28549519127799955,2.0,0,1,1,0
S01041,9,6,23,71,3,7,2020.0,Yes,1,2023.0,Not Placed,UK,9,-0.8785035087145754,-1.339524403607934,3,1,3,0.49362031404869855,-0.28549519127799955,3.0,0,0,1,0
S02684,4,7,12,26,11,1,2020.0,No,2,2021.0,Placed,UAE,1,-0.13389823598428327,-0.38739894769577166,2,0,3,0.8635496950635292,-0.28549519127799955,1.0,0,1,0,0
S03008,9,8,27,21,1,3,2023.0,No,3,2026.0,Placed,UK,7,0.7943639805045476,0.4950587919301342,3,1,0,-1.8941056906833906,-0.35916281472250267,3.0,1,1,0,0
S04802,7,5,36,34,13,0,2020.0,No,0,2022.0,Placed,Russia,8,-0.15034336064550524,0.3325007872622045,1,0,2,-0.11171867306647898,-0.28549519127799955,2.0,0,1,0,0
S03302,8,5,24,19,9,5,2021.0,Yes,1,2023.0,Not Placed,UK,9,-0.8785035087145754,-1.6646404129437942,0,3,0,0.9644395262493923,-0.28549519127799955,2.0,0,0,1,0
S00957,8,0,31,28,5,6,2023.0,No,4,2024.0,Placed,Canada,1,1.5762369817836521,0.7969522291705755,5,3,2,-0.04445878560923697,-0.41441353230587996,1.0,0,1,0,1
S02087,3,8,6,55,11,6,2019.0,Yes,0,2022.0,Not Placed,UK,9,-0.8785035087145754,0.7272845128843202,0,3,0,-1.8941056906833906,-0.8748361788340243,3.0,0,0,1,0
S03185,0,1,49,70,4,4,2022.0,No,4,2025.0,Placed,Finland,1,1.0680747424019361,-0.41062151979119077,0,1,2,0.45999037032007767,-0.28549519127799955,3.0,0,1,0,0
S00733,1,9,9,57,6,1,2019.0,No,2,2021.0,Not Placed,UK,9,-0.8785035087145754,1.0059553780293433,5,1,0,-1.8941056906833906,-0.5617487791948862,2.0,0,0,0,0
S02396,8,4,13,7,9,3,2020.0,Yes,1,2022.0,Placed,Ireland,0,1.197782212451718,1.2149585268881102,0,2,3,0.056431045576625906,-0.28549519127799955,2.0,1,1,1,0
S04456,6,2,34,22,13,2,2021.0,Yes,1,2023.0,Not Placed,UK,9,-0.8785035087145754,-1.339524403607934,3,2,2,0.9644395262493923,-0.28549519127799955,2.0,1,0,1,0
S02555,8,4,18,33,7,1,2019.0,Yes,3,2022.0,Placed,Ireland,10,-0.21772104765677075,0.4253910756438789,1,4,3,0.8971796387921507,-0.28549519127799955,3.0,0,1,1,0
S00270,8,5,32,24,14,2,2020.0,Yes,2,2023.0,Placed,Russia,3,1.3577968247128884,0.19316535468969287,5,3,1,-0.010828841880616107,0.6906008193616664,3.0,1,1,1,0
S04198,0,6,23,71,11,0,2019.0,No,2,2021.0,Not Placed,UK,9,-0.8785035087145754,-0.921518105890399,2,4,3,0.056431045576625906,-0.28549519127799955,2.0,0,0,0,0
S03064,5,0,48,69,0,4,2019.0,No,3,2020.0,Placed,Canada,0,2.0660808508892585,0.5879490803118086,4,4,0,-0.010828841880616107,-0.5249149674726347,1.0,0,1,0,1
S00361,8,7,12,58,8,0,2019.0,Yes,1,2021.0,Placed,UAE,8,1.0002632511430125,-0.38739894769577166,0,1,1,0.5272502577773197,-0.28549519127799955,2.0,0,1,1,0
S01574,9,2,3,42,2,7,2019.0,Yes,2,2021.0,Placed,Germany,2,1.7848968249072141,0.8201748012659946,3,0,1,0.5272502577773197,-0.28549519127799955,2.0,0,1,1,0
S01300,5,8,38,66,4,7,2022.0,Yes,0,2025.0,Not Placed,UK,9,-0.8785035087145754,1.586519680414808,0,4,1,0.09006098930524706,-0.8564192729728985,3.0,0,0,1,0
S02322,3,2,34,44,6,0,2019.0,No,3,2020.0,Placed,Germany,6,1.834804031762793,-1.2466341152262594,3,3,1,0.1573208767624888,-0.08290922680561606,1.0,0,1,0,0
S01898,6,4,13,51,11,2,2022.0,Yes,1,2023.0,Not Placed,UK,9,-0.8785035087145754,-1.362746975703352,0,1,0,0.7962898076062874,-0.28549519127799955,1.0,1,0,1,0
S04972,1,9,28,49,13,2,2022.0,No,1,2024.0,Placed,USA,8,1.609521598603967,0.05382992211718125,2,4,0,-1.8941056906833906,-0.3407459088613769,2.0,1,1,0,0
S04026,4,7,12,58,5,0,2019.0,Yes,4,2021.0,Not Placed,UK,9,-0.8785035087145754,-0.9911858221766553,5,0,1,-0.11171867306647898,-0.28549519127799955,2.0,0,0,1,0
S04618,9,2,20,9,14,2,2022.0,No,4,2023.0,Not Placed,UK,9,-0.8785035087145754,-0.6660698128407949,5,2,1,0.25821070794835194,-0.28549519127799955,1.0,1,0,0,0
S01199,3,5,32,11,9,7,2019.0,No,3,2021.0,Placed,Russia,7,1.7372769495392872,1.2846262431743656,3,0,0,-1.8941056906833906,-0.28549519127799955,2.0,0,1,0,0
S01085,2,7,1,73,8,4,2023.0,No,3,2025.0,Not Placed,UK,9,-0.8785035087145754,-0.6196246686499577,1,1,3,0.2245807642197308,-0.28549519127799955,2.0,0,0,0,0
S04808,2,9,35,5,5,3,2021.0,Yes,0,2023.0,Placed,USA,2,1.9269282792654656,0.05382992211718125,5,3,3,0.19095082049110992,-0.580165685056012,2.0,1,1,1,0
S00258,2,0,31,28,10,6,2020.0,No,1,2022.0,Not Placed,UK,9,-0.8785035087145754,-0.22484094302784197,0,1,3,0.32547059540559364,-0.41441353230587996,2.0,0,0,0,0
S03067,8,9,35,32,10,1,2021.0,No,4,2024.0,Not Placed,UK,9,-0.8785035087145754,-0.3409538035049345,5,2,2,1.0989593011638763,-0.1197430385278676,3.0,0,0,0,0
S00387,7,1,26,23,6,4,2021.0,No,1,2024.0,Placed,Finland,6,0.8415894883746035,0.07705249421259934,0,4,2,0.056431045576625906,-0.28549519127799955,3.0,0,1,0,0
S03798,9,2,34,44,10,5,2023.0,No,0,2025.0,Placed,Germany,1,1.7829447057927525,-0.7589601012224693,5,2,1,0.12369093303386793,-0.08290922680561606,2.0,0,1,0,0
S02192,4,8,6,55,5,4,2019.0,No,3,2021.0,Not Placed,UK,9,-0.8785035087145754,1.2614036710789476,2,2,2,0.32547059540559364,-0.8748361788340243,2.0,0,0,0,0
S01847,5,2,3,42,3,3,2023.0,No,2,2024.0,Not Placed,UK,9,-0.8785035087145754,1.2381810989835285,1,4,0,-0.178978560523721,-0.28549519127799955,1.0,1,0,0,0
S03339,6,8,15,60,12,6,2020.0,Yes,3,2023.0,Placed,UK,0,1.8696858369494855,-0.6660698128407949,1,1,0,0.7626598638776666,-0.5064980616115089,3.0,0,1,1,0
S00762,5,9,9,57,2,2,2020.0,Yes,2,2023.0,Not Placed,UK,9,-0.8785035087145754,-1.362746975703352,1,4,0,-0.178978560523721,-0.5617487791948862,3.0,1,0,1,0
S04640,7,0,50,39,9,6,2021.0,No,2,2023.0,Placed,Canada,0,1.7922517787425087,0.3325007872622045,4,0,1,1.0653293574352556,-0.28549519127799955,2.0,0,1,0,1
S02457,1,2,45,68,3,7,2021.0,Yes,3,2022.0,Placed,Germany,0,0.7099890543350407,-1.5253049803712826,5,2,0,0.2245807642197308,4.8344046381149655,1.0,0,1,1,0
S00991,1,5,32,30,11,5,2023.0,Yes,0,2025.0,Not Placed,UK,9,-0.8785035087145754,-0.5731795244591205,0,3,3,1.0653293574352556,-0.28549519127799955,2.0,0,0,1,0
S01921,8,1,17,1,7,5,2021.0,Yes,4,2022.0,Placed,Finland,4,1.6595668340838008,-0.06228293835991124,1,0,0,0.6281400889631826,0.8747698779729242,1.0,0,1,1,0
S01420,7,8,38,66,6,6,2021.0,Yes,0,2024.0,Placed,UK,1,1.456960532052559,1.2381810989835285,5,4,3,0.42636042659145684,-0.8564192729728985,3.0,0,1,1,0
S00306,6,1,17,1,1,3,2022.0,No,3,2023.0,Placed,Finland,3,0.04676151479043565,-1.7343081292300495,3,4,0,-1.8941056906833906,0.8747698779729242,1.0,1,1,0,0
S04930,9,2,34,44,3,0,2023.0,Yes,4,2025.0,Not Placed,UK,9,-0.8785035087145754,-1.2001889710354223,5,4,3,0.3927304828628357,-0.08290922680561606,2.0,0,0,1,0
S04429,1,7,12,58,0,6,2019.0,Yes,3,2020.0,Not Placed,UK,9,-0.8785035087145754,1.0291779501247615,2,3,1,0.8299197513349084,-0.28549519127799955,1.0,0,0,1,0
S01106,3,7,43,2,2,6,2022.0,Yes,4,2025.0,Not Placed,UK,9,-0.8785035087145754,-1.1072986826537479,3,1,1,0.9980694699780132,-0.28549519127799955,3.0,0,0,1,0
S01147,2,3,11,6,5,6,2022.0,Yes,3,2023.0,Not Placed,UK,9,-0.8785035087145754,-0.9911858221766553,4,0,2,-0.010828841880616107,-0.28549519127799955,1.0,0,0,1,0
S02137,4,3,11,18,10,3,2019.0,Yes,3,2022.0,Placed,India,0,2.0329934178178792,0.704061940788901,2,4,0,0.3591005391342148,-0.28549519127799955,3.0,1,1,1,0
S00858,7,4,10,50,3,6,2021.0,No,0,2024.0,Not Placed,UK,9,-0.8785035087145754,0.7969522291705755,5,0,1,0.32547059540559364,-0.28549519127799955,3.0,0,0,0,0
S02074,6,8,27,17,12,6,2020.0,No,3,2022.0,Placed,UK,8,1.518856510843417,1.7026325408919005,5,1,2,0.9644395262493923,-0.8011685553895213,2.0,0,1,0,0
S03744,8,5,36,34,14,0,2020.0,Yes,0,2022.0,Not Placed,UK,9,-0.8785035087145754,-1.57175012456212,1,2,1,-0.178978560523721,-0.28549519127799955,2.0,0,0,1,0
S00928,0,2,34,22,13,6,2020.0,No,2,2023.0,Placed,Germany,6,-0.16406734957141708,-0.6660698128407949,5,0,0,-1.8941056906833906,-0.28549519127799955,3.0,0,1,0,0
S01803,1,6,19,37,9,2,2022.0,Yes,1,2023.0,Not Placed,UK,9,-0.8785035087145754,-1.1769663989400032,3,0,0,-1.8941056906833906,-0.28549519127799955,1.0,1,0,1,0
S02962,0,9,35,5,10,3,2021.0,No,1,2023.0,Placed,USA,9,1.263681021345967,-0.38739894769577166,2,2,3,0.5608802015059405,-0.580165685056012,2.0,1,1,0,0
S01120,4,8,38,66,9,2,2019.0,No,1,2022.0,Not Placed,UK,9,-0.8785035087145754,-0.01583779416907404,3,4,0,-0.07808872933785782,-0.8564192729728985,3.0,1,0,0,0
S03308,4,7,12,26,1,7,2020.0,Yes,1,2021.0,Not Placed,UK,9,-0.8785035087145754,-1.2930792594170966,2,2,0,-0.07808872933785782,-0.28549519127799955,1.0,0,0,1,0
S01424,6,9,35,5,6,6,2020.0,Yes,1,2021.0,Placed,USA,7,1.9219395304173972,1.6794099687964823,4,0,1,0.7290299201490454,-0.580165685056012,1.0,0,1,1,0
S04038,4,8,27,17,11,6,2019.0,Yes,4,2022.0,Placed,UK,12,1.6173695118116005,-0.8518503896041437,1,3,1,-0.21260850425234185,-0.8011685553895213,3.0,0,1,1,0
S01697,7,5,41,38,5,7,2022.0,Yes,2,2024.0,Placed,Russia,3,0.6719325907904863,1.5400745362239707,0,0,3,0.8299197513349084,-0.28549519127799955,2.0,0,1,1,0
S04387,9,1,49,70,8,3,2019.0,No,1,2021.0,Placed,Finland,11,1.0350661828301309,1.4007391036514591,4,0,3,0.7626598638776666,-0.28549519127799955,2.0,1,1,0,0
S02581,4,9,42,40,3,0,2022.0,No,4,2025.0,Not Placed,UK,9,-0.8785035087145754,1.0988456664110178,5,4,2,-0.178978560523721,-0.819585461250647,3.0,0,0,0,0
S03728,4,7,12,58,9,6,2023.0,Yes,3,2025.0,Not Placed,UK,9,-0.8785035087145754,-0.8286278175087246,3,2,1,0.32547059540559364,-0.28549519127799955,2.0,0,0,1,0
S03598,8,7,12,29,6,2,2019.0,No,2,2021.0,Not Placed,UK,9,-0.8785035087145754,1.4471842478422963,2,4,1,0.3927304828628357,-0.28549519127799955,2.0,1,0,0,0
S02395,1,9,5,8,10,5,2020.0,Yes,1,2021.0,Placed,USA,9,0.27370029144032,1.586519680414808,4,3,0,0.6953999764204246,-0.8380023671117728,1.0,0,1,1,0
S04480,0,5,36,34,14,2,2021.0,Yes,0,2022.0,Not Placed,UK,9,-0.8785035087145754,0.5647265082163905,3,2,1,0.19095082049110992,-0.28549519127799955,1.0,1,0,1,0
S02519,5,8,15,60,0,2,2022.0,No,3,2023.0,Placed,UK,8,1.4578084221729817,-0.20161837093242285,5,1,0,0.1573208767624888,-0.5064980616115089,1.0,1,1,0,0
S00700,1,2,34,44,0,0,2019.0,No,0,2022.0,Not Placed,UK,9,-0.8785035087145754,1.6329648246056452,0,3,3,0.5945101452345617,-0.08290922680561606,3.0,0,0,0,0
S04006,1,8,6,55,5,2,2023.0,Yes,2,2026.0,Placed,UK,3,2.047368113115278,1.5168519641285516,1,3,0,0.6617700326918035,-0.8748361788340243,3.0,1,1,1,0
S01517,6,3,39,3,4,4,2021.0,Yes,4,2023.0,Not Placed,UK,9,-0.8785035087145754,-1.7110855571346315,2,2,1,1.031699413706634,-0.28549519127799955,2.0,0,0,1,0
S04072,2,7,12,58,13,1,2019.0,Yes,2,2021.0,Not Placed,UK,9,-0.8785035087145754,-0.6196246686499577,3,1,3,0.7626598638776666,-0.28549519127799955,2.0,0,0,1,0
S01269,8,0,27,72,6,5,2020.0,Yes,3,2023.0,Not Placed,UK,9,-0.8785035087145754,1.1917359547926911,3,0,1,0.02280110184800505,1.611446112417955,3.0,0,0,1,0
S01557,4,7,12,29,2,2,2022.0,Yes,3,2023.0,Placed,UAE,12,-0.03479368376929339,1.2614036710789476,0,4,0,0.5945101452345617,-0.28549519127799955,1.0,1,1,1,0
S00243,2,9,42,40,0,6,2023.0,Yes,2,2024.0,Not Placed,UK,9,-0.8785035087145754,-0.8054052454133065,5,2,2,1.031699413706634,-0.819585461250647,1.0,0,0,1,0
S01792,6,2,3,12,13,2,2023.0,No,1,2025.0,Not Placed,UK,9,-0.8785035087145754,1.6329648246056452,2,2,1,0.09006098930524706,-0.28549519127799955,2.0,1,0,0,0
S01102,7,8,27,21,6,1,2021.0,Yes,3,2022.0,Not Placed,UK,9,-0.8785035087145754,-0.48028923607744606,4,2,3,0.9644395262493923,-0.35916281472250267,1.0,0,0,1,0
S00469,8,9,42,47,5,3,2023.0,Yes,0,2024.0,Not Placed,UK,9,-0.8785035087145754,0.8898425175522499,5,1,2,0.9644395262493923,-0.7275009319450181,1.0,1,0,1,0
S01951,8,2,0,36,10,5,2022.0,No,4,2025.0,Placed,Germany,6,-0.07710931629085493,-1.2930792594170966,5,3,1,0.3927304828628357,1.040522030723056,3.0,0,1,0,0
S00432,2,3,47,31,8,3,2020.0,Yes,2,2023.0,Not Placed,UK,9,-0.8785035087145754,1.4936293920331336,0,2,0,-1.8941056906833906,-0.28549519127799955,3.0,1,0,1,0
S02663,6,3,2,13,7,5,2022.0,Yes,3,2024.0,Placed,India,7,1.0673057257810876,1.6794099687964823,5,2,2,0.5608802015059405,0.5800993841949118,2.0,0,1,1,0
S02484,0,2,20,9,4,6,2023.0,No,4,2024.0,Placed,Germany,5,0.7281891143617887,-0.6660698128407949,1,1,3,0.19095082049110992,-0.28549519127799955,1.0,0,1,0,0
S04965,9,0,37,65,3,2,2022.0,Yes,0,2025.0,Not Placed,UK,9,-0.8785035087145754,-1.5020824082758635,1,4,2,0.056431045576625906,-0.28549519127799955,3.0,1,0,1,0
S04391,9,5,41,38,10,3,2022.0,No,3,2025.0,Not Placed,UK,9,-0.8785035087145754,1.37751653155604,4,0,0,0.42636042659145684,-0.28549519127799955,3.0,1,0,0,0
S04508,5,4,13,46,11,1,2023.0,No,0,2026.0,Not Placed,UK,9,-0.8785035087145754,-0.20161837093242285,1,3,0,-1.8941056906833906,1.279941806917691,3.0,0,0,0,0
S01060,5,2,3,12,13,1,2020.0,Yes,3,2021.0,Not Placed,UK,9,-0.8785035087145754,1.354293959460622,3,4,0,0.9644395262493923,-0.28549519127799955,1.0,0,0,1,0
S03531,4,3,11,18,9,1,2023.0,Yes,3,2026.0,Not Placed,UK,9,-0.8785035087145754,-0.15517322674158565,4,3,0,1.0989593011638763,-0.28549519127799955,3.0,0,0,1,0
S04569,0,4,30,27,14,5,2022.0,Yes,4,2024.0,Placed,Ireland,0,1.5156621341106618,1.4239616757468772,3,1,0,-1.8941056906833906,-0.28549519127799955,2.0,0,1,1,0
S02420,6,7,12,58,5,3,2021.0,Yes,3,2024.0,Not Placed,UK,9,-0.8785035087145754,-0.8518503896041437,4,3,2,1.0989593011638763,-0.28549519127799955,3.0,1,0,1,0
S00977,1,3,11,6,0,2,2021.0,Yes,3,2024.0,Placed,India,8,1.2870867323446127,1.1685133826972731,0,3,2,0.12369093303386793,-0.28549519127799955,3.0,1,1,1,0
S03441,8,4,30,27,11,6,2022.0,Yes,0,2024.0,Not Placed,UK,9,-0.8785035087145754,0.8433973733614127,5,3,3,0.3591005391342148,-0.28549519127799955,2.0,0,0,1,0
S04067,9,4,13,51,14,6,2019.0,No,2,2020.0,Placed,Ireland,8,-0.05198810667647031,0.4718362198347161,3,1,2,0.32547059540559364,-0.28549519127799955,1.0,0,1,0,0
S03622,5,1,26,23,13,2,2021.0,Yes,2,2024.0,Not Placed,UK,9,-0.8785035087145754,1.7026325408919005,3,1,1,0.02280110184800505,-0.28549519127799955,3.0,1,0,1,0
S04537,1,5,32,30,5,3,2021.0,No,2,2022.0,Placed,Russia,10,0.1276660069786775,-0.15517322674158565,0,1,0,1.0989593011638763,-0.28549519127799955,1.0,1,1,0,0
S03567,9,3,47,31,7,5,2023.0,No,0,2024.0,Placed,India,9,0.27642142717563006,-0.31773123140951637,5,2,1,0.7626598638776666,-0.28549519127799955,1.0,0,1,0,0
S04162,8,7,1,73,3,4,2023.0,No,1,2024.0,Placed,UAE,3,0.1510914363522167,-0.7821826733178874,5,0,1,0.6953999764204246,-0.28549519127799955,1.0,0,1,0,0
S01662,1,2,20,9,14,6,2021.0,No,4,2023.0,Placed,Germany,3,0.3071229368848898,-0.7589601012224693,4,1,1,1.031699413706634,-0.28549519127799955,2.0,0,1,0,0
S04683,3,4,13,45,5,2,2021.0,No,3,2024.0,Not Placed,UK,9,-0.8785035087145754,1.5168519641285516,0,4,1,-0.11171867306647898,-0.28549519127799955,3.0,1,0,0,0
S02905,2,3,2,13,11,3,2021.0,Yes,3,2024.0,Placed,India,11,1.2959008459220303,1.2381810989835285,5,0,3,1.0653293574352556,0.5800993841949118,3.0,1,1,1,0
S01110,2,7,12,29,7,2,2023.0,Yes,2,2024.0,Placed,UAE,4,0.7560708964612706,0.5415039361209714,3,1,1,0.49362031404869855,-0.28549519127799955,1.0,1,1,1,0
S00538,4,3,2,13,13,3,2020.0,No,2,2022.0,Not Placed,UK,9,-0.8785035087145754,-0.13195065464616756,0,1,2,0.9644395262493923,0.5800993841949118,2.0,1,0,0,0
S02705,6,8,38,66,11,4,2021.0,No,4,2024.0,Not Placed,UK,9,-0.8785035087145754,-1.0840761105583296,1,2,1,1.0989593011638763,-0.8564192729728985,3.0,0,0,0,0
S00282,1,4,13,7,12,1,2023.0,No,2,2026.0,Not Placed,UK,9,-0.8785035087145754,-0.3409538035049345,5,1,0,-1.8941056906833906,-0.28549519127799955,3.0,0,0,0,0
S02030,0,4,18,33,0,3,2023.0,No,0,2024.0,Placed,Ireland,4,1.2607035467370409,0.7737296570751574,1,2,1,0.1573208767624888,-0.28549519127799955,1.0,1,1,0,0
S03986,1,4,18,33,9,4,2019.0,No,0,2020.0,Placed,Ireland,0,-0.009356980156611945,-0.9447406779858181,4,3,0,-0.178978560523721,-0.28549519127799955,1.0,0,1,0,0
S03720,1,7,12,58,7,0,2021.0,No,4,2024.0,Placed,UAE,7,-0.2052590347240462,-0.7125149570316321,3,1,3,-0.07808872933785782,-0.28549519127799955,3.0,0,1,0,0
S02375,9,5,32,30,6,2,2019.0,Yes,1,2021.0,Not Placed,UK,9,-0.8785035087145754,0.9362876617430871,5,2,3,0.5272502577773197,-0.28549519127799955,2.0,1,0,1,0
S00015,4,7,12,26,12,2,2020.0,Yes,0,2021.0,Not Placed,UK,9,-0.8785035087145754,-0.5731795244591205,4,3,0,0.8299197513349084,-0.28549519127799955,1.0,1,0,1,0
S00155,2,7,43,2,14,0,2020.0,No,3,2021.0,Not Placed,UK,9,-0.8785035087145754,-0.15517322674158565,0,4,1,0.9644395262493923,-0.28549519127799955,1.0,0,0,0,0
S02018,3,8,6,55,1,7,2022.0,Yes,0,2023.0,Placed,UK,12,0.9199897469513643,0.007384777926344049,3,0,3,0.7962898076062874,-0.8748361788340243,1.0,0,1,1,0
S03001,0,2,20,9,11,1,2023.0,Yes,0,2024.0,Placed,Germany,3,0.01487690258756286,1.0059553780293433,5,4,2,0.8635496950635292,-0.28549519127799955,1.0,0,1,1,0
S03880,1,4,18,33,13,1,2019.0,No,4,2020.0,Not Placed,UK,9,-0.8785035087145754,0.7505070849797383,4,0,0,-1.8941056906833906,-0.28549519127799955,1.0,0,0,0,0
S00852,5,8,6,55,9,3,2019.0,Yes,0,2022.0,Not Placed,UK,9,-0.8785035087145754,0.9827328059339243,2,0,0,-0.07808872933785782,-0.8748361788340243,3.0,1,0,1,0
S04183,0,2,0,36,3,4,2019.0,Yes,2,2020.0,Not Placed,UK,9,-0.8785035087145754,1.0756230943155987,1,1,2,0.6953999764204246,1.040522030723056,1.0,0,0,1,0
S01143,4,5,36,34,2,3,2023.0,No,3,2026.0,Placed,Russia,2,1.5152874849876843,0.5879490803118086,3,0,1,0.6953999764204246,-0.28549519127799955,3.0,1,1,0,0
S03550,7,4,13,46,3,2,2019.0,No,3,2022.0,Placed,Ireland,9,1.6464738331544826,-0.7589601012224693,5,0,0,-1.8941056906833906,1.279941806917691,3.0,1,1,0,0
S04655,4,5,32,11,1,7,2023.0,Yes,2,2025.0,Not Placed,UK,9,-0.8785035087145754,1.0756230943155987,4,2,1,0.6617700326918035,-0.28549519127799955,2.0,0,0,1,0
S03958,5,0,31,28,2,3,2023.0,No,4,2026.0,Placed,Canada,8,1.6043553843818565,-1.1769663989400032,3,0,2,0.19095082049110992,-0.41441353230587996,3.0,1,1,0,1
S01588,8,1,22,59,10,7,2020.0,Yes,1,2021.0,Not Placed,UK,9,-0.8785035087145754,-0.15517322674158565,4,3,2,1.031699413706634,-0.28549519127799955,1.0,0,0,1,0
S02236,2,3,2,13,6,0,2021.0,No,3,2024.0,Not Placed,UK,9,-0.8785035087145754,-0.22484094302784197,3,3,2,-0.04445878560923697,0.5800993841949118,3.0,0,0,0,0
S02906,2,1,21,61,9,4,2021.0,Yes,4,2022.0,Placed,Finland,5,0.6425522121990945,-1.5020824082758635,1,1,1,0.9308095825207715,0.966854407278553,1.0,0,1,1,0
S04669,1,4,10,50,10,3,2022.0,No,0,2025.0,Placed,Ireland,12,1.978748168485719,0.3092782151667854,4,0,2,1.0989593011638763,-0.28549519127799955,3.0,1,1,0,0
S01430,9,3,8,16,12,6,2022.0,Yes,2,2025.0,Placed,India,9,1.5664566678364504,0.704061940788901,5,0,1,0.5945101452345617,-0.28549519127799955,3.0,0,1,1,0
S02964,2,0,16,52,3,7,2023.0,Yes,2,2024.0,Not Placed,UK,9,-0.8785035087145754,0.19316535468969287,0,1,3,0.02280110184800505,1.114189654167559,1.0,0,0,1,0
S00311,5,4,13,7,3,6,2022.0,No,3,2024.0,Placed,Ireland,12,0.8421416028716229,-1.1072986826537479,3,2,0,0.9308095825207715,-0.28549519127799955,2.0,0,1,0,0
S01228,4,5,32,30,3,2,2020.0,Yes,2,2021.0,Not Placed,UK,9,-0.8785035087145754,0.8666199454568319,1,4,0,0.1573208767624888,-0.28549519127799955,1.0,1,0,1,0
S02437,9,3,47,31,13,6,2020.0,Yes,4,2022.0,Placed,India,0,0.7184876739141614,1.2381810989835285,4,0,0,0.5272502577773197,-0.28549519127799955,2.0,0,1,1,0
S03973,6,1,49,0,5,0,2019.0,Yes,2,2021.0,Placed,Finland,6,0.09937013900643107,0.44861364773929696,3,1,2,-0.04445878560923697,-0.28549519127799955,2.0,0,1,1,0
S00698,5,2,20,9,6,5,2020.0,Yes,4,2021.0,Placed,Germany,5,1.743882605128627,-1.130521254749167,3,1,0,0.3927304828628357,-0.28549519127799955,1.0,0,1,1,0
S02421,6,7,12,29,5,3,2022.0,No,0,2025.0,Not Placed,UK,9,-0.8785035087145754,-0.5499569523637023,5,2,2,0.25821070794835194,-0.28549519127799955,3.0,1,0,0,0
S02601,0,7,12,10,14,7,2023.0,Yes,2,2025.0,Not Placed,UK,9,-0.8785035087145754,-1.2698566873216774,2,1,2,-0.11171867306647898,-0.28549519127799955,2.0,0,0,1,0
S00100,8,3,33,14,2,3,2023.0,No,0,2025.0,Not Placed,UK,9,-0.8785035087145754,0.6343942245026458,5,1,0,0.32547059540559364,-0.08290922680561606,2.0,1,0,0,0
S02045,2,7,1,20,9,7,2020.0,Yes,1,2023.0,Not Placed,UK,9,-0.8785035087145754,-0.9447406779858181,1,4,0,-1.8941056906833906,-0.28549519127799955,3.0,0,0,1,0
S01582,1,3,11,15,10,4,2022.0,Yes,1,2025.0,Placed,India,7,0.2809369350262534,0.6576167965980638,4,2,1,0.6617700326918035,2.348122346862986,3.0,0,1,1,0
S01360,6,3,47,31,1,3,2020.0,Yes,4,2022.0,Placed,India,8,0.5622984263823398,0.44861364773929696,1,0,0,0.2918406516769728,-0.28549519127799955,2.0,1,1,1,0
S01034,4,7,1,20,14,5,2021.0,No,1,2024.0,Not Placed,UK,9,-0.8785035087145754,-1.2930792594170966,3,3,0,0.02280110184800505,-0.28549519127799955,3.0,0,0,0,0
S01358,6,8,27,48,6,0,2019.0,Yes,0,2020.0,Not Placed,UK,9,-0.8785035087145754,1.2149585268881102,3,3,1,0.7962898076062874,-0.7459178378061438,1.0,0,0,1,0
S02943,4,6,40,67,4,6,2022.0,No,1,2025.0,Not Placed,UK,9,-0.8785035087145754,0.3092782151667854,2,1,0,-1.8941056906833906,-0.28549519127799955,3.0,0,0,0,0
S03434,3,7,43,2,4,1,2019.0,No,0,2021.0,Not Placed,UK,9,-0.8785035087145754,0.6111716524072267,4,4,3,0.6281400889631826,-0.28549519127799955,2.0,0,0,0,0
S03354,2,6,14,63,1,7,2022.0,Yes,3,2025.0,Not Placed,UK,9,-0.8785035087145754,1.0059553780293433,1,4,2,0.09006098930524706,-0.28549519127799955,3.0,0,0,1,0
S00454,6,3,2,13,3,6,2022.0,No,1,2023.0,Not Placed,UK,9,-0.8785035087145754,0.4253910756438789,5,3,1,0.6617700326918035,0.5800993841949118,1.0,0,0,0,0
S02801,0,8,6,55,11,4,2019.0,Yes,1,2020.0,Not Placed,UK,9,-0.8785035087145754,0.7737296570751574,2,2,1,0.42636042659145684,-0.8748361788340243,1.0,0,0,1,0
S00655,2,9,28,49,13,6,2022.0,No,4,2025.0,Placed,USA,3,0.4965376461123456,0.9595102338385062,4,4,0,-1.8941056906833906,-0.3407459088613769,3.0,0,1,0,0
S02512,3,2,34,22,14,4,2022.0,Yes,2,2025.0,Not Placed,UK,9,-0.8785035087145754,-0.38739894769577166,2,2,1,0.19095082049110992,-0.28549519127799955,3.0,0,0,1,0
S00661,4,5,32,4,1,4,2020.0,No,0,2023.0,Placed,Russia,6,0.8479190867154335,-1.0840761105583296,1,0,2,0.5608802015059405,-0.28549519127799955,3.0,0,1,0,0
S04956,7,5,24,19,3,4,2019.0,Yes,4,2022.0,Not Placed,UK,9,-0.8785035087145754,-0.8286278175087246,4,3,2,0.8299197513349084,-0.28549519127799955,3.0,0,0,1,0
S02652,2,4,13,46,13,5,2022.0,Yes,3,2025.0,Not Placed,UK,9,-0.8785035087145754,0.4950587919301342,0,4,0,-0.178978560523721,1.279941806917691,3.0,0,0,1,0
S03414,4,2,34,44,1,4,2019.0,No,1,2021.0,Not Placed,UK,9,-0.8785035087145754,-0.7821826733178874,2,2,0,-1.8941056906833906,-0.08290922680561606,2.0,0,0,0,0
S01964,6,4,13,7,11,3,2019.0,Yes,4,2020.0,Not Placed,UK,9,-0.8785035087145754,-1.6646404129437942,5,4,1,1.0653293574352556,-0.28549519127799955,1.0,1,0,1,0
S02284,5,0,37,65,1,0,2020.0,Yes,2,2022.0,Not Placed,UK,9,-0.8785035087145754,-0.7589601012224693,4,0,0,0.6953999764204246,-0.28549519127799955,2.0,0,0,1,0
S04588,6,8,15,60,0,6,2023.0,Yes,4,2026.0,Not Placed,UK,9,-0.8785035087145754,1.6561873967010632,3,1,3,-0.14534861679509983,-0.5064980616115089,3.0,0,0,1,0
S03772,1,4,30,27,10,0,2019.0,Yes,4,2020.0,Not Placed,UK,9,-0.8785035087145754,-0.8518503896041437,3,4,2,-0.04445878560923697,-0.28549519127799955,1.0,0,0,1,0
S03736,5,7,1,73,0,3,2023.0,Yes,2,2025.0,Not Placed,UK,9,-0.8785035087145754,0.6111716524072267,3,2,3,0.7962898076062874,-0.28549519127799955,2.0,1,0,1,0
S03506,2,0,27,72,12,4,2021.0,No,1,2024.0,Placed,Canada,11,1.0821142253261447,0.6576167965980638,2,1,1,0.2918406516769728,1.611446112417955,3.0,0,1,0,1
S01217,5,6,19,37,0,1,2019.0,Yes,3,2021.0,Placed,South Africa,7,1.9663453106776752,-0.2712860872186792,2,3,3,0.02280110184800505,-0.28549519127799955,2.0,0,1,1,0
S03092,0,9,5,8,10,7,2021.0,Yes,0,2023.0,Placed,USA,5,-0.1486475804046598,-0.5267343802682832,5,1,3,1.0653293574352556,-0.8380023671117728,2.0,0,1,1,0
S03245,2,6,44,41,10,4,2020.0,Yes,4,2021.0,Placed,South Africa,2,0.6677720136879469,0.14672021049885567,0,2,1,0.9308095825207715,-0.28549519127799955,1.0,0,1,1,0
S01854,0,6,44,41,8,3,2022.0,No,1,2025.0,Placed,South Africa,6,-0.24286197564604892,-1.0144083942720734,1,2,0,-1.8941056906833906,-0.28549519127799955,3.0,1,1,0,0
S00569,1,2,3,12,3,5,2019.0,Yes,4,2021.0,Not Placed,UK,9,-0.8785035087145754,-0.9447406779858181,0,3,0,0.5608802015059405,-0.28549519127799955,2.0,0,0,1,0
S03012,5,9,28,49,14,5,2019.0,No,2,2021.0,Not Placed,UK,9,-0.8785035087145754,-0.31773123140951637,3,1,1,0.3927304828628357,-0.3407459088613769,2.0,0,0,0,0
S00289,7,0,31,28,14,2,2021.0,Yes,3,2022.0,Not Placed,UK,9,-0.8785035087145754,-1.2001889710354223,0,3,3,0.3591005391342148,-0.41441353230587996,1.0,1,0,1,0
S04248,2,7,12,26,13,4,2020.0,No,1,2023.0,Not Placed,UK,9,-0.8785035087145754,0.4718362198347161,1,1,1,0.5945101452345617,-0.28549519127799955,3.0,0,0,0,0
S02532,2,8,29,64,4,2,2019.0,No,1,2022.0,Placed,UK,8,0.1748717964738398,0.7737296570751574,4,3,3,0.2918406516769728,-0.41441353230587996,3.0,1,1,0,0
S03600,2,8,38,66,12,2,2022.0,Yes,1,2023.0,Placed,UK,0,0.5299405731820218,-1.339524403607934,4,3,0,0.9308095825207715,-0.8564192729728985,1.0,1,1,1,0
S03327,4,8,4,53,11,6,2020.0,No,1,2021.0,Placed,UK,5,2.0562019450675892,-0.20161837093242285,0,3,1,0.9980694699780132,0.6353501017782891,1.0,0,1,0,0
S01334,0,4,10,50,8,0,2023.0,Yes,4,2026.0,Not Placed,UK,9,-0.8785035087145754,0.9362876617430871,2,1,3,0.7626598638776666,-0.28549519127799955,3.0,0,0,1,0
S01559,9,1,22,59,4,4,2020.0,Yes,2,2023.0,Not Placed,UK,9,-0.8785035087145754,-1.2001889710354223,2,3,1,0.2918406516769728,-0.28549519127799955,3.0,0,0,1,0
S04771,2,8,29,64,6,7,2020.0,Yes,4,2021.0,Placed,UK,12,-0.13644190634555142,0.9827328059339243,5,0,1,0.3591005391342148,-0.41441353230587996,1.0,0,1,1,0
S02391,9,5,32,4,7,1,2021.0,No,0,2023.0,Placed,Russia,1,1.9680805276683075,-0.4338440918866089,0,4,2,1.031699413706634,-0.28549519127799955,2.0,0,1,0,0
S03836,3,1,46,43,1,1,2021.0,Yes,1,2024.0,Not Placed,UK,9,-0.8785035087145754,-0.5499569523637023,0,0,0,-1.8941056906833906,-0.28549519127799955,3.0,0,0,1,0
S04531,7,8,29,64,14,3,2023.0,No,3,2026.0,Placed,UK,10,0.46536289540564063,-1.409192119894189,0,2,2,-0.14534861679509983,-0.41441353230587996,3.0,1,1,0,0
S00597,9,5,32,11,1,4,2022.0,No,2,2025.0,Placed,Russia,12,1.1204664644941025,0.07705249421259934,2,2,2,0.3927304828628357,-0.28549519127799955,3.0,0,1,0,0
S00826,9,6,14,63,12,4,2022.0,Yes,3,2024.0,Not Placed,UK,9,-0.8785035087145754,-0.6196246686499577,2,2,1,0.5608802015059405,-0.28549519127799955,2.0,0,0,1,0
S04919,5,8,27,17,10,5,2023.0,No,3,2025.0,Placed,UK,5,1.0616859889364254,-0.7589601012224693,0,4,1,0.6953999764204246,-0.8011685553895213,2.0,0,1,0,0
S00601,4,8,15,60,11,7,2021.0,No,4,2022.0,Placed,UK,12,0.6593917043581875,-0.5731795244591205,3,2,0,-1.8941056906833906,-0.5064980616115089,1.0,0,1,0,0
S02791,4,1,21,61,2,7,2021.0,No,3,2022.0,Not Placed,UK,9,-0.8785035087145754,-0.9911858221766553,1,4,0,0.45999037032007767,0.966854407278553,1.0,0,0,0,0
S00381,0,4,13,51,11,5,2021.0,No,4,2024.0,Placed,Ireland,12,1.456349262430859,-0.8054052454133065,4,2,3,0.7626598638776666,-0.28549519127799955,3.0,0,1,0,0
S00346,9,7,12,58,0,7,2019.0,Yes,3,2021.0,Not Placed,UK,9,-0.8785035087145754,0.12349763840343654,2,4,3,0.6281400889631826,-0.28549519127799955,2.0,0,0,1,0
S00319,6,3,11,6,8,2,2022.0,No,4,2025.0,Not Placed,UK,9,-0.8785035087145754,-1.130521254749167,5,4,0,0.5608802015059405,-0.28549519127799955,3.0,1,0,0,0
S03791,8,7,12,26,8,3,2023.0,Yes,0,2024.0,Not Placed,UK,9,-0.8785035087145754,-0.10872808255074845,2,2,0,0.7290299201490454,-0.28549519127799955,1.0,1,0,1,0
S00916,4,5,32,30,9,1,2021.0,No,2,2022.0,Placed,Russia,3,0.43136841708915785,0.19316535468969287,1,2,0,1.0653293574352556,-0.28549519127799955,1.0,0,1,0,0
S01261,2,6,14,63,7,6,2019.0,No,2,2020.0,Placed,South Africa,6,1.8459646319525431,0.8666199454568319,4,1,1,0.19095082049110992,-0.28549519127799955,1.0,0,1,0,0
S00715,6,9,5,25,12,3,2022.0,Yes,3,2023.0,Not Placed,UK,9,-0.8785035087145754,1.354293959460622,0,0,1,0.2918406516769728,-0.8932530846951501,1.0,1,0,1,0
S01883,1,6,23,62,12,7,2019.0,Yes,0,2022.0,Placed,South Africa,9,1.2795345947603824,1.7490776850827376,3,1,1,0.02280110184800505,-0.28549519127799955,3.0,0,1,1,0
S01252,4,7,1,73,1,7,2021.0,Yes,4,2023.0,Placed,UAE,12,0.6058168797724081,-0.7821826733178874,4,1,1,-0.07808872933785782,-0.28549519127799955,2.0,0,1,1,0
S02959,8,3,8,16,6,4,2021.0,Yes,4,2024.0,Placed,India,3,1.3635348718069118,0.10027506630801845,3,0,3,0.25821070794835194,-0.28549519127799955,3.0,0,1,1,0
S00376,5,8,29,64,13,2,2021.0,Yes,4,2022.0,Not Placed,UK,9,-0.8785035087145754,1.5400745362239707,3,4,1,-0.14534861679509983,-0.41441353230587996,1.0,1,0,1,0
S01462,7,5,32,4,8,4,2022.0,Yes,0,2023.0,Placed,Russia,0,-0.1826420587211426,-0.9911858221766553,3,0,3,0.5272502577773197,-0.28549519127799955,1.0,0,1,1,0
S01064,2,9,5,8,2,5,2019.0,Yes,1,2022.0,Placed,USA,6,0.31376802922401664,-1.130521254749167,4,4,1,0.19095082049110992,-0.8380023671117728,3.0,0,1,1,0
S04596,2,6,40,67,11,2,2022.0,No,1,2024.0,Not Placed,UK,9,-0.8785035087145754,-0.5267343802682832,2,4,0,0.1573208767624888,-0.28549519127799955,2.0,1,0,0,0
S01808,7,2,34,44,14,4,2021.0,Yes,0,2023.0,Not Placed,UK,9,-0.8785035087145754,-1.4324146919896081,3,0,3,0.6617700326918035,-0.08290922680561606,2.0,0,0,1,0
S00877,3,5,41,38,9,6,2020.0,Yes,0,2022.0,Not Placed,UK,9,-0.8785035087145754,1.6794099687964823,2,0,0,-1.8941056906833906,-0.28549519127799955,2.0,0,0,1,0
S00214,1,4,13,51,7,6,2019.0,Yes,2,2021.0,Placed,Ireland,4,-0.279262095699545,0.23961049888053007,5,0,0,-1.8941056906833906,-0.28549519127799955,2.0,0,1,1,0
S00260,6,5,32,4,0,0,2021.0,Yes,0,2023.0,Not Placed,UK,9,-0.8785035087145754,1.4704068199377145,3,3,1,0.49362031404869855,-0.28549519127799955,2.0,0,0,1,0
S02031,5,9,35,5,12,6,2023.0,No,3,2026.0,Not Placed,UK,9,-0.8785035087145754,-1.5485275524667008,4,2,2,1.0989593011638763,-0.580165685056012,3.0,0,0,0,0
S04425,2,7,12,10,4,5,2022.0,Yes,0,2024.0,Not Placed,UK,9,-0.8785035087145754,1.4007391036514591,1,2,2,0.02280110184800505,-0.28549519127799955,2.0,0,0,1,0
S02328,9,4,13,51,1,3,2021.0,Yes,3,2024.0,Placed,Ireland,2,1.839457568237671,-0.3409538035049345,3,4,1,0.8971796387921507,-0.28549519127799955,3.0,1,1,1,0
S04835,9,2,0,36,4,1,2023.0,Yes,2,2024.0,Placed,Germany,7,0.5145799591399453,-1.0608535384629105,0,2,2,0.7290299201490454,1.040522030723056,1.0,0,1,1,0
S00220,3,1,21,61,2,6,2023.0,No,2,2024.0,Not Placed,UK,9,-0.8785035087145754,0.7969522291705755,5,0,0,1.031699413706634,0.966854407278553,1.0,0,0,0,0
S00562,5,7,12,26,12,4,2021.0,Yes,1,2023.0,Placed,UAE,11,1.8330096596474799,-0.8054052454133065,2,4,1,-0.11171867306647898,-0.28549519127799955,2.0,0,1,1,0
S04821,6,0,48,69,4,0,2020.0,Yes,1,2021.0,Not Placed,UK,9,-0.8785035087145754,1.4704068199377145,5,1,3,0.19095082049110992,-0.5249149674726347,1.0,0,0,1,0
S02862,0,9,35,32,12,2,2020.0,No,0,2021.0,Placed,USA,6,0.9536884496444438,-0.31773123140951637,5,3,0,-1.8941056906833906,-0.1197430385278676,1.0,1,1,0,0
S02707,1,5,32,4,8,7,2022.0,No,2,2024.0,Not Placed,UK,9,-0.8785035087145754,0.8433973733614127,5,3,0,0.056431045576625906,-0.28549519127799955,2.0,0,0,0,0
S00822,8,4,13,51,7,4,2023.0,No,3,2024.0,Not Placed,UK,9,-0.8785035087145754,-0.17839579883700477,0,1,0,-0.07808872933785782,-0.28549519127799955,1.0,0,0,0,0
S03228,3,0,50,54,13,6,2020.0,Yes,0,2022.0,Not Placed,UK,9,-0.8785035087145754,-1.641417840848375,5,0,2,0.25821070794835194,-0.28549519127799955,2.0,0,0,1,0
S01388,7,8,27,48,8,2,2020.0,Yes,3,2022.0,Placed,UK,4,0.3543287263800521,-0.7821826733178874,5,1,3,-0.07808872933785782,-0.7459178378061438,2.0,1,1,1,0
S02061,9,5,24,19,10,2,2022.0,Yes,2,2023.0,Not Placed,UK,9,-0.8785035087145754,0.28605564307136727,5,1,3,0.25821070794835194,-0.28549519127799955,1.0,1,0,1,0
S01835,2,1,26,23,12,4,2022.0,Yes,3,2023.0,Not Placed,UK,9,-0.8785035087145754,1.3078488152697847,2,0,0,-0.178978560523721,-0.28549519127799955,1.0,0,0,1,0
S03950,3,6,44,41,12,4,2023.0,No,4,2025.0,Not Placed,UK,9,-0.8785035087145754,0.8433973733614127,1,4,2,0.9980694699780132,-0.28549519127799955,2.0,0,0,0,0
S00339,9,1,46,43,0,6,2020.0,No,1,2021.0,Not Placed,UK,9,-0.8785035087145754,-0.9447406779858181,4,1,0,-0.010828841880616107,-0.28549519127799955,1.0,0,0,0,0
S02365,9,4,13,46,7,0,2019.0,No,1,2021.0,Placed,Ireland,8,0.8731586065791794,1.6561873967010632,0,4,0,0.6281400889631826,1.279941806917691,2.0,0,1,0,0
S02548,4,3,39,3,3,7,2022.0,Yes,0,2024.0,Not Placed,UK,9,-0.8785035087145754,0.5879490803118086,0,4,2,-0.04445878560923697,-0.28549519127799955,2.0,0,0,1,0
S01131,9,6,23,71,6,6,2020.0,No,4,2021.0,Not Placed,UK,9,-0.8785035087145754,-0.48028923607744606,3,3,0,-1.8941056906833906,-0.28549519127799955,1.0,0,0,0,0
S00320,0,9,28,49,6,2,2021.0,No,4,2023.0,Not Placed,UK,9,-0.8785035087145754,-0.898295533794981,2,0,3,-0.04445878560923697,-0.3407459088613769,2.0,1,0,0,0
S01627,1,0,25,35,11,3,2019.0,Yes,4,2021.0,Placed,Canada,3,0.3686837033025576,1.0291779501247615,4,0,3,0.49362031404869855,3.6188888512806643,2.0,1,1,1,1
S01486,5,2,3,42,4,4,2023.0,No,1,2026.0,Not Placed,UK,9,-0.8785035087145754,-0.7125149570316321,2,2,0,-1.8941056906833906,-0.28549519127799955,3.0,0,0,0,0
S02383,9,7,1,20,5,7,2020.0,Yes,4,2021.0,Not Placed,UK,9,-0.8785035087145754,1.4704068199377145,3,4,1,0.19095082049110992,-0.28549519127799955,1.0,0,0,1,0
S03800,3,7,1,73,10,7,2023.0,No,0,2026.0,Placed,UAE,12,0.2548298066671912,0.05382992211718125,0,4,0,0.19095082049110992,-0.28549519127799955,3.0,0,1,0,0
S04082,2,0,31,28,11,3,2022.0,Yes,1,2025.0,Placed,Canada,7,1.9349536578471411,-1.641417840848375,0,0,0,-0.010828841880616107,-0.41441353230587996,3.0,1,1,1,1
S02958,0,3,39,3,7,2,2023.0,No,1,2026.0,Not Placed,UK,9,-0.8785035087145754,-1.362746975703352,1,2,3,-0.21260850425234185,-0.28549519127799955,3.0,1,0,0,0
S01431,5,6,7,56,12,3,2020.0,No,4,2022.0,Placed,South Africa,4,2.039914567405516,0.8433973733614127,2,3,0,-1.8941056906833906,3.195300016474772,2.0,1,1,0,0
S00068,3,0,37,65,2,7,2019.0,No,2,2020.0,Placed,Canada,3,1.6308765986136833,-0.01583779416907404,4,2,3,0.25821070794835194,-0.28549519127799955,1.0,0,1,0,1
S03876,6,5,32,4,11,5,2020.0,Yes,0,2022.0,Not Placed,UK,9,-0.8785035087145754,-1.3163018315125148,4,3,3,0.9980694699780132,-0.28549519127799955,2.0,0,0,1,0
S04518,9,3,11,18,14,4,2023.0,No,4,2025.0,Not Placed,UK,9,-0.8785035087145754,-1.4324146919896081,2,3,1,0.3591005391342148,-0.28549519127799955,2.0,0,0,0,0
S04520,8,6,19,37,1,2,2022.0,No,2,2024.0,Placed,South Africa,9,0.44457972826783737,0.7505070849797383,2,1,3,0.5945101452345617,-0.28549519127799955,2.0,1,1,0,0
S00907,8,1,21,61,14,0,2020.0,Yes,0,2022.0,Placed,Finland,9,0.07103483428439757,1.5400745362239707,2,4,0,0.32547059540559364,0.966854407278553,2.0,0,1,1,0
S00985,1,9,28,49,13,0,2021.0,No,3,2024.0,Placed,USA,11,1.827468796302392,-1.6878629850392124,2,4,2,-0.178978560523721,-0.3407459088613769,3.0,0,1,0,0
S00031,5,8,27,21,14,3,2020.0,No,3,2023.0,Placed,UK,5,0.7337102593319831,1.2846262431743656,1,4,0,0.42636042659145684,-0.35916281472250267,3.0,1,1,0,0
S02725,9,1,49,70,12,0,2022.0,Yes,1,2023.0,Placed,Finland,8,0.7330398345856024,-1.5253049803712826,3,1,0,1.031699413706634,-0.28549519127799955,1.0,0,1,1,0
S03989,2,7,12,29,13,1,2020.0,No,1,2021.0,Placed,UAE,0,0.1403449220352311,0.3789459314530417,2,2,2,0.5945101452345617,-0.28549519127799955,1.0,0,1,0,0
S03156,1,5,24,19,1,2,2019.0,Yes,4,2020.0,Not Placed,UK,9,-0.8785035087145754,-0.48028923607744606,5,4,0,-1.8941056906833906,-0.28549519127799955,1.0,1,0,1,0
S00510,4,8,27,17,12,5,2022.0,Yes,3,2024.0,Placed,UK,10,1.8689365387035306,-1.1769663989400032,5,4,3,0.32547059540559364,-0.8011685553895213,2.0,0,1,1,0
S03329,1,9,5,25,6,1,2023.0,Yes,2,2024.0,Placed,USA,3,-0.011999242392347847,-0.457066663982028,3,4,0,0.32547059540559364,-0.8932530846951501,1.0,0,1,1,0
S00963,2,4,13,45,8,2,2020.0,No,3,2023.0,Placed,Ireland,7,0.6480339204195018,0.05382992211718125,0,4,0,0.9644395262493923,-0.28549519127799955,3.0,1,1,0,0
S01752,6,1,49,0,5,4,2019.0,No,0,2022.0,Placed,Finland,10,1.4477126142274832,1.3078488152697847,3,4,0,0.8299197513349084,-0.28549519127799955,3.0,0,1,0,0
S04285,5,4,13,46,14,2,2022.0,No,4,2025.0,Placed,Ireland,11,1.06931700002023,0.19316535468969287,4,4,1,0.7290299201490454,1.279941806917691,3.0,1,1,0,0
S02994,6,1,17,1,12,0,2019.0,No,0,2021.0,Not Placed,UK,9,-0.8785035087145754,-1.0144083942720734,3,4,0,0.9980694699780132,0.8747698779729242,2.0,0,0,0,0
S03742,9,0,50,54,2,7,2023.0,No,1,2026.0,Placed,Canada,5,1.605735670624405,1.4936293920331336,0,2,1,0.25821070794835194,-0.28549519127799955,3.0,0,1,0,1
S00444,4,7,12,10,4,2,2019.0,Yes,1,2021.0,Not Placed,UK,9,-0.8785035087145754,1.1917359547926911,4,1,2,1.0989593011638763,-0.28549519127799955,2.0,1,0,1,0
S00037,7,8,38,66,4,6,2021.0,Yes,0,2023.0,Placed,UK,0,0.24337343085403776,-0.06228293835991124,1,2,0,-1.8941056906833906,-0.8564192729728985,2.0,0,1,1,0
S02977,4,6,14,63,6,4,2023.0,No,2,2025.0,Not Placed,UK,9,-0.8785035087145754,1.354293959460622,2,2,1,0.7962898076062874,-0.28549519127799955,2.0,0,0,0,0
S00125,1,4,10,50,8,3,2022.0,Yes,4,2024.0,Placed,Ireland,12,1.9859848120716523,-0.8518503896041437,1,4,3,0.5272502577773197,-0.28549519127799955,2.0,1,1,1,0
S01853,8,3,47,31,2,1,2023.0,Yes,4,2026.0,Not Placed,UK,9,-0.8785035087145754,-0.15517322674158565,5,3,1,0.8971796387921507,-0.28549519127799955,3.0,0,0,1,0
S02800,4,9,5,8,0,6,2019.0,Yes,2,2020.0,Placed,USA,12,0.22312265983836035,0.007384777926344049,1,1,1,1.0989593011638763,-0.8380023671117728,1.0,0,1,1,0
S03090,6,1,26,23,9,2,2020.0,Yes,0,2023.0,Placed,Finland,8,0.017045923825853525,-0.039060366264493156,2,3,0,0.8635496950635292,-0.28549519127799955,3.0,1,1,1,0
S00677,5,2,3,12,1,5,2019.0,No,4,2020.0,Not Placed,UK,9,-0.8785035087145754,0.4950587919301342,4,2,1,0.6617700326918035,-0.28549519127799955,1.0,0,0,0,0
S02205,6,1,21,61,5,7,2020.0,Yes,4,2021.0,Not Placed,UK,9,-0.8785035087145754,-1.4324146919896081,3,4,0,-1.8941056906833906,0.966854407278553,1.0,0,0,1,0
S03597,1,6,14,63,0,1,2021.0,Yes,1,2024.0,Placed,South Africa,12,0.5848168105107757,-0.5035118081728652,3,0,0,-1.8941056906833906,-0.28549519127799955,3.0,0,1,1,0
S03177,0,1,21,61,10,3,2021.0,No,3,2023.0,Placed,Finland,8,1.4915268432409547,0.704061940788901,3,2,2,0.9308095825207715,0.966854407278553,2.0,1,1,0,0
S03257,3,4,18,33,11,5,2019.0,Yes,4,2021.0,Not Placed,UK,9,-0.8785035087145754,-0.8286278175087246,2,2,0,-1.8941056906833906,-0.28549519127799955,2.0,0,0,1,0
S00271,5,8,29,64,0,0,2020.0,Yes,1,2022.0,Placed,UK,1,1.6445019956651274,-0.9911858221766553,4,2,0,-1.8941056906833906,-0.41441353230587996,2.0,0,1,1,0
S01794,8,4,13,51,5,3,2021.0,Yes,4,2022.0,Not Placed,UK,9,-0.8785035087145754,0.6111716524072267,4,1,3,0.42636042659145684,-0.28549519127799955,1.0,1,0,1,0
S02450,4,7,1,73,12,2,2021.0,No,4,2024.0,Not Placed,UK,9,-0.8785035087145754,0.16994278259427376,3,4,0,-0.04445878560923697,-0.28549519127799955,3.0,1,0,0,0
S00300,2,0,37,65,13,0,2020.0,No,0,2023.0,Not Placed,UK,9,-0.8785035087145754,-1.3163018315125148,3,2,1,1.0653293574352556,-0.28549519127799955,3.0,0,0,0,0
S01362,6,0,31,28,7,7,2022.0,No,1,2024.0,Placed,Canada,10,1.9344804168496958,-1.0144083942720734,3,1,1,0.8635496950635292,-0.41441353230587996,2.0,0,1,0,1
S04031,7,3,39,3,0,5,2022.0,No,2,2024.0,Not Placed,UK,9,-0.8785035087145754,1.4471842478422963,5,1,1,1.0989593011638763,-0.28549519127799955,2.0,0,0,0,0
S01349,1,7,12,26,8,1,2019.0,No,1,2022.0,Not Placed,UK,9,-0.8785035087145754,-1.57175012456212,2,3,2,0.02280110184800505,-0.28549519127799955,3.0,0,0,0,0
S04268,5,7,1,20,14,4,2022.0,Yes,1,2025.0,Not Placed,UK,9,-0.8785035087145754,-0.9911858221766553,1,4,2,0.056431045576625906,-0.28549519127799955,3.0,0,0,1,0
S02218,7,2,45,68,14,6,2023.0,Yes,2,2026.0,Not Placed,UK,9,-0.8785035087145754,0.4950587919301342,5,2,0,-1.8941056906833906,4.8344046381149655,3.0,0,0,1,0
S01613,1,3,11,6,1,5,2023.0,No,0,2026.0,Not Placed,UK,9,-0.8785035087145754,-0.6428472407453758,0,1,2,0.7290299201490454,-0.28549519127799955,3.0,0,0,0,0
S04634,6,9,5,8,12,3,2019.0,Yes,3,2022.0,Not Placed,UK,9,-0.8785035087145754,-0.15517322674158565,5,4,3,-0.04445878560923697,-0.8380023671117728,3.0,1,0,1,0
S02774,3,0,31,28,10,3,2023.0,Yes,3,2026.0,Placed,Canada,5,0.5889182324886344,-1.4556372640850264,5,4,2,-0.14534861679509983,-0.41441353230587996,3.0,1,1,1,1
S04417,2,7,12,10,3,0,2020.0,Yes,2,2021.0,Not Placed,UK,9,-0.8785035087145754,-0.898295533794981,3,0,1,0.5608802015059405,-0.28549519127799955,1.0,0,0,1,0
S04426,6,1,26,23,9,1,2019.0,No,1,2020.0,Placed,Finland,7,2.02072858863409,0.16994278259427376,4,0,1,0.09006098930524706,-0.28549519127799955,1.0,0,1,0,0
S03501,0,2,3,12,9,3,2019.0,Yes,1,2020.0,Placed,Germany,12,0.47869251683368147,-0.15517322674158565,3,3,2,0.7962898076062874,-0.28549519127799955,1.0,1,1,1,0
S01902,0,1,17,1,14,0,2020.0,No,4,2022.0,Not Placed,UK,9,-0.8785035087145754,-1.0840761105583296,5,4,3,-0.21260850425234185,0.8747698779729242,2.0,0,0,0,0
S04701,0,3,8,16,11,2,2020.0,Yes,3,2023.0,Placed,India,0,0.4839967596800468,-0.8054052454133065,0,4,3,0.8635496950635292,-0.28549519127799955,3.0,1,1,1,0
S00600,8,4,18,33,11,4,2020.0,Yes,4,2021.0,Not Placed,UK,9,-0.8785035087145754,0.5647265082163905,5,0,3,0.6953999764204246,-0.28549519127799955,1.0,0,0,1,0
S02273,3,7,1,73,8,5,2023.0,No,4,2026.0,Placed,UAE,4,0.8748543868200248,-1.0608535384629105,0,2,2,-0.010828841880616107,-0.28549519127799955,3.0,0,1,0,0
S02104,5,2,20,9,12,5,2021.0,No,1,2023.0,Not Placed,UK,9,-0.8785035087145754,1.0756230943155987,2,0,0,-1.8941056906833906,-0.28549519127799955,2.0,0,0,0,0
S01150,5,6,7,56,6,7,2023.0,No,0,2024.0,Placed,South Africa,2,0.12125753513827325,-0.689292384936213,3,1,1,0.25821070794835194,3.195300016474772,1.0,0,1,0,0
S04043,3,6,19,37,14,1,2022.0,No,3,2023.0,Not Placed,UK,9,-0.8785035087145754,-1.618195268752957,4,3,2,-0.14534861679509983,-0.28549519127799955,1.0,0,0,0,0
S03542,4,9,35,5,7,6,2022.0,Yes,1,2025.0,Placed,USA,3,1.5280649919187057,-0.01583779416907404,4,0,3,0.5272502577773197,-0.580165685056012,3.0,0,1,1,0
S01983,8,4,13,45,5,5,2023.0,No,1,2024.0,Not Placed,UK,9,-0.8785035087145754,-1.2001889710354223,4,4,3,-0.178978560523721,-0.28549519127799955,1.0,0,0,0,0
S01010,6,8,38,66,14,4,2022.0,No,2,2023.0,Placed,UK,11,1.4136786991612134,0.21638792678511096,2,0,0,0.2245807642197308,-0.8564192729728985,1.0,0,1,0,0
S02836,4,0,37,65,11,2,2023.0,Yes,1,2026.0,Not Placed,UK,9,-0.8785035087145754,1.7490776850827376,0,1,0,-1.8941056906833906,-0.28549519127799955,3.0,1,0,1,0
S00324,7,3,11,15,12,5,2020.0,No,3,2023.0,Placed,India,9,1.6638457214357014,-0.5499569523637023,3,2,0,-0.178978560523721,2.348122346862986,3.0,0,1,0,0
S03605,8,3,8,16,3,4,2023.0,Yes,4,2024.0,Placed,India,5,0.9464912428082974,-0.17839579883700477,1,2,0,-1.8941056906833906,-0.28549519127799955,1.0,0,1,1,0
S04670,1,2,3,12,14,7,2022.0,No,4,2023.0,Placed,Germany,1,0.9120235234943694,1.4471842478422963,4,3,0,-1.8941056906833906,-0.28549519127799955,1.0,0,1,0,0
S03317,2,4,18,33,4,6,2023.0,Yes,0,2026.0,Placed,Ireland,4,0.4708248852511544,-0.06228293835991124,0,2,1,0.2918406516769728,-0.28549519127799955,3.0,0,1,1,0
S04888,2,4,18,33,6,0,2020.0,Yes,3,2022.0,Placed,Ireland,11,0.2977567088104528,0.6808393686934829,0,2,1,0.3927304828628357,-0.28549519127799955,2.0,0,1,1,0
S01383,3,4,18,33,4,5,2023.0,No,2,2024.0,Placed,Ireland,10,1.0828635235720998,-0.898295533794981,3,0,1,-0.178978560523721,-0.28549519127799955,1.0,0,1,0,0
S01403,3,2,3,12,3,4,2020.0,Yes,1,2021.0,Placed,Germany,3,1.975455199878496,0.6343942245026458,2,2,0,0.2245807642197308,-0.28549519127799955,1.0,0,1,1,0
S01032,7,9,42,40,11,4,2022.0,Yes,0,2025.0,Placed,USA,10,-0.2249379728678106,1.586519680414808,5,4,1,-0.04445878560923697,-0.819585461250647,3.0,0,1,1,0
S04024,9,8,38,66,6,5,2021.0,No,1,2024.0,Not Placed,UK,9,-0.8785035087145754,-0.01583779416907404,5,2,1,0.25821070794835194,-0.8564192729728985,3.0,0,0,0,0
S01963,4,7,12,26,5,4,2023.0,Yes,3,2026.0,Placed,UAE,1,0.018583957067550543,-1.4324146919896081,4,4,0,-1.8941056906833906,-0.28549519127799955,3.0,0,1,1,0
S00689,5,7,43,2,10,1,2022.0,No,1,2025.0,Not Placed,UK,9,-0.8785035087145754,1.7490776850827376,4,1,1,0.32547059540559364,-0.28549519127799955,3.0,0,0,0,0
S02227,2,8,27,21,1,6,2021.0,Yes,3,2024.0,Placed,UK,10,0.8903924662361434,1.0059553780293433,1,1,0,-1.8941056906833906,-0.35916281472250267,3.0,0,1,1,0
S01022,7,2,3,42,7,6,2019.0,No,1,2020.0,Not Placed,UK,9,-0.8785035087145754,-0.20161837093242285,2,4,0,0.09006098930524706,-0.28549519127799955,1.0,0,0,0,0
S04463,9,6,19,37,6,2,2023.0,Yes,3,2025.0,Not Placed,UK,9,-0.8785035087145754,1.354293959460622,5,3,0,-0.11171867306647898,-0.28549519127799955,2.0,1,0,1,0
S02195,5,8,4,53,9,7,2019.0,Yes,0,2021.0,Not Placed,UK,9,-0.8785035087145754,1.0059553780293433,1,2,2,0.6617700326918035,0.6353501017782891,2.0,0,0,1,0
S04519,3,4,18,33,11,6,2020.0,Yes,3,2022.0,Placed,Ireland,2,1.2560894470119497,-1.0144083942720734,3,3,2,0.8299197513349084,-0.28549519127799955,2.0,0,1,1,0
S02584,4,8,38,66,8,1,2020.0,No,2,2022.0,Not Placed,UK,9,-0.8785035087145754,1.5632971083193887,0,1,0,1.031699413706634,-0.8564192729728985,2.0,0,0,0,0
S04225,5,4,13,45,5,0,2022.0,No,1,2024.0,Not Placed,UK,9,-0.8785035087145754,0.9362876617430871,4,4,0,-1.8941056906833906,-0.28549519127799955,2.0,0,0,0,0
S02043,6,3,47,31,2,4,2020.0,Yes,2,2023.0,Placed,India,1,0.5432899129849562,0.6111716524072267,5,4,3,-0.14534861679509983,-0.28549519127799955,3.0,0,1,1,0
S01863,0,2,34,44,10,1,2019.0,Yes,0,2020.0,Placed,Germany,5,0.18766902177975472,0.05382992211718125,0,0,0,-0.010828841880616107,-0.08290922680561606,1.0,0,1,1,0
S02978,5,3,11,6,8,0,2020.0,No,2,2021.0,Not Placed,UK,9,-0.8785035087145754,0.28605564307136727,1,3,2,0.5945101452345617,-0.28549519127799955,1.0,0,0,0,0
S03929,0,7,1,73,12,4,2021.0,Yes,2,2024.0,Placed,UAE,10,0.1862295804125255,-0.06228293835991124,0,1,3,0.25821070794835194,-0.28549519127799955,3.0,0,1,1,0
S00557,2,6,19,37,7,1,2020.0,No,4,2023.0,Placed,South Africa,2,1.949643847142837,-1.57175012456212,3,4,1,0.12369093303386793,-0.28549519127799955,3.0,0,1,0,0
S02232,1,4,13,46,2,5,2023.0,Yes,0,2025.0,Not Placed,UK,9,-0.8785035087145754,-0.3641763756003536,2,2,0,-1.8941056906833906,1.279941806917691,2.0,0,0,1,0
S04473,4,3,11,15,10,1,2021.0,No,3,2023.0,Placed,India,3,1.2349316307511689,1.1917359547926911,4,2,3,0.32547059540559364,2.348122346862986,2.0,0,1,0,0
S00261,5,7,1,73,11,6,2022.0,No,3,2023.0,Placed,UAE,11,-0.24974368848389839,-0.8518503896041437,1,4,2,0.2918406516769728,-0.28549519127799955,1.0,0,1,0,0
S04791,1,7,12,10,14,6,2019.0,Yes,1,2022.0,Not Placed,UK,9,-0.8785035087145754,-0.17839579883700477,3,1,1,-0.010828841880616107,-0.28549519127799955,3.0,0,0,1,0
S01749,6,3,8,16,10,5,2022.0,Yes,0,2024.0,Not Placed,UK,9,-0.8785035087145754,-0.921518105890399,0,0,1,0.056431045576625906,-0.28549519127799955,2.0,0,0,1,0
S04524,7,0,50,54,0,3,2021.0,Yes,3,2023.0,Placed,Canada,8,1.1162467322668823,-1.130521254749167,4,3,0,0.5608802015059405,-0.28549519127799955,2.0,1,1,1,1
S03378,0,9,9,57,14,3,2019.0,No,0,2022.0,Not Placed,UK,9,-0.8785035087145754,-1.2001889710354223,1,0,1,0.8971796387921507,-0.5617487791948862,3.0,1,0,0,0
S00089,1,7,1,20,10,0,2020.0,Yes,0,2023.0,Not Placed,UK,9,-0.8785035087145754,-1.1072986826537479,5,0,3,-0.14534861679509983,-0.28549519127799955,3.0,0,0,1,0
S01345,4,9,35,5,6,3,2021.0,Yes,1,2024.0,Placed,USA,9,0.3689991973008544,-1.130521254749167,1,0,2,0.6953999764204246,-0.580165685056012,3.0,1,1,1,0
S03685,1,5,32,30,12,6,2020.0,Yes,0,2023.0,Placed,Russia,5,1.1592525079097182,1.1685133826972731,2,3,0,-1.8941056906833906,-0.28549519127799955,3.0,0,1,1,0
S04707,9,0,31,28,13,5,2023.0,No,3,2025.0,Not Placed,UK,9,-0.8785035087145754,1.5632971083193887,1,3,0,0.12369093303386793,-0.41441353230587996,2.0,0,0,0,0
S02942,5,2,34,44,5,7,2023.0,Yes,2,2026.0,Not Placed,UK,9,-0.8785035087145754,-1.594972696657538,4,2,1,0.5608802015059405,-0.08290922680561606,3.0,0,0,1,0
S04246,4,2,34,44,8,7,2020.0,Yes,0,2022.0,Placed,Germany,2,1.2962360582952206,-0.9679632500812362,2,4,0,-1.8941056906833906,-0.08290922680561606,2.0,0,1,1,0
S04751,8,7,12,10,14,2,2023.0,No,2,2026.0,Not Placed,UK,9,-0.8785035087145754,1.2846262431743656,4,2,3,-0.14534861679509983,-0.28549519127799955,3.0,1,0,0,0
S03109,3,0,16,52,13,5,2020.0,No,3,2023.0,Not Placed,UK,9,-0.8785035087145754,-1.153743826844585,1,0,0,-1.8941056906833906,1.114189654167559,3.0,0,0,0,0
S00572,4,1,21,61,9,2,2023.0,Yes,4,2026.0,Not Placed,UK,9,-0.8785035087145754,1.6561873967010632,5,3,0,0.25821070794835194,0.966854407278553,3.0,1,0,1,0
S02314,4,9,5,25,11,7,2020.0,No,2,2021.0,Not Placed,UK,9,-0.8785035087145754,-1.2930792594170966,0,3,0,-1.8941056906833906,-0.8932530846951501,1.0,0,0,0,0
S01787,0,4,13,46,0,4,2020.0,No,3,2023.0,Placed,Ireland,8,0.9471025124299975,0.07705249421259934,0,1,1,1.0989593011638763,1.279941806917691,3.0,0,1,0,0
S02440,6,5,32,11,7,6,2022.0,Yes,1,2023.0,Not Placed,UK,9,-0.8785035087145754,-0.17839579883700477,0,2,1,1.0989593011638763,-0.28549519127799955,1.0,0,0,1,0
S03370,2,0,50,54,2,2,2022.0,Yes,1,2023.0,Placed,Canada,7,0.2594241880173887,0.8201748012659946,4,2,0,-1.8941056906833906,-0.28549519127799955,1.0,1,1,1,1
S03848,0,9,35,5,9,0,2019.0,Yes,3,2020.0,Not Placed,UK,9,-0.8785035087145754,0.28605564307136727,0,3,3,0.5608802015059405,-0.580165685056012,1.0,0,0,1,0
S03033,9,0,16,52,3,2,2020.0,Yes,4,2022.0,Placed,Canada,6,1.7669925405038693,-1.2001889710354223,0,1,1,0.3591005391342148,1.114189654167559,2.0,1,1,1,1
S03956,5,8,6,55,7,4,2021.0,No,4,2023.0,Not Placed,UK,9,-0.8785035087145754,-1.0376309663674925,2,0,1,-0.14534861679509983,-0.8748361788340243,2.0,0,0,0,0
S01359,5,7,43,2,1,5,2021.0,Yes,3,2023.0,Not Placed,UK,9,-0.8785035087145754,-0.921518105890399,2,4,0,-1.8941056906833906,-0.28549519127799955,2.0,0,0,1,0
S03097,4,0,25,35,10,2,2021.0,Yes,1,2023.0,Not Placed,UK,9,-0.8785035087145754,0.7969522291705755,5,0,3,-0.14534861679509983,3.6188888512806643,2.0,1,0,1,0
S02048,1,7,1,20,11,1,2020.0,Yes,2,2023.0,Not Placed,UK,9,-0.8785035087145754,-1.2930792594170966,2,0,0,0.09006098930524706,-0.28549519127799955,3.0,0,0,1,0
S02180,3,0,16,52,14,3,2019.0,Yes,4,2020.0,Placed,Canada,12,0.8190908226210611,0.8666199454568319,1,2,0,0.9308095825207715,1.114189654167559,1.0,1,1,1,1
S00204,7,3,11,15,4,0,2020.0,Yes,1,2022.0,Placed,India,5,1.9346973189735248,-0.24806351512326005,3,3,2,0.5272502577773197,2.348122346862986,2.0,0,1,1,0
S00831,5,2,34,44,2,4,2023.0,No,3,2026.0,Not Placed,UK,9,-0.8785035087145754,1.1452908106018551,5,0,0,-0.21260850425234185,-0.08290922680561606,3.0,0,0,0,0
S01724,7,9,35,5,2,5,2019.0,No,1,2022.0,Not Placed,UK,9,-0.8785035087145754,0.21638792678511096,2,0,3,0.7290299201490454,-0.580165685056012,3.0,0,0,0,0
S03612,8,4,13,7,12,0,2021.0,No,1,2022.0,Not Placed,UK,9,-0.8785035087145754,-1.5253049803712826,1,0,0,-1.8941056906833906,-0.28549519127799955,1.0,0,0,0,0
S03229,6,0,27,72,6,5,2022.0,Yes,2,2023.0,Placed,Canada,2,1.7619643549060138,0.23961049888053007,1,0,0,0.45999037032007767,1.611446112417955,1.0,0,1,1,1
S01357,2,9,9,57,0,1,2022.0,Yes,3,2024.0,Not Placed,UK,9,-0.8785035087145754,1.4239616757468772,0,0,2,0.9980694699780132,-0.5617487791948862,2.0,0,0,1,0
S01911,3,9,5,25,5,4,2020.0,Yes,1,2022.0,Placed,USA,9,1.5489664693058702,-0.10872808255074845,4,0,2,0.32547059540559364,-0.8932530846951501,2.0,0,1,1,0
S04368,6,3,11,6,0,7,2021.0,No,0,2022.0,Not Placed,UK,9,-0.8785035087145754,0.44861364773929696,2,3,2,0.45999037032007767,-0.28549519127799955,1.0,0,0,0,0
S01664,3,8,15,60,5,4,2020.0,Yes,1,2022.0,Placed,UK,2,-0.07612339754617735,-0.20161837093242285,2,4,0,-1.8941056906833906,-0.5064980616115089,2.0,0,1,1,0
S03910,7,5,24,19,13,6,2021.0,No,2,2022.0,Not Placed,UK,9,-0.8785035087145754,-1.7110855571346315,2,4,0,0.45999037032007767,-0.28549519127799955,1.0,0,0,0,0
S02718,9,0,50,54,6,3,2021.0,No,1,2022.0,Not Placed,UK,9,-0.8785035087145754,-0.15517322674158565,0,4,2,0.3591005391342148,-0.28549519127799955,1.0,1,0,0,0
S02258,4,7,12,58,14,5,2023.0,Yes,2,2025.0,Not Placed,UK,9,-0.8785035087145754,0.4950587919301342,2,4,2,0.3591005391342148,-0.28549519127799955,2.0,0,0,1,0
S01516,0,7,12,26,2,6,2019.0,Yes,3,2020.0,Not Placed,UK,9,-0.8785035087145754,-1.6878629850392124,2,0,2,0.7962898076062874,-0.28549519127799955,1.0,0,0,1,0
S01047,1,0,16,52,0,0,2023.0,No,2,2026.0,Placed,Canada,6,1.135787641786392,0.704061940788901,3,0,2,0.1573208767624888,1.114189654167559,3.0,0,1,0,1
S04583,3,4,10,50,9,1,2021.0,Yes,3,2023.0,Not Placed,UK,9,-0.8785035087145754,-1.0608535384629105,3,1,0,0.25821070794835194,-0.28549519127799955,2.0,0,0,1,0
S01490,0,5,32,24,8,6,2022.0,No,0,2024.0,Not Placed,UK,9,-0.8785035087145754,1.586519680414808,1,4,1,0.6953999764204246,0.6906008193616664,2.0,0,0,0,0
S03565,1,9,5,25,3,2,2022.0,Yes,1,2024.0,Not Placed,UK,9,-0.8785035087145754,0.9362876617430871,2,0,1,0.02280110184800505,-0.8932530846951501,2.0,1,0,1,0
S03253,4,2,3,42,2,3,2021.0,No,4,2024.0,Placed,Germany,8,1.7897278267561343,0.6111716524072267,1,1,2,0.19095082049110992,-0.28549519127799955,3.0,1,1,0,0
S03295,0,6,40,67,9,5,2023.0,No,3,2026.0,Placed,South Africa,12,1.8414688424768133,0.16994278259427376,3,3,0,0.3591005391342148,-0.28549519127799955,3.0,0,1,0,0
S04424,8,1,17,1,12,1,2023.0,No,2,2026.0,Placed,Finland,4,0.8645811135004845,-1.3163018315125148,0,1,1,0.3927304828628357,0.8747698779729242,3.0,0,1,0,0
S01411,8,7,1,73,0,7,2023.0,Yes,0,2026.0,Not Placed,UK,9,-0.8785035087145754,-0.7125149570316321,4,2,0,1.0989593011638763,-0.28549519127799955,3.0,0,0,1,0
S03444,3,4,13,51,2,4,2019.0,No,2,2021.0,Not Placed,UK,9,-0.8785035087145754,-1.339524403607934,5,4,3,0.02280110184800505,-0.28549519127799955,2.0,0,0,0,0
S00717,1,6,40,67,14,0,2020.0,Yes,3,2022.0,Placed,South Africa,3,1.6029948165142014,-0.08550551045533036,3,3,3,0.7962898076062874,-0.28549519127799955,2.0,0,1,1,0
S02545,3,2,3,42,5,7,2021.0,No,4,2023.0,Not Placed,UK,9,-0.8785035087145754,-0.921518105890399,5,2,3,0.32547059540559364,-0.28549519127799955,2.0,0,0,0,0
S01435,6,7,1,20,5,6,2020.0,No,0,2023.0,Not Placed,UK,9,-0.8785035087145754,-1.362746975703352,1,3,0,-1.8941056906833906,-0.28549519127799955,3.0,0,0,0,0
S03389,5,1,21,61,0,5,2019.0,Yes,0,2021.0,Not Placed,UK,9,-0.8785035087145754,-0.8054052454133065,5,1,2,0.9980694699780132,0.966854407278553,2.0,0,0,1,0
S01099,9,7,1,73,14,2,2019.0,Yes,3,2021.0,Not Placed,UK,9,-0.8785035087145754,-0.7821826733178874,0,1,2,-0.010828841880616107,-0.28549519127799955,2.0,1,0,1,0
S00358,9,8,38,66,7,1,2023.0,No,4,2026.0,Not Placed,UK,9,-0.8785035087145754,1.122068238506436,0,3,1,0.9980694699780132,-0.8564192729728985,3.0,0,0,0,0
S01507,5,2,45,68,1,6,2023.0,Yes,1,2026.0,Not Placed,UK,9,-0.8785035087145754,-0.8750729616995618,2,4,2,0.32547059540559364,4.8344046381149655,3.0,0,0,1,0
S04590,0,6,44,41,8,7,2019.0,Yes,4,2022.0,Not Placed,UK,9,-0.8785035087145754,-1.2930792594170966,3,1,3,0.2918406516769728,-0.28549519127799955,3.0,0,0,1,0
S00782,1,6,23,62,1,6,2019.0,Yes,1,2022.0,Not Placed,UK,9,-0.8785035087145754,-0.5035118081728652,5,3,0,0.3927304828628357,-0.28549519127799955,3.0,0,0,1,0
S02503,5,8,38,66,1,5,2021.0,Yes,2,2022.0,Placed,UK,5,1.5057437915392053,0.4253910756438789,5,0,0,0.3591005391342148,-0.8564192729728985,1.0,0,1,1,0
S03066,1,3,11,15,1,4,2023.0,No,3,2025.0,Placed,India,9,1.382523666829402,-1.2466341152262594,4,1,0,-1.8941056906833906,2.348122346862986,2.0,0,1,0,0
S02754,0,4,13,51,9,0,2022.0,No,3,2025.0,Not Placed,UK,9,-0.8785035087145754,0.8433973733614127,2,0,1,0.6281400889631826,-0.28549519127799955,3.0,0,0,0,0
S03689,6,2,34,44,5,6,2020.0,Yes,4,2022.0,Placed,Germany,7,0.03731641321642448,-0.9679632500812362,5,3,0,-1.8941056906833906,-0.08290922680561606,2.0,0,1,1,0
S03417,8,6,40,67,9,2,2022.0,No,4,2024.0,Not Placed,UK,9,-0.8785035087145754,-0.29450865931409725,4,1,3,0.7962898076062874,-0.28549519127799955,2.0,1,0,0,0
S04274,3,1,26,23,11,4,2021.0,No,1,2024.0,Not Placed,UK,9,-0.8785035087145754,-0.9911858221766553,3,0,0,0.19095082049110992,-0.28549519127799955,3.0,0,0,0,0
S03052,2,9,5,8,6,4,2022.0,No,3,2024.0,Placed,USA,9,0.30457926652362166,-1.130521254749167,0,2,2,0.8971796387921507,-0.8380023671117728,2.0,0,1,0,0
S02658,8,0,50,39,12,6,2021.0,No,4,2023.0,Placed,Canada,2,0.05679816761125337,-0.48028923607744606,4,3,0,-1.8941056906833906,-0.28549519127799955,2.0,0,1,0,1
S01180,4,1,21,61,12,4,2021.0,Yes,4,2024.0,Not Placed,UK,9,-0.8785035087145754,0.4021685035484598,5,3,1,0.12369093303386793,0.966854407278553,3.0,0,0,1,0
S04786,2,9,35,5,9,7,2019.0,Yes,1,2022.0,Placed,USA,3,1.1917878264840782,-0.31773123140951637,0,0,3,-0.07808872933785782,-0.580165685056012,3.0,0,1,1,0
S01290,9,7,12,10,10,5,2023.0,No,1,2025.0,Not Placed,UK,9,-0.8785035087145754,-1.4556372640850264,3,1,1,0.09006098930524706,-0.28549519127799955,2.0,0,0,0,0
S04321,8,7,1,20,10,7,2021.0,No,0,2024.0,Not Placed,UK,9,-0.8785035087145754,-1.130521254749167,5,1,3,0.19095082049110992,-0.28549519127799955,3.0,0,0,0,0
S04166,1,5,32,24,4,7,2023.0,Yes,4,2024.0,Not Placed,UK,9,-0.8785035087145754,-0.6660698128407949,2,4,3,1.0653293574352556,0.6906008193616664,1.0,0,0,1,0
S03407,4,7,43,2,10,5,2023.0,Yes,1,2024.0,Placed,UAE,1,0.7442004347753526,-0.6428472407453758,2,4,3,0.9644395262493923,-0.28549519127799955,1.0,0,1,1,0
S04280,1,3,8,16,6,6,2019.0,Yes,2,2020.0,Not Placed,UK,9,-0.8785035087145754,1.2381810989835285,3,1,0,0.49362031404869855,-0.28549519127799955,1.0,0,0,1,0
S01498,4,6,14,63,9,3,2023.0,Yes,3,2026.0,Placed,South Africa,1,1.5181072125974622,0.8201748012659946,1,2,0,0.9308095825207715,-0.28549519127799955,3.0,1,1,1,0
S00649,3,1,49,0,5,6,2022.0,Yes,0,2024.0,Not Placed,UK,9,-0.8785035087145754,-1.0608535384629105,1,3,0,0.8299197513349084,-0.28549519127799955,2.0,0,0,1,0
S04215,2,1,22,59,9,6,2019.0,Yes,0,2021.0,Placed,Finland,7,1.3339573094665846,1.3078488152697847,1,4,3,0.3591005391342148,-0.28549519127799955,2.0,0,1,1,0
S03152,2,9,28,49,4,6,2020.0,No,1,2022.0,Not Placed,UK,9,-0.8785035087145754,-0.41062151979119077,2,2,1,1.0653293574352556,-0.3407459088613769,2.0,0,0,0,0
S00402,9,2,34,22,9,4,2022.0,No,2,2025.0,Placed,Germany,0,0.5572110856598036,-0.6660698128407949,1,3,1,0.056431045576625906,-0.28549519127799955,3.0,0,1,0,0
S02109,2,7,43,2,4,0,2020.0,Yes,0,2021.0,Not Placed,UK,9,-0.8785035087145754,0.5182813640255532,3,2,0,1.031699413706634,-0.28549519127799955,1.0,0,0,1,0
S02136,9,5,32,24,3,7,2023.0,No,2,2025.0,Not Placed,UK,9,-0.8785035087145754,1.586519680414808,1,0,0,-1.8941056906833906,0.6906008193616664,2.0,0,0,0,0
S00032,2,3,39,3,8,2,2022.0,No,4,2025.0,Placed,India,2,1.6125779467124675,-1.6878629850392124,0,3,0,-1.8941056906833906,-0.28549519127799955,3.0,1,1,0,0
S01709,9,2,20,9,10,3,2019.0,Yes,4,2021.0,Not Placed,UK,9,-0.8785035087145754,-0.08550551045533036,1,3,0,-1.8941056906833906,-0.28549519127799955,2.0,1,0,1,0
S03779,1,2,3,42,10,4,2019.0,Yes,3,2021.0,Not Placed,UK,9,-0.8785035087145754,0.4718362198347161,2,1,2,0.8635496950635292,-0.28549519127799955,2.0,0,0,1,0
S03058,9,4,13,51,9,0,2021.0,Yes,1,2023.0,Placed,Ireland,8,1.2666387775799999,0.5182813640255532,4,0,2,1.0989593011638763,-0.28549519127799955,2.0,0,1,1,0
S02123,1,2,20,9,3,4,2019.0,No,3,2021.0,Not Placed,UK,9,-0.8785035087145754,0.6808393686934829,2,4,1,-0.11171867306647898,-0.28549519127799955,2.0,0,0,0,0
S01208,8,7,12,58,0,7,2022.0,No,2,2023.0,Not Placed,UK,9,-0.8785035087145754,-1.594972696657538,5,1,0,-1.8941056906833906,-0.28549519127799955,1.0,0,0,0,0
S02991,3,4,13,51,0,3,2023.0,Yes,2,2025.0,Not Placed,UK,9,-0.8785035087145754,1.2614036710789476,3,4,1,0.8971796387921507,-0.28549519127799955,2.0,1,0,1,0
S01628,3,1,21,61,11,0,2023.0,Yes,1,2024.0,Not Placed,UK,9,-0.8785035087145754,0.8666199454568319,0,0,2,0.7962898076062874,0.966854407278553,1.0,0,0,1,0
S02486,9,6,7,56,14,0,2023.0,No,0,2024.0,Not Placed,UK,9,-0.8785035087145754,-1.6878629850392124,1,1,2,-0.010828841880616107,3.195300016474772,1.0,0,0,0,0
S00162,9,0,31,28,3,1,2021.0,Yes,4,2022.0,Placed,Canada,4,1.512664941126842,-1.130521254749167,1,3,2,0.5945101452345617,-0.41441353230587996,1.0,0,1,1,1
S02816,7,6,44,41,13,5,2020.0,No,3,2023.0,Placed,South Africa,9,1.6336766078485676,0.23961049888053007,2,2,0,-1.8941056906833906,-0.28549519127799955,3.0,0,1,0,0
S02956,9,3,47,31,1,7,2023.0,No,3,2025.0,Placed,India,10,0.06332494970101891,1.5632971083193887,2,4,1,0.02280110184800505,-0.28549519127799955,2.0,0,1,0,0
S00305,3,7,43,2,6,4,2023.0,Yes,3,2024.0,Placed,UAE,11,1.2419316538383798,1.586519680414808,1,1,3,1.031699413706634,-0.28549519127799955,1.0,0,1,1,0
S03383,1,0,37,65,1,6,2020.0,Yes,3,2021.0,Placed,Canada,6,0.5063179600595471,-0.5964020965545386,2,3,0,-1.8941056906833906,-0.28549519127799955,1.0,0,1,1,1
S03297,3,8,6,55,14,7,2022.0,Yes,4,2024.0,Not Placed,UK,9,-0.8785035087145754,-1.6878629850392124,0,1,0,-0.04445878560923697,-0.8748361788340243,2.0,0,0,1,0
S04149,6,5,32,11,4,4,2020.0,No,2,2023.0,Placed,Russia,0,1.487819788760967,0.5647265082163905,1,3,2,0.9308095825207715,-0.28549519127799955,3.0,0,1,0,0
S02763,6,8,27,17,8,1,2019.0,No,1,2022.0,Not Placed,UK,9,-0.8785035087145754,-0.48028923607744606,1,1,0,0.7626598638776666,-0.8011685553895213,3.0,0,0,0,0
S03548,0,6,19,37,11,7,2023.0,No,2,2025.0,Not Placed,UK,9,-0.8785035087145754,-0.9679632500812362,1,4,1,0.3591005391342148,-0.28549519127799955,2.0,0,0,0,0
S02731,8,7,12,10,1,5,2023.0,No,4,2026.0,Not Placed,UK,9,-0.8785035087145754,-1.57175012456212,2,0,2,1.031699413706634,-0.28549519127799955,3.0,0,0,0,0
S04262,4,1,17,1,3,2,2020.0,Yes,3,2021.0,Not Placed,UK,9,-0.8785035087145754,-1.153743826844585,0,0,0,0.3927304828628357,0.8747698779729242,1.0,1,0,1,0
S03514,2,0,27,72,1,6,2022.0,No,1,2025.0,Placed,Canada,2,0.6611663580986071,0.704061940788901,3,3,2,0.6617700326918035,1.611446112417955,3.0,0,1,0,1
S00023,2,8,15,60,10,2,2020.0,No,3,2023.0,Placed,UK,9,-0.10230939940481376,-1.594972696657538,5,2,0,-1.8941056906833906,-0.5064980616115089,3.0,1,1,0,0
S04178,8,5,32,11,11,5,2023.0,Yes,4,2024.0,Placed,Russia,0,1.634544216343884,-0.6196246686499577,4,0,2,-0.07808872933785782,-0.28549519127799955,1.0,0,1,1,0
S04829,3,7,1,20,9,6,2022.0,No,3,2023.0,Placed,UAE,4,2.0397371020314736,-0.8750729616995618,2,2,3,0.6617700326918035,-0.28549519127799955,1.0,0,1,0,0
S00643,7,2,0,36,7,5,2019.0,Yes,4,2021.0,Not Placed,UK,9,-0.8785035087145754,-1.5485275524667008,0,2,0,-1.8941056906833906,1.040522030723056,2.0,0,0,1,0
S01314,2,3,39,3,2,4,2021.0,No,1,2022.0,Placed,India,3,1.4037012014650763,-1.7110855571346315,2,3,0,0.6617700326918035,-0.28549519127799955,1.0,0,1,0,0
S03732,8,4,18,33,13,7,2022.0,No,0,2025.0,Not Placed,UK,9,-0.8785035087145754,1.7258551129873196,5,4,1,0.25821070794835194,-0.28549519127799955,3.0,0,0,0,0
S01468,1,0,31,28,9,6,2020.0,Yes,0,2023.0,Placed,Canada,3,1.8483308369397693,0.6111716524072267,3,2,2,-0.07808872933785782,-0.41441353230587996,3.0,0,1,1,1
S02736,4,0,37,65,10,3,2023.0,No,2,2025.0,Not Placed,UK,9,-0.8785035087145754,0.9595102338385062,1,3,1,0.9980694699780132,-0.28549519127799955,2.0,1,0,0,0
S04612,9,8,15,60,11,7,2023.0,Yes,1,2024.0,Not Placed,UK,9,-0.8785035087145754,-0.9679632500812362,1,2,0,-0.04445878560923697,-0.5064980616115089,1.0,0,0,1,0
S02852,8,0,27,72,0,3,2020.0,Yes,2,2023.0,Placed,Canada,7,1.9222747427905875,0.3789459314530417,0,1,1,0.8299197513349084,1.611446112417955,3.0,1,1,1,1
S03050,5,0,48,69,4,7,2019.0,Yes,4,2022.0,Not Placed,UK,9,-0.8785035087145754,-0.15517322674158565,0,0,1,0.056431045576625906,-0.5249149674726347,3.0,0,0,1,0
S00809,1,0,48,69,14,2,2019.0,No,3,2020.0,Not Placed,UK,9,-0.8785035087145754,0.007384777926344049,4,4,0,-1.8941056906833906,-0.5249149674726347,1.0,1,0,0,0
S01811,9,4,18,33,14,4,2021.0,No,2,2022.0,Not Placed,UK,9,-0.8785035087145754,0.10027506630801845,3,1,1,0.09006098930524706,-0.28549519127799955,1.0,0,0,0,0
S00862,2,3,33,14,9,2,2019.0,No,0,2021.0,Not Placed,UK,9,-0.8785035087145754,-0.5964020965545386,1,4,1,0.9644395262493923,-0.08290922680561606,2.0,1,0,0,0
S00943,3,9,35,5,7,1,2020.0,Yes,0,2021.0,Not Placed,UK,9,-0.8785035087145754,1.1452908106018551,5,3,0,0.6281400889631826,-0.580165685056012,1.0,0,0,1,0
S00676,3,6,14,63,1,2,2022.0,Yes,3,2024.0,Placed,South Africa,6,1.4972451719600848,0.4253910756438789,2,3,2,0.056431045576625906,-0.28549519127799955,2.0,1,1,1,0
S01550,3,6,23,71,5,2,2020.0,Yes,1,2023.0,Placed,South Africa,9,0.03134174562367837,0.16994278259427376,5,1,3,1.0653293574352556,-0.28549519127799955,3.0,1,1,1,0
S00579,9,8,15,60,6,4,2019.0,No,2,2020.0,Not Placed,UK,9,-0.8785035087145754,-0.7357375291270501,2,0,0,0.32547059540559364,-0.5064980616115089,1.0,0,0,0,0
S01116,7,9,28,49,6,4,2023.0,No,0,2025.0,Placed,USA,1,0.1832126690538121,1.1917359547926911,1,0,1,0.12369093303386793,-0.3407459088613769,2.0,0,1,0,0
S02924,7,5,32,4,10,3,2022.0,Yes,3,2025.0,Placed,Russia,2,1.666980943043776,-1.2930792594170966,1,4,3,0.32547059540559364,-0.28549519127799955,3.0,1,1,1,0
S02537,5,1,49,0,3,7,2023.0,No,1,2026.0,Placed,Finland,12,1.9230831961612231,0.8898425175522499,1,0,1,0.25821070794835194,-0.28549519127799955,3.0,0,1,0,0
S01240,5,6,23,62,2,5,2021.0,No,4,2024.0,Not Placed,UK,9,-0.8785035087145754,-1.0376309663674925,0,4,3,0.9644395262493923,-0.28549519127799955,3.0,0,0,0,0
S01954,9,6,14,63,11,4,2022.0,No,2,2023.0,Placed,South Africa,9,-0.2797156183220967,1.586519680414808,4,4,1,0.8971796387921507,-0.28549519127799955,1.0,0,1,0,0
S04078,1,3,39,3,6,6,2023.0,No,2,2026.0,Placed,India,10,0.548396972082386,-1.4556372640850264,0,1,0,-1.8941056906833906,-0.28549519127799955,3.0,0,1,0,0
S00241,7,0,37,65,9,2,2019.0,No,3,2020.0,Not Placed,UK,9,-0.8785035087145754,0.5415039361209714,0,2,2,0.9644395262493923,-0.28549519127799955,1.0,1,0,0,0
S04389,0,3,11,15,3,1,2019.0,No,1,2021.0,Not Placed,UK,9,-0.8785035087145754,-0.06228293835991124,4,0,1,-0.04445878560923697,2.348122346862986,2.0,0,0,0,0
S04356,2,6,44,41,6,5,2022.0,Yes,2,2024.0,Placed,South Africa,9,0.5863154070026856,-0.3409538035049345,0,2,2,1.1325892448924972,-0.28549519127799955,2.0,0,1,1,0
S04661,4,6,44,41,13,3,2020.0,Yes,2,2021.0,Not Placed,UK,9,-0.8785035087145754,0.44861364773929696,4,3,0,0.7962898076062874,-0.28549519127799955,1.0,1,0,1,0
S03039,0,5,32,24,12,3,2023.0,No,2,2024.0,Placed,Russia,11,1.6110793502205576,-0.6196246686499577,3,0,0,0.8971796387921507,0.6906008193616664,1.0,1,1,0,0
S03358,8,4,13,45,8,4,2023.0,Yes,2,2025.0,Not Placed,UK,9,-0.8785035087145754,0.16994278259427376,3,0,1,-0.14534861679509983,-0.28549519127799955,2.0,0,0,1,0
S04336,2,7,12,10,9,6,2022.0,No,0,2023.0,Not Placed,UK,9,-0.8785035087145754,-0.24806351512326005,3,0,3,0.2918406516769728,-0.28549519127799955,1.0,0,0,0,0
S01330,2,7,12,26,5,2,2021.0,No,4,2023.0,Placed,UAE,5,1.548098860810554,-0.2712860872186792,2,4,0,-1.8941056906833906,-0.28549519127799955,2.0,1,1,0,0
S00802,2,5,41,38,9,2,2022.0,Yes,1,2025.0,Not Placed,UK,9,-0.8785035087145754,-1.385969547798771,3,0,1,0.3591005391342148,-0.28549519127799955,3.0,1,0,1,0
S04776,3,5,32,30,2,3,2022.0,Yes,0,2025.0,Not Placed,UK,9,-0.8785035087145754,-1.0608535384629105,2,3,0,0.8635496950635292,-0.28549519127799955,3.0,1,0,1,0
S01549,9,8,27,48,1,4,2019.0,Yes,1,2022.0,Placed,UK,6,1.5554538146458488,0.4718362198347161,4,1,0,0.42636042659145684,-0.7459178378061438,3.0,0,1,1,0
S04383,5,9,9,57,8,6,2020.0,Yes,3,2022.0,Placed,USA,8,0.15400975583646231,-1.5253049803712826,1,1,0,-1.8941056906833906,-0.5617487791948862,2.0,0,1,1,0
S04175,4,1,46,43,3,7,2023.0,No,2,2026.0,Not Placed,UK,9,-0.8785035087145754,1.6794099687964823,4,0,0,0.19095082049110992,-0.28549519127799955,3.0,0,0,0,0
S03799,6,2,3,42,4,2,2022.0,No,2,2024.0,Placed,Germany,4,1.2640556704689445,-1.5253049803712826,2,1,1,0.6617700326918035,-0.28549519127799955,2.0,1,1,0,0
S01654,6,9,42,47,9,1,2021.0,No,2,2023.0,Not Placed,UK,9,-0.8785035087145754,0.9362876617430871,3,1,1,0.9308095825207715,-0.7275009319450181,2.0,0,0,0,0
S04814,2,8,27,17,11,2,2023.0,Yes,0,2025.0,Placed,UK,8,0.3353596497324555,-1.5020824082758635,5,2,3,0.02280110184800505,-0.8011685553895213,2.0,1,1,1,0
S00047,4,9,35,32,6,0,2021.0,Yes,4,2022.0,Not Placed,UK,9,-0.8785035087145754,0.28605564307136727,4,0,0,-1.8941056906833906,-0.1197430385278676,1.0,0,0,1,0
S01806,6,8,29,64,14,6,2021.0,No,2,2022.0,Not Placed,UK,9,-0.8785035087145754,0.9362876617430871,5,2,2,0.9644395262493923,-0.41441353230587996,1.0,0,0,0,0
S02510,0,8,29,64,10,7,2021.0,Yes,3,2023.0,Placed,UK,3,1.7706010031093893,1.1685133826972731,3,2,2,0.3927304828628357,-0.41441353230587996,2.0,0,1,1,0
S00313,4,7,12,26,6,3,2019.0,No,1,2020.0,Placed,UAE,12,0.29473979745173945,-1.2466341152262594,3,0,1,0.8635496950635292,-0.28549519127799955,1.0,1,1,0,0
S04921,2,6,44,41,13,2,2020.0,Yes,4,2023.0,Not Placed,UK,9,-0.8785035087145754,1.37751653155604,4,3,0,0.49362031404869855,-0.28549519127799955,3.0,1,0,1,0
S00508,4,3,2,13,8,2,2021.0,Yes,3,2024.0,Placed,India,9,0.6677522953130534,-1.5253049803712826,5,3,3,0.3591005391342148,0.5800993841949118,3.0,1,1,1,0
S00304,9,5,32,30,8,5,2022.0,Yes,4,2024.0,Not Placed,UK,9,-0.8785035087145754,1.6794099687964823,1,4,1,1.0989593011638763,-0.28549519127799955,2.0,0,0,1,0
S01312,5,0,48,69,2,4,2020.0,No,3,2021.0,Not Placed,UK,9,-0.8785035087145754,1.4471842478422963,5,1,2,0.45999037032007767,-0.5249149674726347,1.0,0,0,0,0
S00329,5,0,37,65,4,4,2022.0,No,0,2024.0,Not Placed,UK,9,-0.8785035087145754,0.6576167965980638,4,0,3,-0.04445878560923697,-0.28549519127799955,2.0,0,0,0,0
S00245,9,7,12,10,10,7,2020.0,No,1,2023.0,Not Placed,UK,9,-0.8785035087145754,0.9595102338385062,2,2,3,0.09006098930524706,-0.28549519127799955,3.0,0,0,0,0
S04260,1,5,32,4,13,0,2019.0,No,3,2021.0,Not Placed,UK,9,-0.8785035087145754,-0.20161837093242285,5,2,1,0.5608802015059405,-0.28549519127799955,2.0,0,0,0,0
S04418,4,3,8,16,6,3,2022.0,No,3,2025.0,Placed,India,3,0.28683272911942526,-1.409192119894189,2,1,0,-1.8941056906833906,-0.28549519127799955,3.0,1,1,0,0
S00651,6,5,32,30,7,7,2023.0,Yes,0,2025.0,Placed,Russia,9,1.6193610676758492,1.3078488152697847,5,0,0,-1.8941056906833906,-0.28549519127799955,2.0,0,1,1,0
S03325,7,1,22,59,0,7,2021.0,No,4,2022.0,Placed,Finland,9,1.2291344285324648,1.3078488152697847,3,2,1,0.32547059540559364,-0.28549519127799955,1.0,0,1,0,0
S04630,9,3,47,31,5,1,2019.0,No,0,2021.0,Placed,India,6,-0.21714921478485774,1.4239616757468772,0,4,0,-1.8941056906833906,-0.28549519127799955,2.0,0,1,0,0
S00336,9,8,27,48,6,7,2019.0,No,4,2021.0,Placed,UK,7,0.9505532280363691,0.8898425175522499,4,0,1,0.7290299201490454,-0.7459178378061438,2.0,0,1,0,0
S04229,3,6,23,62,2,5,2022.0,No,1,2024.0,Placed,South Africa,1,0.8084626185534369,0.7505070849797383,4,4,0,-1.8941056906833906,-0.28549519127799955,2.0,0,1,0,0
S00554,8,0,37,65,3,1,2020.0,No,3,2023.0,Placed,Canada,4,1.7665587362562112,-0.7357375291270501,1,0,1,0.6617700326918035,-0.28549519127799955,3.0,0,1,0,1
S01829,6,3,47,31,10,1,2022.0,Yes,4,2023.0,Not Placed,UK,9,-0.8785035087145754,0.9362876617430871,0,3,0,0.056431045576625906,-0.28549519127799955,1.0,0,0,1,0
S02829,5,3,39,3,13,6,2023.0,No,4,2026.0,Placed,India,12,-0.26642543364384297,-1.5020824082758635,0,3,0,0.3927304828628357,-0.28549519127799955,3.0,0,1,0,0
S01148,9,4,13,51,11,7,2021.0,Yes,3,2022.0,Not Placed,UK,9,-0.8785035087145754,1.0524005222201807,2,4,0,-1.8941056906833906,-0.28549519127799955,1.0,0,0,1,0
S01537,7,3,11,18,1,5,2019.0,Yes,0,2021.0,Not Placed,UK,9,-0.8785035087145754,1.0059553780293433,1,3,3,0.49362031404869855,-0.28549519127799955,2.0,0,0,1,0
S04153,5,3,47,31,7,5,2020.0,No,4,2021.0,Placed,India,8,0.17635067459085618,-0.7821826733178874,4,4,3,1.1325892448924972,-0.28549519127799955,1.0,0,1,0,0
S03199,6,2,3,12,13,3,2023.0,No,0,2024.0,Not Placed,UK,9,-0.8785035087145754,-0.20161837093242285,1,3,0,-1.8941056906833906,-0.28549519127799955,1.0,1,0,0,0
S04188,1,8,27,48,2,2,2021.0,Yes,3,2023.0,Not Placed,UK,9,-0.8785035087145754,-0.5731795244591205,4,4,3,-0.21260850425234185,-0.7459178378061438,2.0,1,0,1,0
S03576,0,1,17,1,10,7,2022.0,No,3,2025.0,Placed,Finland,0,0.8339387589159054,1.4471842478422963,5,4,0,1.0653293574352556,0.8747698779729242,3.0,0,1,0,0
S00993,8,9,35,5,10,7,2019.0,No,3,2020.0,Placed,USA,2,0.6245296175463885,-0.8518503896041437,2,0,1,0.19095082049110992,-0.580165685056012,1.0,0,1,0,0
S02741,3,7,12,10,4,2,2019.0,No,0,2020.0,Not Placed,UK,9,-0.8785035087145754,0.05382992211718125,4,1,2,0.8635496950635292,-0.28549519127799955,1.0,1,0,0,0
S00536,5,0,37,65,10,0,2021.0,Yes,4,2024.0,Placed,Canada,4,0.61443380960089,0.8201748012659946,3,4,1,0.6953999764204246,-0.28549519127799955,3.0,0,1,1,1
S02210,4,3,11,6,0,6,2022.0,Yes,4,2024.0,Placed,India,11,1.226492166296729,1.0756230943155987,0,4,0,0.25821070794835194,-0.28549519127799955,2.0,0,1,1,0
S00752,5,7,12,26,6,5,2023.0,Yes,4,2025.0,Not Placed,UK,9,-0.8785035087145754,-1.618195268752957,0,1,3,-0.07808872933785782,-0.28549519127799955,2.0,0,0,1,0
S01338,2,5,32,4,11,6,2022.0,Yes,3,2025.0,Not Placed,UK,9,-0.8785035087145754,-0.31773123140951637,1,1,0,-1.8941056906833906,-0.28549519127799955,3.0,0,0,1,0
S03650,0,1,49,70,1,4,2023.0,Yes,3,2025.0,Placed,Finland,7,1.3430474802925119,1.1917359547926911,2,1,3,0.9308095825207715,-0.28549519127799955,2.0,0,1,1,0
S00539,7,1,17,1,8,7,2023.0,Yes,0,2024.0,Placed,Finland,3,0.1927760808771846,-0.5964020965545386,4,2,3,0.19095082049110992,0.8747698779729242,1.0,0,1,1,0
S00878,9,5,41,38,0,0,2023.0,Yes,3,2026.0,Not Placed,UK,9,-0.8785035087145754,-0.29450865931409725,1,0,0,-1.8941056906833906,-0.28549519127799955,3.0,0,0,1,0
S04236,0,6,19,37,2,7,2023.0,No,2,2024.0,Not Placed,UK,9,-0.8785035087145754,1.586519680414808,3,3,0,0.09006098930524706,-0.28549519127799955,1.0,0,0,0,0
S03489,5,4,18,33,13,1,2020.0,Yes,4,2022.0,Placed,Ireland,9,-0.10161925628353946,1.6329648246056452,3,1,0,-1.8941056906833906,-0.28549519127799955,2.0,0,1,1,0
S01108,6,8,6,55,1,0,2020.0,Yes,2,2021.0,Placed,UK,3,1.200542784936815,0.6111716524072267,1,0,0,0.2245807642197308,-0.8748361788340243,1.0,0,1,1,0
S00565,6,1,22,59,0,2,2020.0,Yes,3,2022.0,Placed,Finland,6,0.5459321752206922,0.10027506630801845,4,4,1,1.1325892448924972,-0.28549519127799955,2.0,1,1,1,0
S01364,2,7,12,10,5,2,2020.0,No,2,2021.0,Not Placed,UK,9,-0.8785035087145754,1.1917359547926911,2,1,0,0.3927304828628357,-0.28549519127799955,1.0,1,0,0,0
S00221,7,6,23,71,4,4,2019.0,No,3,2021.0,Not Placed,UK,9,-0.8785035087145754,0.4021685035484598,3,1,0,0.7962898076062874,-0.28549519127799955,2.0,0,0,0,0
S02634,5,2,3,12,2,2,2022.0,No,3,2023.0,Not Placed,UK,9,-0.8785035087145754,-1.409192119894189,5,0,1,0.6281400889631826,-0.28549519127799955,1.0,1,0,0,0
S00590,8,3,33,14,14,2,2019.0,No,2,2022.0,Not Placed,UK,9,-0.8785035087145754,1.1685133826972731,3,2,0,-1.8941056906833906,-0.08290922680561606,3.0,1,0,0,0
S01706,4,2,3,12,5,3,2020.0,Yes,4,2022.0,Not Placed,UK,9,-0.8785035087145754,-1.0840761105583296,2,1,0,-1.8941056906833906,-0.28549519127799955,2.0,1,0,1,0
S03544,0,1,22,59,11,4,2019.0,Yes,2,2020.0,Placed,Finland,7,0.859020531780503,-0.01583779416907404,4,4,1,0.6617700326918035,-0.28549519127799955,1.0,0,1,1,0
S04702,0,9,42,40,2,0,2023.0,Yes,2,2025.0,Not Placed,UK,9,-0.8785035087145754,-1.1769663989400032,1,0,2,-0.010828841880616107,-0.819585461250647,2.0,0,0,1,0
S03413,1,5,32,4,0,0,2023.0,Yes,1,2026.0,Placed,Russia,1,0.22471984820473803,-1.5253049803712826,5,4,3,0.7290299201490454,-0.28549519127799955,3.0,0,1,1,0
S04018,4,0,37,65,13,1,2023.0,Yes,0,2025.0,Not Placed,UK,9,-0.8785035087145754,0.8433973733614127,0,2,1,0.9308095825207715,-0.28549519127799955,2.0,0,0,1,0
S00008,7,8,6,55,9,4,2023.0,No,1,2024.0,Placed,UK,3,1.0587676694521797,0.6576167965980638,3,4,1,-0.07808872933785782,-0.8748361788340243,1.0,0,1,0,0
S01631,9,3,33,14,13,3,2021.0,No,3,2023.0,Not Placed,UK,9,-0.8785035087145754,-0.7589601012224693,3,4,1,0.6281400889631826,-0.08290922680561606,2.0,1,0,0,0
S04240,4,2,34,22,7,6,2022.0,No,3,2025.0,Not Placed,UK,9,-0.8785035087145754,1.4936293920331336,0,3,2,0.7626598638776666,-0.28549519127799955,3.0,0,0,0,0
S01515,1,5,36,34,14,2,2021.0,Yes,0,2023.0,Not Placed,UK,9,-0.8785035087145754,-1.594972696657538,1,1,0,0.19095082049110992,-0.28549519127799955,2.0,1,0,1,0
S03868,3,1,49,70,2,6,2019.0,Yes,1,2022.0,Placed,Finland,12,1.3537348394848168,1.6329648246056452,2,2,0,-1.8941056906833906,-0.28549519127799955,3.0,0,1,1,0
S04813,2,1,21,61,9,5,2022.0,No,1,2023.0,Not Placed,UK,9,-0.8785035087145754,-1.0608535384629105,3,3,3,0.8971796387921507,0.966854407278553,1.0,0,0,0,0
S03204,8,3,11,15,0,6,2020.0,No,3,2023.0,Not Placed,UK,9,-0.8785035087145754,-0.457066663982028,3,1,2,0.5608802015059405,2.348122346862986,3.0,0,0,0,0
S01318,8,2,3,12,0,2,2022.0,No,4,2023.0,Not Placed,UK,9,-0.8785035087145754,0.8201748012659946,5,0,0,0.12369093303386793,-0.28549519127799955,1.0,1,0,0,0
S04351,4,2,0,36,6,3,2023.0,Yes,1,2024.0,Not Placed,UK,9,-0.8785035087145754,1.7490776850827376,0,1,2,0.2245807642197308,1.040522030723056,1.0,1,0,1,0
S02056,3,6,40,67,8,5,2022.0,Yes,1,2025.0,Not Placed,UK,9,-0.8785035087145754,-1.130521254749167,3,1,2,0.056431045576625906,-0.28549519127799955,3.0,0,0,1,0
S03621,5,8,4,53,10,3,2019.0,Yes,3,2021.0,Placed,UK,8,0.14123224890544092,-1.57175012456212,3,2,1,0.7290299201490454,0.6353501017782891,2.0,1,1,1,0
S00264,8,6,14,63,3,7,2021.0,No,1,2023.0,Not Placed,UK,9,-0.8785035087145754,1.3078488152697847,2,2,0,-0.14534861679509983,-0.28549519127799955,2.0,0,0,0,0
S00710,2,5,36,34,7,4,2021.0,Yes,1,2023.0,Placed,Russia,1,2.0539540503297244,1.1452908106018551,4,1,2,0.7962898076062874,-0.28549519127799955,2.0,0,1,1,0
S02984,9,4,13,51,0,1,2020.0,No,3,2022.0,Placed,Ireland,1,0.2147620688834945,1.7490776850827376,3,1,0,-1.8941056906833906,-0.28549519127799955,2.0,0,1,0,0
S01235,5,0,37,65,11,5,2022.0,No,4,2023.0,Not Placed,UK,9,-0.8785035087145754,1.6561873967010632,1,0,0,-1.8941056906833906,-0.28549519127799955,1.0,0,0,0,0
S02781,6,2,3,12,8,3,2020.0,No,3,2021.0,Not Placed,UK,9,-0.8785035087145754,0.4253910756438789,3,0,0,1.0989593011638763,-0.28549519127799955,1.0,1,0,0,0
S04222,5,8,27,48,8,4,2021.0,No,0,2023.0,Not Placed,UK,9,-0.8785035087145754,1.2846262431743656,3,3,0,0.09006098930524706,-0.7459178378061438,2.0,0,0,0,0
S01673,3,5,41,38,8,5,2019.0,No,1,2020.0,Placed,Russia,10,0.27354254444117154,0.5415039361209714,1,3,1,0.9644395262493923,-0.28549519127799955,1.0,0,1,0,0
S04562,8,0,50,54,6,7,2020.0,No,1,2021.0,Placed,Canada,10,1.5544284591513842,-0.06228293835991124,3,4,3,0.9980694699780132,-0.28549519127799955,1.0,0,1,0,1
S04861,6,0,31,28,5,6,2019.0,No,3,2022.0,Placed,Canada,4,0.46272063316990475,-0.41062151979119077,1,1,3,0.12369093303386793,-0.41441353230587996,3.0,0,1,0,1
S00366,4,7,43,2,7,2,2021.0,Yes,2,2022.0,Placed,UAE,8,-0.09231218333378315,0.8898425175522499,0,0,3,0.8299197513349084,-0.28549519127799955,1.0,1,1,1,0
S02140,3,2,0,36,9,5,2020.0,Yes,0,2022.0,Placed,Germany,11,-0.1644617170692881,0.05382992211718125,1,3,2,0.02280110184800505,1.040522030723056,2.0,0,1,1,0
S00177,3,4,18,33,12,7,2023.0,No,3,2025.0,Placed,Ireland,0,0.8300345206869822,-0.13195065464616756,1,2,2,0.3591005391342148,-0.28549519127799955,2.0,0,1,0,0
S02897,5,0,25,35,5,6,2023.0,No,4,2024.0,Placed,Canada,10,-0.21862809290187413,-0.5267343802682832,4,3,2,0.2918406516769728,3.6188888512806643,1.0,0,1,0,1
S01915,5,8,27,21,10,0,2021.0,Yes,0,2023.0,Placed,UK,8,0.8142401023972475,1.4239616757468772,2,0,0,-1.8941056906833906,-0.35916281472250267,2.0,0,1,1,0
S04239,7,3,11,18,13,3,2022.0,Yes,4,2023.0,Not Placed,UK,9,-0.8785035087145754,-0.06228293835991124,5,3,3,0.8635496950635292,-0.28549519127799955,1.0,1,0,1,0
S03078,2,6,19,37,1,3,2023.0,No,4,2025.0,Placed,South Africa,3,1.1195791376238926,-0.6428472407453758,3,4,2,0.8635496950635292,-0.28549519127799955,2.0,1,1,0,0
S02384,1,2,20,9,2,2,2023.0,No,2,2025.0,Placed,Germany,2,1.2353851533737206,1.7026325408919005,1,0,0,0.19095082049110992,-0.28549519127799955,2.0,1,1,0,0
S02639,2,7,1,20,6,1,2020.0,Yes,3,2021.0,Placed,UAE,2,1.127742544829823,1.2846262431743656,5,0,0,-1.8941056906833906,-0.28549519127799955,1.0,0,1,1,0
S02583,0,4,18,33,2,2,2021.0,No,3,2023.0,Placed,Ireland,2,1.8050095672986366,0.44861364773929696,5,2,2,0.45999037032007767,-0.28549519127799955,2.0,1,1,0,0
S00186,0,4,13,7,13,0,2021.0,No,2,2024.0,Not Placed,UK,9,-0.8785035087145754,1.2381810989835285,4,4,0,-1.8941056906833906,-0.28549519127799955,3.0,0,0,0,0
S04295,6,3,39,3,2,3,2022.0,No,2,2025.0,Placed,India,7,1.1237988698511125,-0.7821826733178874,2,0,2,0.2918406516769728,-0.28549519127799955,3.0,1,1,0,0
S03388,0,4,30,27,6,3,2019.0,No,4,2022.0,Not Placed,UK,9,-0.8785035087145754,0.7272845128843202,1,0,2,0.6617700326918035,-0.28549519127799955,3.0,1,0,0,0
S03870,4,1,46,43,3,7,2022.0,Yes,4,2025.0,Placed,Finland,2,1.475949327075049,0.8201748012659946,3,4,2,0.3591005391342148,-0.28549519127799955,3.0,0,1,1,0
S00707,2,3,39,3,11,0,2019.0,No,4,2020.0,Placed,India,8,0.0722770919026913,0.28605564307136727,1,4,3,0.5608802015059405,-0.28549519127799955,1.0,0,1,0,0
S03826,5,4,30,27,14,5,2022.0,Yes,3,2024.0,Not Placed,UK,9,-0.8785035087145754,1.5632971083193887,5,1,1,-0.14534861679509983,-0.28549519127799955,2.0,0,0,1,0
S02119,5,7,12,29,12,7,2019.0,Yes,1,2020.0,Not Placed,UK,9,-0.8785035087145754,-0.29450865931409725,4,4,2,0.42636042659145684,-0.28549519127799955,1.0,0,0,1,0
S00892,8,3,2,13,12,0,2023.0,Yes,2,2026.0,Not Placed,UK,9,-0.8785035087145754,-1.339524403607934,3,3,0,-0.14534861679509983,0.5800993841949118,3.0,0,0,1,0
S01001,3,0,16,52,11,2,2022.0,No,0,2023.0,Placed,Canada,10,-0.029489440922928035,-0.8750729616995618,1,4,2,0.8299197513349084,1.114189654167559,1.0,1,1,0,1
S04226,1,6,19,37,2,0,2020.0,Yes,1,2021.0,Placed,South Africa,0,1.9225310816642036,-0.7821826733178874,0,4,2,0.3591005391342148,-0.28549519127799955,1.0,0,1,1,0
S01810,0,3,8,16,10,4,2022.0,Yes,2,2023.0,Placed,India,6,0.7881329740381853,0.6576167965980638,1,3,1,0.5272502577773197,-0.28549519127799955,1.0,0,1,1,0
S03287,1,8,38,66,7,2,2023.0,Yes,4,2026.0,Not Placed,UK,9,-0.8785035087145754,0.44861364773929696,2,0,2,-0.11171867306647898,-0.8564192729728985,3.0,1,0,1,0
S00938,8,4,18,33,0,1,2023.0,Yes,1,2025.0,Placed,Ireland,3,2.0567934963143957,-0.08550551045533036,4,1,0,0.5945101452345617,-0.28549519127799955,2.0,0,1,1,0
S04459,2,9,5,8,10,7,2020.0,Yes,0,2023.0,Not Placed,UK,9,-0.8785035087145754,-1.2001889710354223,2,2,3,0.6617700326918035,-0.8380023671117728,3.0,0,0,1,0
S00840,2,0,37,65,8,7,2019.0,Yes,3,2022.0,Not Placed,UK,9,-0.8785035087145754,1.1685133826972731,3,4,2,0.056431045576625906,-0.28549519127799955,3.0,0,0,1,0
S01274,3,5,32,30,13,3,2023.0,Yes,2,2026.0,Not Placed,UK,9,-0.8785035087145754,-0.7821826733178874,3,1,3,0.6617700326918035,-0.28549519127799955,3.0,1,0,1,0
S02338,2,9,9,57,14,3,2020.0,No,2,2021.0,Not Placed,UK,9,-0.8785035087145754,-0.039060366264493156,4,2,2,0.056431045576625906,-0.5617487791948862,1.0,1,0,0,0
S01192,8,3,11,6,13,7,2022.0,No,2,2023.0,Not Placed,UK,9,-0.8785035087145754,-0.4338440918866089,4,4,1,0.3927304828628357,-0.28549519127799955,1.0,0,0,0,0
S04033,5,9,35,32,12,0,2022.0,No,4,2025.0,Not Placed,UK,9,-0.8785035087145754,0.913065089647669,1,2,3,-0.11171867306647898,-0.1197430385278676,3.0,0,0,0,0
S04464,7,8,4,53,11,2,2021.0,Yes,0,2023.0,Placed,UK,3,-0.02314012420720445,-1.130521254749167,3,0,0,-0.21260850425234185,0.6353501017782891,2.0,1,1,1,0
S03754,1,9,35,32,13,6,2020.0,No,1,2023.0,Placed,USA,8,0.9462940590593619,0.23961049888053007,2,2,2,0.2245807642197308,-0.1197430385278676,3.0,0,1,0,0
S03822,9,7,12,26,5,5,2020.0,Yes,2,2021.0,Placed,UAE,6,1.5825074249998015,-1.5485275524667008,2,3,0,-0.010828841880616107,-0.28549519127799955,1.0,0,1,1,0
S00223,4,9,9,57,3,2,2021.0,Yes,1,2024.0,Not Placed,UK,9,-0.8785035087145754,-1.7110855571346315,1,0,2,0.6617700326918035,-0.5617487791948862,3.0,1,0,1,0
S03301,4,5,24,19,14,3,2019.0,No,0,2021.0,Not Placed,UK,9,-0.8785035087145754,-1.409192119894189,5,3,0,0.5945101452345617,-0.28549519127799955,2.0,1,0,0,0
S03556,5,2,20,9,11,2,2021.0,Yes,3,2023.0,Placed,Germany,11,1.720575486004449,0.4950587919301342,2,0,0,0.7626598638776666,-0.28549519127799955,2.0,1,1,1,0
S04021,4,7,12,10,8,2,2023.0,No,1,2025.0,Not Placed,UK,9,-0.8785035087145754,-1.0840761105583296,5,3,0,-1.8941056906833906,-0.28549519127799955,2.0,1,0,0,0
S00592,4,6,40,67,12,6,2020.0,No,2,2021.0,Placed,South Africa,0,1.2879937775897161,-0.5499569523637023,5,2,0,-1.8941056906833906,-0.28549519127799955,1.0,0,1,0,0
S03266,8,5,41,38,11,7,2021.0,No,2,2023.0,Placed,Russia,9,0.9727561181665081,1.4704068199377145,0,3,1,0.42636042659145684,-0.28549519127799955,2.0,0,1,0,0
S03970,5,0,16,52,14,0,2023.0,Yes,1,2026.0,Placed,Canada,0,1.4601549087853143,-0.3641763756003536,1,0,2,0.9980694699780132,1.114189654167559,3.0,0,1,1,1
S03528,1,0,37,65,13,5,2019.0,No,2,2020.0,Not Placed,UK,9,-0.8785035087145754,-0.06228293835991124,1,0,0,0.1573208767624888,-0.28549519127799955,1.0,0,0,0,0
S02784,9,8,6,55,8,5,2022.0,Yes,4,2023.0,Placed,UK,10,0.5020785094574336,0.4253910756438789,1,4,1,0.49362031404869855,-0.8748361788340243,1.0,0,1,1,0
S00302,4,6,19,37,14,5,2019.0,No,1,2021.0,Not Placed,UK,9,-0.8785035087145754,-0.039060366264493156,3,2,0,-1.8941056906833906,-0.28549519127799955,2.0,0,0,0,0
S01017,5,7,1,73,9,5,2022.0,No,1,2025.0,Placed,UAE,7,1.6581668294663585,1.37751653155604,4,0,2,0.8299197513349084,-0.28549519127799955,3.0,0,1,0,0
S03491,6,0,27,72,11,3,2021.0,Yes,2,2024.0,Not Placed,UK,9,-0.8785035087145754,-1.2001889710354223,1,1,3,-0.178978560523721,1.611446112417955,3.0,1,0,1,0
S04208,4,7,43,2,8,7,2023.0,Yes,4,2024.0,Placed,UAE,6,0.7665019167799593,-0.3641763756003536,2,3,1,0.056431045576625906,-0.28549519127799955,1.0,0,1,1,0
S00932,9,7,43,2,11,7,2023.0,No,1,2026.0,Placed,UAE,10,1.5226424388229791,0.5879490803118086,5,2,3,0.9980694699780132,-0.28549519127799955,3.0,0,1,0,0
S03265,9,6,23,62,2,4,2022.0,Yes,0,2025.0,Placed,South Africa,10,0.4561544143303521,-0.7589601012224693,0,4,2,0.5945101452345617,-0.28549519127799955,3.0,0,1,1,0
S03585,9,4,30,27,1,4,2020.0,Yes,1,2022.0,Not Placed,UK,9,-0.8785035087145754,-0.6196246686499577,5,2,0,-1.8941056906833906,-0.28549519127799955,2.0,0,0,1,0
S02327,0,7,12,26,9,1,2020.0,Yes,3,2022.0,Not Placed,UK,9,-0.8785035087145754,0.19316535468969287,5,0,0,1.031699413706634,-0.28549519127799955,2.0,0,0,1,0
S04875,2,1,26,23,10,7,2021.0,Yes,0,2024.0,Not Placed,UK,9,-0.8785035087145754,-0.9679632500812362,5,0,0,-1.8941056906833906,-0.28549519127799955,3.0,0,0,1,0
S00312,3,5,32,30,3,3,2019.0,Yes,1,2020.0,Not Placed,UK,9,-0.8785035087145754,0.19316535468969287,4,3,1,0.6281400889631826,-0.28549519127799955,1.0,1,0,1,0
S03577,4,1,21,61,8,4,2021.0,No,1,2024.0,Not Placed,UK,9,-0.8785035087145754,-0.31773123140951637,1,0,3,0.5945101452345617,0.966854407278553,3.0,0,0,0,0
S02004,9,4,13,46,7,4,2021.0,Yes,3,2023.0,Not Placed,UK,9,-0.8785035087145754,-0.08550551045533036,5,0,2,0.7626598638776666,1.279941806917691,2.0,0,0,1,0
S01814,4,0,27,72,0,5,2022.0,Yes,4,2023.0,Not Placed,UK,9,-0.8785035087145754,-0.689292384936213,3,0,0,0.12369093303386793,1.611446112417955,1.0,0,0,1,0
S03122,8,5,32,24,4,2,2023.0,No,3,2025.0,Placed,Russia,7,1.6276427851311408,-1.5253049803712826,4,3,3,0.9980694699780132,0.6906008193616664,2.0,1,1,0,0
S00817,3,4,13,51,12,7,2023.0,Yes,4,2026.0,Placed,Ireland,11,0.2738580384394684,-0.17839579883700477,3,3,1,0.1573208767624888,-0.28549519127799955,3.0,0,1,1,0
S04679,2,8,27,17,4,7,2022.0,No,1,2023.0,Placed,UK,10,0.935034866995144,0.28605564307136727,0,4,1,-0.04445878560923697,-0.8011685553895213,1.0,0,1,0,0
S00156,2,8,27,48,3,7,2019.0,No,0,2020.0,Not Placed,UK,9,-0.8785035087145754,-0.6196246686499577,4,3,0,-1.8941056906833906,-0.7459178378061438,1.0,0,0,0,0
S03778,1,4,13,45,6,3,2023.0,Yes,1,2024.0,Not Placed,UK,9,-0.8785035087145754,1.2149585268881102,0,0,0,0.1573208767624888,-0.28549519127799955,1.0,1,0,1,0
S02758,2,5,32,30,13,1,2023.0,Yes,2,2025.0,Not Placed,UK,9,-0.8785035087145754,0.35572335935762256,4,1,0,-1.8941056906833906,-0.28549519127799955,2.0,0,0,1,0
S02966,2,3,11,6,4,4,2022.0,No,4,2024.0,Not Placed,UK,9,-0.8785035087145754,1.4007391036514591,1,4,3,0.2918406516769728,-0.28549519127799955,2.0,0,0,0,0
S03498,3,0,48,69,4,3,2020.0,Yes,3,2023.0,Not Placed,UK,9,-0.8785035087145754,-1.5020824082758635,5,0,1,-0.010828841880616107,-0.5249149674726347,3.0,1,0,1,0
S02528,8,6,44,41,1,0,2022.0,No,3,2025.0,Placed,South Africa,1,1.623146995655411,1.3078488152697847,3,2,0,0.7626598638776666,-0.28549519127799955,3.0,0,1,0,0
S02826,7,0,50,39,14,6,2021.0,No,2,2022.0,Not Placed,UK,9,-0.8785035087145754,-1.130521254749167,1,4,0,0.1573208767624888,-0.28549519127799955,1.0,0,0,0,0
S04917,4,9,42,47,10,2,2019.0,No,0,2021.0,Placed,USA,3,1.6241920695247694,0.6576167965980638,5,3,2,0.6617700326918035,-0.7275009319450181,2.0,1,1,0,0
S01156,0,4,13,7,3,3,2021.0,No,1,2023.0,Placed,Ireland,10,1.0778550563491376,-0.5267343802682832,4,4,3,0.8635496950635292,-0.28549519127799955,2.0,1,1,0,0
S01700,3,9,42,40,12,0,2019.0,No,0,2022.0,Placed,USA,5,1.724144511860182,-0.921518105890399,0,3,2,0.6953999764204246,-0.819585461250647,3.0,0,1,0,0
S03608,4,9,35,32,12,1,2019.0,No,4,2022.0,Placed,USA,9,1.9840524113320843,-0.38739894769577166,0,4,0,-0.010828841880616107,-0.1197430385278676,3.0,0,1,0,0
S02398,2,1,49,70,10,7,2022.0,Yes,2,2025.0,Not Placed,UK,9,-0.8785035087145754,-0.8750729616995618,0,0,0,0.9308095825207715,-0.28549519127799955,3.0,0,0,1,0
S03592,3,4,13,46,12,6,2023.0,No,0,2024.0,Placed,Ireland,12,0.7043298807405914,0.9362876617430871,5,4,1,0.3927304828628357,1.279941806917691,1.0,0,1,0,0
S02968,0,9,35,5,12,7,2022.0,Yes,3,2023.0,Not Placed,UK,9,-0.8785035087145754,0.14672021049885567,5,3,0,-1.8941056906833906,-0.580165685056012,1.0,0,0,1,0
S04697,7,1,46,43,2,3,2022.0,No,2,2024.0,Not Placed,UK,9,-0.8785035087145754,0.9827328059339243,2,4,1,-0.04445878560923697,-0.28549519127799955,2.0,1,0,0,0
S03977,0,1,46,43,13,0,2022.0,Yes,4,2024.0,Placed,Finland,2,0.6917692759333991,0.8433973733614127,3,4,0,0.7962898076062874,-0.28549519127799955,2.0,0,1,1,0
S02919,6,3,11,15,0,7,2020.0,No,3,2023.0,Placed,India,12,2.068801986624569,-0.6196246686499577,2,0,0,-1.8941056906833906,2.348122346862986,3.0,0,1,0,0
S00279,2,7,12,29,8,4,2019.0,Yes,3,2020.0,Placed,UAE,3,0.9636856657154744,-0.6196246686499577,1,3,3,0.6953999764204246,-0.28549519127799955,1.0,0,1,1,0
S04970,5,8,38,66,4,5,2019.0,No,3,2020.0,Placed,UK,7,0.7618483803050812,0.5879490803118086,0,1,0,-1.8941056906833906,-0.8564192729728985,1.0,0,1,0,0
S01127,6,5,24,19,3,4,2020.0,No,4,2021.0,Not Placed,UK,9,-0.8785035087145754,0.6111716524072267,5,1,0,-0.07808872933785782,-0.28549519127799955,1.0,0,0,0,0
S01078,6,4,18,33,6,7,2023.0,Yes,0,2026.0,Placed,Ireland,8,0.5837322998916303,-1.4788598361804455,0,0,0,-1.8941056906833906,-0.28549519127799955,3.0,0,1,1,0
S04479,8,1,49,70,5,1,2021.0,No,2,2024.0,Not Placed,UK,9,-0.8785035087145754,0.6343942245026458,1,4,2,0.32547059540559364,-0.28549519127799955,3.0,0,0,0,0
S03494,4,5,32,4,7,0,2023.0,No,1,2026.0,Placed,Russia,0,-0.044140193468836804,0.6808393686934829,5,0,0,0.2918406516769728,-0.28549519127799955,3.0,0,1,0,0
S03878,6,7,43,2,1,7,2020.0,Yes,3,2021.0,Not Placed,UK,9,-0.8785035087145754,1.0524005222201807,0,1,3,0.7962898076062874,-0.28549519127799955,1.0,0,0,1,0
S02288,6,8,27,17,8,5,2023.0,No,3,2026.0,Placed,UK,2,0.5551998114206613,-1.1769663989400032,0,3,0,0.5272502577773197,-0.8011685553895213,3.0,0,1,0,0
S01782,8,6,14,63,1,5,2023.0,No,4,2025.0,Placed,South Africa,7,2.0281032608442784,0.10027506630801845,4,1,0,1.0653293574352556,-0.28549519127799955,2.0,0,1,0,0
S01799,8,3,2,13,5,2,2021.0,No,1,2024.0,Placed,India,0,0.07180385090524607,1.7258551129873196,0,2,3,0.09006098930524706,0.5800993841949118,3.0,1,1,0,0
S03808,8,9,35,32,0,5,2022.0,No,3,2024.0,Not Placed,UK,9,-0.8785035087145754,0.19316535468969287,4,1,0,0.02280110184800505,-0.1197430385278676,2.0,0,0,0,0
S00950,1,7,12,26,11,7,2019.0,Yes,4,2020.0,Not Placed,UK,9,-0.8785035087145754,0.6808393686934829,4,4,0,-1.8941056906833906,-0.28549519127799955,1.0,0,0,1,0
S03102,5,9,5,25,6,3,2022.0,No,4,2025.0,Not Placed,UK,9,-0.8785035087145754,0.6576167965980638,0,1,2,0.3591005391342148,-0.8932530846951501,3.0,1,0,0,0
S00843,0,3,2,13,5,4,2023.0,Yes,1,2025.0,Placed,India,7,1.387630725926832,1.5400745362239707,0,4,0,0.6617700326918035,0.5800993841949118,2.0,0,1,1,0
S01771,7,9,35,32,11,3,2023.0,Yes,3,2026.0,Placed,USA,11,1.7858827436518916,0.913065089647669,0,2,0,-1.8941056906833906,-0.1197430385278676,3.0,1,1,1,0
S04792,8,2,34,44,13,2,2020.0,Yes,3,2021.0,Not Placed,UK,9,-0.8785035087145754,0.16994278259427376,2,3,1,1.1325892448924972,-0.08290922680561606,1.0,1,0,1,0
S04105,6,7,12,26,1,0,2019.0,No,2,2022.0,Placed,UAE,3,0.23079310767195188,1.4936293920331336,0,0,3,1.0989593011638763,-0.28549519127799955,3.0,0,1,0,0
S00471,0,7,1,73,4,0,2020.0,No,2,2021.0,Placed,UAE,11,-0.14945603377529543,-0.10872808255074845,4,0,3,0.19095082049110992,-0.28549519127799955,1.0,0,1,0,0
S02842,9,2,45,68,5,6,2019.0,No,0,2020.0,Not Placed,UK,9,-0.8785035087145754,-0.2712860872186792,2,3,3,0.7962898076062874,4.8344046381149655,1.0,0,0,0,0
S02006,6,0,37,65,5,0,2021.0,No,2,2023.0,Not Placed,UK,9,-0.8785035087145754,0.7505070849797383,4,1,1,0.19095082049110992,-0.28549519127799955,2.0,0,0,0,0
S03457,6,5,32,11,7,7,2022.0,No,0,2024.0,Not Placed,UK,9,-0.8785035087145754,1.6329648246056452,1,4,2,0.8299197513349084,-0.28549519127799955,2.0,0,0,0,0
S02551,1,8,38,66,3,7,2019.0,No,3,2020.0,Placed,UK,11,0.0689841232954682,-1.2001889710354223,5,2,0,0.02280110184800505,-0.8564192729728985,1.0,0,1,0,0
S01194,5,1,26,23,6,0,2020.0,No,4,2023.0,Placed,Finland,8,1.5915975958257287,-0.4338440918866089,2,2,0,-1.8941056906833906,-0.28549519127799955,3.0,0,1,0,0
S01566,0,3,11,15,3,5,2022.0,Yes,4,2023.0,Not Placed,UK,9,-0.8785035087145754,1.6329648246056452,2,3,0,-1.8941056906833906,2.348122346862986,1.0,0,0,1,0
S00419,7,2,3,12,5,6,2021.0,Yes,4,2023.0,Placed,Germany,4,0.30554546689340567,-1.0144083942720734,0,3,1,0.02280110184800505,-0.28549519127799955,2.0,0,1,1,0
S00934,6,4,30,27,5,7,2023.0,No,1,2026.0,Not Placed,UK,9,-0.8785035087145754,1.4239616757468772,5,3,0,-1.8941056906833906,-0.28549519127799955,3.0,0,0,0,0
S03194,3,2,20,9,9,4,2020.0,No,3,2023.0,Placed,Germany,1,0.24406357397531206,-0.5035118081728652,4,1,1,0.1573208767624888,-0.28549519127799955,3.0,0,1,0,0
S04850,9,1,26,23,0,0,2021.0,No,1,2024.0,Placed,Finland,0,-0.13358274198598646,0.7969522291705755,0,3,0,1.031699413706634,-0.28549519127799955,3.0,0,1,0,0
S01754,8,6,14,63,1,2,2020.0,No,2,2023.0,Not Placed,UK,9,-0.8785035087145754,0.704061940788901,4,3,3,0.3591005391342148,-0.28549519127799955,3.0,1,0,0,0
S01987,9,2,0,36,13,4,2019.0,No,1,2021.0,Not Placed,UK,9,-0.8785035087145754,-0.039060366264493156,2,2,0,-1.8941056906833906,1.040522030723056,2.0,0,0,0,0
S03303,5,2,45,68,1,2,2023.0,Yes,4,2024.0,Not Placed,UK,9,-0.8785035087145754,-1.130521254749167,2,2,0,0.2245807642197308,4.8344046381149655,1.0,1,0,1,0
S00172,3,0,50,39,5,3,2023.0,No,3,2024.0,Placed,Canada,12,-0.160202548092281,0.07705249421259934,5,1,1,0.3927304828628357,-0.28549519127799955,1.0,1,1,0,1
S01165,1,9,35,5,12,5,2019.0,No,3,2021.0,Not Placed,UK,9,-0.8785035087145754,-1.618195268752957,1,3,0,0.3591005391342148,-0.580165685056012,2.0,0,0,0,0
S03886,5,4,13,46,8,3,2019.0,No,3,2022.0,Not Placed,UK,9,-0.8785035087145754,-1.4324146919896081,4,4,1,0.45999037032007767,1.279941806917691,3.0,1,0,0,0
S01975,1,3,2,13,11,3,2021.0,Yes,3,2022.0,Placed,India,9,0.24749457120679003,-0.5499569523637023,1,0,1,0.056431045576625906,0.5800993841949118,1.0,1,1,1,0
S01976,8,9,35,5,11,1,2020.0,No,4,2022.0,Placed,USA,7,0.5498364134496153,-0.6428472407453758,0,3,3,1.031699413706634,-0.580165685056012,2.0,0,1,0,0
S03062,6,7,12,29,8,1,2022.0,No,2,2025.0,Placed,UAE,10,0.9605307257325062,1.4704068199377145,2,0,1,0.7962898076062874,-0.28549519127799955,3.0,0,1,0,0
S04878,5,0,48,69,8,1,2023.0,No,3,2025.0,Not Placed,UK,9,-0.8785035087145754,-0.457066663982028,3,0,0,-1.8941056906833906,-0.5249149674726347,2.0,0,0,0,0
S00560,0,7,1,73,3,3,2022.0,Yes,2,2024.0,Placed,UAE,7,0.2588917918952628,1.0988456664110178,0,0,3,0.7962898076062874,-0.28549519127799955,2.0,1,1,1,0
S04812,0,9,28,49,14,6,2022.0,No,1,2024.0,Not Placed,UK,9,-0.8785035087145754,-1.0376309663674925,2,2,0,-1.8941056906833906,-0.3407459088613769,2.0,0,0,0,0
S02473,3,1,49,70,1,1,2022.0,Yes,1,2023.0,Not Placed,UK,9,-0.8785035087145754,-0.5499569523637023,3,3,1,1.031699413706634,-0.28549519127799955,1.0,0,0,1,0
S00504,1,2,3,42,13,7,2019.0,No,0,2020.0,Not Placed,UK,9,-0.8785035087145754,1.6794099687964823,1,3,1,0.19095082049110992,-0.28549519127799955,1.0,0,0,0,0
S00397,5,6,14,63,11,5,2021.0,Yes,2,2023.0,Not Placed,UK,9,-0.8785035087145754,0.28605564307136727,2,4,0,-1.8941056906833906,-0.28549519127799955,2.0,0,0,1,0
S02414,7,0,50,54,5,0,2020.0,Yes,4,2021.0,Placed,Canada,5,0.09798985276388247,-1.6878629850392124,1,3,0,-1.8941056906833906,-0.28549519127799955,1.0,0,1,1,1
S01053,8,7,12,10,14,4,2019.0,Yes,3,2022.0,Not Placed,UK,9,-0.8785035087145754,0.8666199454568319,5,1,0,0.02280110184800505,-0.28549519127799955,3.0,0,0,1,0
S01320,2,7,12,10,7,1,2023.0,Yes,0,2025.0,Placed,UAE,2,0.275060859307975,0.4950587919301342,3,3,3,0.6617700326918035,-0.28549519127799955,2.0,0,1,1,0
S03587,1,3,11,6,2,3,2019.0,No,4,2020.0,Placed,India,7,1.1360834174097953,1.331071387365203,5,2,3,0.9980694699780132,-0.28549519127799955,1.0,1,1,0,0
S01389,4,1,46,43,10,4,2020.0,No,4,2023.0,Not Placed,UK,9,-0.8785035087145754,-0.3409538035049345,4,2,2,-0.010828841880616107,-0.28549519127799955,3.0,0,0,0,0
S01195,9,1,17,1,5,2,2019.0,Yes,0,2022.0,Not Placed,UK,9,-0.8785035087145754,-0.7589601012224693,2,2,1,-0.178978560523721,0.8747698779729242,3.0,1,0,1,0
S03515,0,6,14,63,7,0,2021.0,Yes,1,2023.0,Not Placed,UK,9,-0.8785035087145754,0.030607350021762136,2,4,0,0.09006098930524706,-0.28549519127799955,2.0,0,0,1,0
S00275,8,9,5,25,6,6,2023.0,No,1,2026.0,Placed,USA,9,0.7919780571424279,0.9595102338385062,0,4,3,0.9980694699780132,-0.8932530846951501,3.0,0,1,0,0
S02846,9,1,46,43,11,4,2020.0,Yes,3,2021.0,Placed,Finland,10,1.9637227668168327,-1.153743826844585,5,0,1,0.42636042659145684,-0.28549519127799955,1.0,0,1,1,0
S04395,9,4,18,33,12,4,2020.0,No,1,2023.0,Placed,Ireland,2,1.1601201164050345,-0.5267343802682832,0,0,1,0.9644395262493923,-0.28549519127799955,3.0,0,1,0,0
S04184,2,4,13,7,14,0,2019.0,Yes,3,2022.0,Placed,Ireland,10,0.34117657032605325,-0.5499569523637023,4,0,2,0.7626598638776666,-0.28549519127799955,3.0,0,1,1,0
S01061,9,8,27,48,14,2,2022.0,No,3,2025.0,Placed,UK,12,0.7349525169502769,0.44861364773929696,4,0,3,-0.11171867306647898,-0.7459178378061438,3.0,1,1,0,0
S02531,0,3,8,16,0,7,2023.0,No,0,2025.0,Not Placed,UK,9,-0.8785035087145754,1.6561873967010632,1,1,2,0.6617700326918035,-0.28549519127799955,2.0,0,0,0,0
S03533,8,2,3,12,2,6,2021.0,Yes,4,2023.0,Placed,Germany,8,0.2959426183202461,0.35572335935762256,0,2,1,0.2245807642197308,-0.28549519127799955,2.0,0,1,1,0
S02575,9,3,47,31,0,1,2022.0,Yes,3,2025.0,Placed,India,1,0.9743730249077793,0.4253910756438789,4,3,3,0.9980694699780132,-0.28549519127799955,3.0,0,1,1,0
S01901,5,8,4,53,13,7,2020.0,Yes,0,2021.0,Not Placed,UK,9,-0.8785035087145754,0.4253910756438789,1,3,0,-1.8941056906833906,0.6353501017782891,1.0,0,0,1,0
S04182,4,0,25,35,12,2,2019.0,Yes,3,2020.0,Not Placed,UK,9,-0.8785035087145754,1.7026325408919005,2,1,0,0.42636042659145684,3.6188888512806643,1.0,1,0,1,0
S02710,6,4,18,33,4,2,2021.0,Yes,2,2022.0,Not Placed,UK,9,-0.8785035087145754,0.4021685035484598,2,1,2,0.32547059540559364,-0.28549519127799955,1.0,1,0,1,0
S00766,9,1,26,23,11,4,2022.0,Yes,0,2025.0,Not Placed,UK,9,-0.8785035087145754,0.28605564307136727,5,1,0,0.9644395262493923,-0.28549519127799955,3.0,0,0,1,0
S02456,9,4,13,45,0,3,2023.0,No,1,2024.0,Placed,Ireland,1,1.0388521108096926,-0.13195065464616756,1,2,1,0.12369093303386793,-0.28549519127799955,1.0,1,1,0,0
S00234,4,6,14,63,0,0,2023.0,Yes,0,2025.0,Placed,South Africa,1,0.21584657950263986,0.030607350021762136,4,4,0,-1.8941056906833906,-0.28549519127799955,2.0,0,1,1,0
S01875,5,7,1,73,0,3,2019.0,No,4,2021.0,Placed,UAE,6,1.1905061321159973,0.704061940788901,0,4,2,-0.14534861679509983,-0.28549519127799955,2.0,1,1,0,0
S04176,5,2,45,68,2,7,2023.0,Yes,4,2024.0,Placed,Germany,5,0.7344595575779381,0.4253910756438789,5,3,2,0.42636042659145684,4.8344046381149655,1.0,0,1,1,0
S00923,1,9,5,8,0,3,2019.0,Yes,3,2022.0,Not Placed,UK,9,-0.8785035087145754,0.35572335935762256,1,2,3,0.5272502577773197,-0.8380023671117728,3.0,1,0,1,0
S00080,8,2,3,42,5,6,2021.0,No,1,2024.0,Not Placed,UK,9,-0.8785035087145754,0.19316535468969287,5,2,1,0.5272502577773197,-0.28549519127799955,3.0,0,0,0,0
S01316,3,5,32,4,0,2,2023.0,Yes,0,2026.0,Not Placed,UK,9,-0.8785035087145754,-0.8750729616995618,4,4,0,-1.8941056906833906,-0.28549519127799955,3.0,1,0,1,0
S01962,8,2,34,44,0,5,2022.0,No,4,2023.0,Placed,Germany,0,-0.10804744649883725,0.3092782151667854,3,4,1,-0.07808872933785782,-0.08290922680561606,1.0,0,1,0,0
S03865,1,4,18,33,6,7,2020.0,No,0,2021.0,Placed,Ireland,5,1.4217632328675696,-0.9447406779858181,3,1,3,0.5945101452345617,-0.28549519127799955,1.0,0,1,0,0
S01482,8,9,35,32,10,2,2021.0,Yes,4,2024.0,Not Placed,UK,9,-0.8785035087145754,-1.2466341152262594,3,3,0,0.8299197513349084,-0.1197430385278676,3.0,1,0,1,0
S04905,7,5,32,30,0,2,2020.0,No,2,2022.0,Not Placed,UK,9,-0.8785035087145754,0.19316535468969287,5,0,3,0.8971796387921507,-0.28549519127799955,2.0,1,0,0,0
S04092,8,3,2,13,10,0,2021.0,No,0,2024.0,Not Placed,UK,9,-0.8785035087145754,0.16994278259427376,1,3,0,-1.8941056906833906,0.5800993841949118,3.0,0,0,0,0
S01161,9,5,41,38,7,0,2020.0,Yes,0,2023.0,Placed,Russia,5,0.9926125216843145,-0.48028923607744606,5,1,0,0.09006098930524706,-0.28549519127799955,3.0,0,1,1,0
S02419,5,2,20,9,5,3,2019.0,No,2,2020.0,Placed,Germany,3,-0.13082216950088923,0.12349763840343654,5,3,1,0.42636042659145684,-0.28549519127799955,1.0,1,1,0,0
S02491,4,3,11,18,14,6,2023.0,No,2,2026.0,Not Placed,UK,9,-0.8785035087145754,0.9362876617430871,5,1,0,0.32547059540559364,-0.28549519127799955,3.0,0,0,0,0
S04365,4,7,12,10,11,5,2020.0,Yes,2,2023.0,Not Placed,UK,9,-0.8785035087145754,0.3789459314530417,2,2,3,0.2245807642197308,-0.28549519127799955,3.0,0,0,1,0
S01567,7,3,2,13,0,1,2019.0,No,3,2020.0,Placed,India,12,0.09024053143071673,0.10027506630801845,1,4,0,0.42636042659145684,0.5800993841949118,1.0,0,1,0,0
S00785,3,0,48,69,9,7,2021.0,No,4,2022.0,Not Placed,UK,9,-0.8785035087145754,0.16994278259427376,0,4,0,-1.8941056906833906,-0.5249149674726347,1.0,0,0,0,0
S04694,8,9,5,8,10,4,2022.0,No,0,2023.0,Placed,USA,11,0.03640936797132111,1.1452908106018551,0,3,0,-1.8941056906833906,-0.8380023671117728,1.0,0,1,0,0
S04194,1,4,18,33,7,5,2020.0,Yes,4,2022.0,Not Placed,UK,9,-0.8785035087145754,1.4936293920331336,3,2,0,0.42636042659145684,-0.28549519127799955,2.0,0,0,1,0
S03365,9,2,3,12,13,0,2019.0,Yes,4,2022.0,Placed,Germany,9,1.544667863579076,-0.38739894769577166,1,0,0,-0.010828841880616107,-0.28549519127799955,3.0,0,1,1,0
S01528,1,3,47,31,11,0,2021.0,No,2,2023.0,Not Placed,UK,9,-0.8785035087145754,-1.130521254749167,3,4,0,1.0653293574352556,-0.28549519127799955,2.0,0,0,0,0
S02838,9,3,11,18,14,7,2019.0,No,3,2022.0,Placed,India,7,-0.026472529564214656,1.37751653155604,5,3,2,0.8299197513349084,-0.28549519127799955,3.0,0,1,0,0
S01920,9,5,32,4,14,7,2020.0,No,2,2023.0,Placed,Russia,3,1.159311663034399,-0.01583779416907404,5,0,1,-0.04445878560923697,-0.28549519127799955,3.0,0,1,0,0
S03996,0,8,27,17,2,7,2021.0,No,1,2022.0,Not Placed,UK,9,-0.8785035087145754,-1.2698566873216774,4,2,0,0.25821070794835194,-0.8011685553895213,1.0,0,0,0,0
S04343,0,6,7,56,1,0,2022.0,Yes,4,2024.0,Placed,South Africa,8,1.5026480066809178,-1.409192119894189,3,2,0,0.7962898076062874,3.195300016474772,2.0,0,1,1,0
S00351,5,3,2,13,8,7,2023.0,Yes,4,2026.0,Not Placed,UK,9,-0.8785035087145754,1.1917359547926911,0,0,0,0.7626598638776666,0.5800993841949118,3.0,0,0,1,0
S01379,8,3,39,3,6,0,2022.0,Yes,3,2024.0,Not Placed,UK,9,-0.8785035087145754,-0.5731795244591205,0,0,3,0.056431045576625906,-0.28549519127799955,2.0,0,0,1,0
S00606,9,6,40,67,4,5,2021.0,No,2,2023.0,Not Placed,UK,9,-0.8785035087145754,-1.594972696657538,0,1,3,0.12369093303386793,-0.28549519127799955,2.0,0,0,0,0
S02708,8,7,1,73,14,7,2021.0,Yes,2,2024.0,Placed,UAE,3,-0.055083891534757894,0.07705249421259934,4,0,0,-1.8941056906833906,-0.28549519127799955,3.0,0,1,1,0
S02116,5,2,34,44,1,3,2022.0,No,4,2023.0,Not Placed,UK,9,-0.8785035087145754,-0.2712860872186792,0,3,3,0.5272502577773197,-0.08290922680561606,1.0,1,0,0,0
S00459,8,1,49,0,4,0,2019.0,Yes,0,2020.0,Not Placed,UK,9,-0.8785035087145754,-1.57175012456212,3,2,2,0.45999037032007767,-0.28549519127799955,1.0,0,0,1,0
S01051,0,2,34,22,10,7,2020.0,No,4,2023.0,Placed,Germany,4,0.42986982059724793,-1.2234115431308403,0,0,2,0.5608802015059405,-0.28549519127799955,3.0,0,1,0,0
S00549,1,2,45,68,12,7,2023.0,No,3,2024.0,Not Placed,UK,9,-0.8785035087145754,0.8666199454568319,2,1,2,0.9308095825207715,4.8344046381149655,1.0,0,0,0,0
S04621,6,5,32,24,5,5,2023.0,No,0,2026.0,Not Placed,UK,9,-0.8785035087145754,1.4471842478422963,1,0,2,0.25821070794835194,0.6906008193616664,3.0,0,0,0,0
S00885,9,0,16,52,2,5,2022.0,Yes,4,2023.0,Placed,Canada,8,0.027023421521990592,-0.10872808255074845,2,4,0,0.9980694699780132,1.114189654167559,1.0,0,1,1,1
S01520,2,3,11,6,13,5,2019.0,No,1,2022.0,Placed,India,6,1.482633856163963,0.3325007872622045,2,2,3,-0.11171867306647898,-0.28549519127799955,3.0,0,1,0,0
S00232,4,1,46,43,1,3,2022.0,No,0,2023.0,Placed,Finland,11,1.1931089576019462,-0.24806351512326005,2,2,3,-0.14534861679509983,-0.28549519127799955,1.0,1,1,0,0
S04881,6,7,1,20,7,3,2019.0,Yes,1,2021.0,Placed,UAE,4,1.7064571295806663,0.4950587919301342,2,4,2,1.1325892448924972,-0.28549519127799955,2.0,1,1,1,0
S03328,0,9,35,5,8,7,2020.0,No,0,2023.0,Not Placed,UK,9,-0.8785035087145754,1.586519680414808,3,2,0,-1.8941056906833906,-0.580165685056012,3.0,0,0,0,0
S03395,8,1,17,1,0,7,2023.0,Yes,0,2025.0,Not Placed,UK,9,-0.8785035087145754,-1.0376309663674925,0,2,3,0.7290299201490454,0.8747698779729242,2.0,0,0,1,0
S04486,7,6,14,63,14,7,2021.0,Yes,0,2023.0,Placed,South Africa,5,1.2495626649221843,0.7969522291705755,5,1,2,0.7290299201490454,-0.28549519127799955,2.0,0,1,1,0
S04218,1,5,32,11,10,6,2020.0,Yes,3,2022.0,Not Placed,UK,9,-0.8785035087145754,-1.5020824082758635,5,2,0,-1.8941056906833906,-0.28549519127799955,2.0,0,0,1,0
S02627,3,2,20,9,9,4,2023.0,No,1,2026.0,Not Placed,UK,9,-0.8785035087145754,-0.08550551045533036,2,4,3,1.031699413706634,-0.28549519127799955,3.0,0,0,0,0
S03626,8,4,10,50,10,6,2020.0,Yes,3,2022.0,Placed,Ireland,9,0.5863942805022598,-1.2698566873216774,2,4,3,0.49362031404869855,-0.28549519127799955,2.0,0,1,1,0
S04093,6,1,49,0,14,3,2020.0,No,2,2023.0,Placed,Finland,9,1.954297383617715,-0.7125149570316321,2,2,0,-1.8941056906833906,-0.28549519127799955,3.0,1,1,0,0
S00101,2,1,22,59,7,6,2019.0,Yes,1,2022.0,Placed,Finland,6,0.0865531953256226,-0.22484094302784197,0,3,0,-1.8941056906833906,-0.28549519127799955,3.0,0,1,1,0
S00922,6,5,32,24,4,3,2022.0,Yes,0,2024.0,Placed,Russia,6,1.0718212336317108,0.3325007872622045,2,0,2,0.7626598638776666,0.6906008193616664,2.0,1,1,1,0
S04009,7,1,49,0,13,6,2022.0,Yes,2,2025.0,Not Placed,UK,9,-0.8785035087145754,-1.57175012456212,3,2,3,1.0653293574352556,-0.28549519127799955,3.0,0,0,1,0
S00157,7,8,38,66,10,6,2023.0,Yes,0,2024.0,Not Placed,UK,9,-0.8785035087145754,0.5415039361209714,5,1,3,-0.11171867306647898,-0.8564192729728985,1.0,0,0,1,0
S00441,0,2,20,9,3,5,2023.0,No,3,2026.0,Placed,Germany,5,0.2758495943037171,1.331071387365203,2,1,2,0.19095082049110992,-0.28549519127799955,3.0,0,1,0,0
S04671,7,5,32,30,2,3,2023.0,No,1,2024.0,Placed,Russia,9,1.2381654442337113,-0.31773123140951637,3,3,0,0.7962898076062874,-0.28549519127799955,1.0,1,1,0,0
S01238,7,5,36,34,7,5,2019.0,No,3,2021.0,Not Placed,UK,9,-0.8785035087145754,-0.5499569523637023,5,4,0,-0.11171867306647898,-0.28549519127799955,2.0,0,0,0,0
S00512,6,4,30,27,9,3,2023.0,No,3,2024.0,Not Placed,UK,9,-0.8785035087145754,-0.41062151979119077,4,0,2,0.49362031404869855,-0.28549519127799955,1.0,1,0,0,0
S02049,0,2,20,9,13,5,2019.0,Yes,4,2021.0,Placed,Germany,5,-0.0270640808110212,1.3078488152697847,2,3,2,0.49362031404869855,-0.28549519127799955,2.0,0,1,1,0
S03401,1,7,12,10,2,1,2021.0,Yes,3,2022.0,Placed,UAE,10,1.9965735793894896,0.35572335935762256,3,4,2,0.9644395262493923,-0.28549519127799955,1.0,0,1,1,0
S04027,6,5,32,30,13,7,2020.0,Yes,2,2021.0,Placed,Russia,11,0.6324761226284897,-1.409192119894189,0,4,1,0.42636042659145684,-0.28549519127799955,1.0,0,1,1,0
S00595,7,2,3,42,2,1,2021.0,Yes,0,2023.0,Not Placed,UK,9,-0.8785035087145754,-1.618195268752957,0,1,0,0.02280110184800505,-0.28549519127799955,2.0,0,0,1,0
S01063,7,8,15,60,9,5,2020.0,Yes,3,2022.0,Placed,UK,4,0.9531166167725308,-0.08550551045533036,1,0,1,0.25821070794835194,-0.5064980616115089,2.0,0,1,1,0
S03731,4,0,25,35,12,6,2023.0,No,3,2026.0,Placed,Canada,10,1.4054955735803896,0.5415039361209714,3,1,0,-1.8941056906833906,3.6188888512806643,3.0,0,1,0,1
S00824,1,6,40,67,7,7,2021.0,Yes,1,2024.0,Placed,South Africa,1,1.9708805369031919,-0.039060366264493156,4,2,2,0.6281400889631826,-0.28549519127799955,3.0,0,1,1,0
S00995,4,0,16,52,4,1,2020.0,Yes,0,2022.0,Not Placed,UK,9,-0.8785035087145754,-0.8054052454133065,4,1,1,0.02280110184800505,1.114189654167559,2.0,0,0,1,0
S01793,3,6,23,62,5,7,2023.0,No,3,2025.0,Placed,South Africa,6,-0.18116318060412626,-0.898295533794981,2,4,0,-1.8941056906833906,-0.28549519127799955,2.0,0,1,0,0
S00170,1,4,10,50,14,5,2021.0,Yes,4,2024.0,Not Placed,UK,9,-0.8785035087145754,-1.6646404129437942,0,2,2,0.42636042659145684,-0.28549519127799955,3.0,0,0,1,0
S02788,0,8,4,53,14,0,2019.0,No,4,2021.0,Not Placed,UK,9,-0.8785035087145754,-1.2930792594170966,1,1,2,0.42636042659145684,0.6353501017782891,2.0,0,0,0,0
S02118,3,8,27,21,13,4,2020.0,Yes,2,2023.0,Not Placed,UK,9,-0.8785035087145754,-0.5964020965545386,0,4,0,0.8635496950635292,-0.35916281472250267,3.0,0,0,1,0
S04535,4,6,7,56,4,1,2021.0,Yes,2,2024.0,Not Placed,UK,9,-0.8785035087145754,1.0524005222201807,5,3,0,0.3591005391342148,3.195300016474772,3.0,0,0,1,0
S00456,0,7,12,10,11,4,2023.0,Yes,4,2026.0,Placed,UAE,4,1.1890469723738746,0.44861364773929696,2,3,0,-1.8941056906833906,-0.28549519127799955,3.0,0,1,1,0
S02478,6,5,41,38,8,2,2021.0,Yes,2,2022.0,Not Placed,UK,9,-0.8785035087145754,-1.5253049803712826,1,4,0,1.0989593011638763,-0.28549519127799955,1.0,1,0,1,0
S04788,3,9,35,32,1,7,2023.0,No,1,2026.0,Placed,USA,11,0.6736480894062252,-0.8518503896041437,0,4,0,-1.8941056906833906,-0.1197430385278676,3.0,0,1,0,0
S02884,3,7,12,10,7,7,2021.0,Yes,4,2024.0,Placed,UAE,8,0.1561196219500723,-0.10872808255074845,5,1,1,0.45999037032007767,-0.28549519127799955,3.0,0,1,1,0
S02410,6,0,48,69,11,4,2021.0,No,1,2022.0,Placed,Canada,9,-0.07044450557683452,0.4950587919301342,5,1,0,-1.8941056906833906,-0.5249149674726347,1.0,0,1,0,1
S03788,8,5,24,19,7,0,2019.0,Yes,0,2021.0,Placed,Russia,7,0.041555863818538055,1.586519680414808,1,0,3,0.5272502577773197,-0.28549519127799955,2.0,0,1,1,0
S03423,0,8,27,21,11,7,2023.0,No,2,2024.0,Not Placed,UK,9,-0.8785035087145754,-0.41062151979119077,5,1,1,0.8971796387921507,-0.35916281472250267,1.0,0,0,0,0
S04131,8,0,25,35,12,6,2020.0,Yes,4,2022.0,Placed,Canada,1,1.376233505238359,1.2614036710789476,3,2,0,1.031699413706634,3.6188888512806643,2.0,0,1,1,1
S02060,4,2,3,12,5,6,2021.0,Yes,3,2023.0,Placed,Germany,1,0.7226482510167007,-1.5253049803712826,5,3,3,-0.178978560523721,-0.28549519127799955,2.0,0,1,1,0
S01075,8,2,3,42,12,6,2019.0,No,4,2022.0,Placed,Germany,4,1.0805959104593412,-1.385969547798771,0,3,2,-0.14534861679509983,-0.28549519127799955,3.0,0,1,0,0
S00455,8,6,19,37,2,4,2019.0,Yes,4,2022.0,Not Placed,UK,9,-0.8785035087145754,-1.641417840848375,2,3,0,-1.8941056906833906,-0.28549519127799955,3.0,0,0,1,0
S00753,9,6,19,37,6,0,2020.0,No,3,2022.0,Not Placed,UK,9,-0.8785035087145754,-0.7821826733178874,5,1,2,0.5608802015059405,-0.28549519127799955,2.0,0,0,0,0
S00844,8,6,44,41,11,2,2020.0,No,2,2023.0,Placed,South Africa,5,0.0037163023978127067,1.609742252510226,0,4,0,-0.21260850425234185,-0.28549519127799955,3.0,1,1,0,0
S04604,0,2,34,22,7,0,2021.0,Yes,0,2022.0,Placed,Germany,0,0.9861646130941231,-0.2712860872186792,2,3,0,0.7962898076062874,-0.28549519127799955,1.0,0,1,1,0
S00851,8,7,12,58,4,4,2022.0,No,4,2024.0,Placed,UAE,1,-0.05108106143136694,-1.1769663989400032,1,1,3,0.5272502577773197,-0.28549519127799955,2.0,0,1,0,0
S01489,2,5,32,4,12,4,2023.0,No,0,2026.0,Placed,Russia,12,0.6895410995704278,-0.457066663982028,1,2,0,-1.8941056906833906,-0.28549519127799955,3.0,0,1,0,0
S00328,5,1,49,0,0,1,2022.0,Yes,1,2023.0,Placed,Finland,8,0.33457091473671347,1.6561873967010632,4,4,0,-1.8941056906833906,-0.28549519127799955,1.0,0,1,1,0
S04237,9,8,29,64,3,3,2022.0,Yes,4,2025.0,Not Placed,UK,9,-0.8785035087145754,0.3092782151667854,1,1,3,0.056431045576625906,-0.41441353230587996,3.0,1,0,1,0
S01757,2,0,50,54,0,4,2021.0,No,3,2024.0,Not Placed,UK,9,-0.8785035087145754,1.1917359547926911,4,3,3,0.5272502577773197,-0.28549519127799955,3.0,0,0,0,0
S04700,2,0,50,54,14,2,2022.0,No,1,2025.0,Placed,Canada,3,0.29860459893087554,-0.38739894769577166,5,4,2,0.5608802015059405,-0.28549519127799955,3.0,1,1,0,1
S03292,2,9,35,5,13,6,2020.0,Yes,0,2023.0,Not Placed,UK,9,-0.8785035087145754,-1.2698566873216774,2,4,3,0.42636042659145684,-0.580165685056012,3.0,0,0,1,0
S03924,0,1,49,70,7,3,2023.0,Yes,2,2025.0,Placed,Finland,8,0.07426864776694,0.6808393686934829,3,3,2,0.7962898076062874,-0.28549519127799955,2.0,1,1,1,0
S02839,5,4,13,7,13,4,2023.0,Yes,3,2026.0,Placed,Ireland,11,0.053722101127859336,-0.15517322674158565,4,3,1,0.8299197513349084,-0.28549519127799955,3.0,0,1,1,0
S00575,8,4,13,46,12,6,2021.0,Yes,4,2022.0,Not Placed,UK,9,-0.8785035087145754,0.7737296570751574,1,0,0,0.19095082049110992,1.279941806917691,1.0,0,0,1,0
S02871,0,7,1,73,4,5,2022.0,No,1,2025.0,Placed,UAE,12,0.07665457112905974,-0.898295533794981,1,4,0,-1.8941056906833906,-0.28549519127799955,3.0,0,1,0,0
S01073,7,0,16,52,3,3,2020.0,No,0,2022.0,Not Placed,UK,9,-0.8785035087145754,-0.3641763756003536,4,3,2,0.6617700326918035,1.114189654167559,2.0,1,0,0,0
S02050,3,1,26,23,6,1,2020.0,No,1,2022.0,Not Placed,UK,9,-0.8785035087145754,-1.2234115431308403,2,2,0,0.5272502577773197,-0.28549519127799955,2.0,0,0,0,0
S03019,7,8,27,48,7,4,2019.0,No,4,2021.0,Not Placed,UK,9,-0.8785035087145754,0.5415039361209714,2,4,0,0.09006098930524706,-0.7459178378061438,2.0,0,0,0,0
S01747,4,2,3,42,9,2,2023.0,Yes,0,2025.0,Placed,Germany,4,1.8914352044570728,-1.362746975703352,5,2,2,0.6953999764204246,-0.28549519127799955,2.0,1,1,1,0
S00556,9,6,23,71,13,1,2021.0,Yes,1,2023.0,Not Placed,UK,9,-0.8785035087145754,-1.2466341152262594,4,2,2,0.056431045576625906,-0.28549519127799955,2.0,0,0,1,0
S00537,5,8,15,60,1,1,2021.0,No,3,2022.0,Placed,UK,0,1.1490581080897522,1.1685133826972731,2,0,2,-0.010828841880616107,-0.5064980616115089,1.0,0,1,0,0
S04179,7,5,32,4,1,4,2022.0,No,1,2024.0,Not Placed,UK,9,-0.8785035087145754,1.2846262431743656,3,1,0,-1.8941056906833906,-0.28549519127799955,2.0,0,0,0,0
S00480,2,6,7,56,4,1,2023.0,Yes,0,2026.0,Not Placed,UK,9,-0.8785035087145754,-1.2698566873216774,5,3,1,0.32547059540559364,3.195300016474772,3.0,0,0,1,0
S00239,8,3,33,14,11,6,2022.0,Yes,2,2025.0,Placed,India,9,1.5570904397620136,-0.457066663982028,0,0,0,-1.8941056906833906,-0.08290922680561606,3.0,0,1,1,0
S03174,4,6,14,63,12,4,2022.0,Yes,4,2025.0,Placed,South Africa,11,0.9658349685788715,-1.153743826844585,0,2,1,1.0653293574352556,-0.28549519127799955,3.0,0,1,1,0
S04465,7,9,42,40,8,1,2022.0,No,4,2023.0,Placed,USA,9,1.996731326388638,-1.1072986826537479,3,2,1,1.0989593011638763,-0.819585461250647,1.0,0,1,0,0
S03082,4,6,19,37,4,3,2020.0,Yes,4,2021.0,Placed,South Africa,6,1.366827840414135,-0.8518503896041437,2,1,0,-1.8941056906833906,-0.28549519127799955,1.0,1,1,1,0
S02950,0,5,32,30,7,2,2021.0,No,4,2023.0,Not Placed,UK,9,-0.8785035087145754,1.0756230943155987,2,4,0,-1.8941056906833906,-0.28549519127799955,2.0,1,0,0,0
S01242,5,2,45,68,13,6,2019.0,No,2,2021.0,Placed,Germany,2,1.7982067279603613,0.16994278259427376,2,2,2,-0.178978560523721,4.8344046381149655,2.0,0,1,0,0
S04168,9,7,1,20,9,3,2019.0,No,1,2021.0,Not Placed,UK,9,-0.8785035087145754,1.0291779501247615,0,0,2,0.49362031404869855,-0.28549519127799955,2.0,1,0,0,0
S04628,0,6,23,71,8,5,2022.0,No,1,2025.0,Not Placed,UK,9,-0.8785035087145754,1.6329648246056452,2,1,0,0.7626598638776666,-0.28549519127799955,3.0,0,0,0,0
S00290,4,6,23,62,13,3,2023.0,No,1,2025.0,Not Placed,UK,9,-0.8785035087145754,1.4471842478422963,4,2,1,0.9644395262493923,-0.28549519127799955,2.0,1,0,0,0
S03285,9,3,2,13,10,3,2019.0,Yes,3,2022.0,Not Placed,UK,9,-0.8785035087145754,-1.0608535384629105,2,0,3,0.49362031404869855,0.5800993841949118,3.0,1,0,1,0
S04289,9,6,7,56,6,6,2022.0,No,1,2023.0,Placed,South Africa,7,0.9631138328435614,-0.10872808255074845,4,3,3,-0.010828841880616107,3.195300016474772,1.0,0,1,0,0
S03562,4,3,11,15,13,2,2022.0,Yes,3,2025.0,Placed,India,0,1.4182139253867303,-1.4556372640850264,2,2,1,0.32547059540559364,2.348122346862986,3.0,1,1,1,0
S04706,0,9,28,49,6,1,2021.0,Yes,2,2022.0,Placed,USA,6,1.1240552087247289,-1.409192119894189,2,2,1,0.6953999764204246,-0.3407459088613769,1.0,0,1,1,0
S04202,8,7,12,26,14,5,2021.0,Yes,4,2023.0,Not Placed,UK,9,-0.8785035087145754,-1.7343081292300495,5,4,0,1.0989593011638763,-0.28549519127799955,2.0,0,0,1,0
S01327,7,6,19,37,5,0,2022.0,No,4,2023.0,Placed,South Africa,8,1.9161620465735865,-0.38739894769577166,1,2,2,0.45999037032007767,-0.28549519127799955,1.0,0,1,0,0
S00375,5,0,27,72,0,5,2021.0,Yes,3,2023.0,Not Placed,UK,9,-0.8785035087145754,0.3325007872622045,1,2,1,-0.178978560523721,1.611446112417955,2.0,0,0,1,0
S00869,6,7,12,26,3,3,2023.0,Yes,0,2026.0,Placed,UAE,2,0.04640658404235173,1.5168519641285516,1,3,1,0.5608802015059405,-0.28549519127799955,3.0,1,1,1,0
S00181,7,3,2,13,9,1,2020.0,No,2,2022.0,Placed,India,10,1.833127969896841,1.0988456664110178,1,4,0,-1.8941056906833906,0.5800993841949118,2.0,0,1,0,0
S04785,1,7,1,73,9,4,2022.0,No,0,2025.0,Placed,UAE,3,0.6851439019691657,-1.339524403607934,5,1,0,-1.8941056906833906,-0.28549519127799955,3.0,0,1,0,0
S03244,2,0,31,28,5,4,2020.0,No,1,2023.0,Placed,Canada,9,0.30461870327340873,-0.5267343802682832,0,3,0,-1.8941056906833906,-0.41441353230587996,3.0,0,1,0,1
S00927,9,4,13,46,11,0,2020.0,No,4,2021.0,Not Placed,UK,9,-0.8785035087145754,-0.9911858221766553,4,4,0,0.3591005391342148,1.279941806917691,1.0,0,0,0,0
S00180,4,5,41,38,0,1,2019.0,No,0,2020.0,Placed,Russia,12,0.6692114550551761,1.4936293920331336,5,4,0,-1.8941056906833906,-0.28549519127799955,1.0,0,1,0,0
S00446,3,2,34,44,4,0,2023.0,No,4,2025.0,Not Placed,UK,9,-0.8785035087145754,-0.4338440918866089,3,4,1,-0.04445878560923697,-0.08290922680561606,2.0,0,0,0,0
S00828,1,9,42,47,6,2,2020.0,No,2,2021.0,Placed,USA,3,1.075686035110847,-1.641417840848375,4,1,0,0.3927304828628357,-0.7275009319450181,1.0,1,1,0,0
S02885,1,8,15,60,13,6,2019.0,No,3,2021.0,Not Placed,UK,9,-0.8785035087145754,1.6794099687964823,2,0,0,-1.8941056906833906,-0.5064980616115089,2.0,0,0,0,0
S01289,2,4,13,7,7,1,2020.0,No,3,2022.0,Not Placed,UK,9,-0.8785035087145754,1.0291779501247615,5,2,0,-1.8941056906833906,-0.28549519127799955,2.0,0,0,0,0
S00542,3,1,26,23,0,1,2021.0,Yes,3,2022.0,Not Placed,UK,9,-0.8785035087145754,0.5647265082163905,3,2,1,0.056431045576625906,-0.28549519127799955,1.0,0,0,1,0
S01310,7,6,19,37,14,0,2019.0,No,3,2020.0,Placed,South Africa,11,0.09655041139665321,-0.01583779416907404,2,3,1,0.056431045576625906,-0.28549519127799955,1.0,0,1,0,0
S02618,0,4,30,27,2,1,2022.0,Yes,3,2023.0,Placed,Ireland,5,0.3603822674723724,-1.2001889710354223,3,0,0,1.0989593011638763,-0.28549519127799955,1.0,0,1,1,0
S04073,9,2,34,22,7,3,2021.0,Yes,3,2022.0,Placed,Germany,5,-0.1831350180934814,1.2614036710789476,2,2,1,0.056431045576625906,-0.28549519127799955,1.0,1,1,1,0
S04610,1,2,3,12,9,0,2021.0,Yes,4,2022.0,Not Placed,UK,9,-0.8785035087145754,1.2381810989835285,2,0,0,0.6953999764204246,-0.28549519127799955,1.0,0,0,1,0
S01323,4,9,35,5,10,0,2022.0,Yes,4,2023.0,Placed,USA,2,0.7971048346147512,0.23961049888053007,0,1,0,0.5608802015059405,-0.580165685056012,1.0,0,1,1,0
S02682,2,8,27,21,7,7,2022.0,Yes,1,2025.0,Not Placed,UK,9,-0.8785035087145754,-1.5485275524667008,3,4,1,-0.07808872933785782,-0.35916281472250267,3.0,0,0,1,0
S02985,7,1,49,0,12,3,2020.0,Yes,1,2023.0,Placed,Finland,2,0.3967823875258685,0.35572335935762256,5,2,2,0.8299197513349084,-0.28549519127799955,3.0,1,1,1,0
S02973,4,1,46,43,9,7,2020.0,No,3,2023.0,Placed,Finland,0,0.43399096095000017,-1.2930792594170966,0,3,3,0.8635496950635292,-0.28549519127799955,3.0,0,1,0,0
S00879,0,7,43,2,7,2,2019.0,Yes,3,2022.0,Not Placed,UK,9,-0.8785035087145754,0.5182813640255532,2,3,0,-1.8941056906833906,-0.28549519127799955,3.0,1,0,1,0
S01104,5,3,8,16,12,4,2019.0,No,0,2020.0,Placed,India,1,1.704406418591737,0.9595102338385062,2,0,1,0.8971796387921507,-0.28549519127799955,1.0,0,1,0,0
S03334,9,5,41,38,4,1,2023.0,No,0,2026.0,Placed,Russia,1,2.0579174436833285,-0.8750729616995618,1,4,3,0.45999037032007767,-0.28549519127799955,3.0,0,1,0,0
S02475,5,9,28,49,13,1,2022.0,No,0,2024.0,Not Placed,UK,9,-0.8785035087145754,-1.385969547798771,3,1,2,0.6281400889631826,-0.3407459088613769,2.0,0,0,0,0
S03955,8,3,8,16,8,6,2022.0,No,2,2023.0,Not Placed,UK,9,-0.8785035087145754,-0.4338440918866089,2,1,2,0.45999037032007767,-0.28549519127799955,1.0,0,0,0,0
S04510,8,0,25,35,12,5,2020.0,Yes,1,2022.0,Placed,Canada,1,1.1558609474280275,0.23961049888053007,3,0,0,0.12369093303386793,3.6188888512806643,2.0,0,1,1,1
S00553,1,8,29,64,0,7,2019.0,No,2,2021.0,Placed,UK,6,0.9301249916466497,-0.9679632500812362,3,0,1,-0.010828841880616107,-0.41441353230587996,2.0,0,1,0,0
S04928,4,7,1,73,6,2,2019.0,No,0,2021.0,Placed,UAE,12,-0.24479437638561696,1.1685133826972731,3,0,0,0.056431045576625906,-0.28549519127799955,2.0,1,1,0,0
S04550,8,6,14,63,0,0,2019.0,No,2,2021.0,Not Placed,UK,9,-0.8785035087145754,-1.57175012456212,4,0,2,0.7962898076062874,-0.28549519127799955,2.0,0,0,0,0
S02297,9,4,10,50,12,3,2021.0,Yes,4,2023.0,Placed,Ireland,12,0.19054790451421325,-1.2234115431308403,2,1,1,0.12369093303386793,-0.28549519127799955,2.0,1,1,1,0
S02361,0,8,29,64,7,0,2020.0,Yes,1,2022.0,Placed,UK,8,1.4875240131375638,-1.130521254749167,5,4,0,-1.8941056906833906,-0.41441353230587996,2.0,0,1,1,0
S03594,5,8,38,66,13,4,2021.0,Yes,1,2023.0,Placed,UK,1,0.996102674040473,-1.0376309663674925,5,3,3,1.1325892448924972,-0.8564192729728985,2.0,0,1,1,0
S02769,4,7,1,73,1,4,2020.0,Yes,1,2023.0,Placed,UAE,8,0.2498607761940162,-1.385969547798771,0,1,3,0.8635496950635292,-0.28549519127799955,3.0,0,1,1,0
S02057,4,9,42,40,7,4,2021.0,Yes,3,2023.0,Not Placed,UK,9,-0.8785035087145754,-1.5485275524667008,1,2,0,-1.8941056906833906,-0.819585461250647,2.0,0,0,1,0
S04863,5,3,33,14,6,2,2023.0,No,1,2025.0,Placed,India,4,-0.2529183468417602,-1.2234115431308403,1,2,3,-0.04445878560923697,-0.08290922680561606,2.0,1,1,0,0
S04693,2,3,47,31,11,2,2019.0,Yes,1,2022.0,Placed,India,4,1.044511284404142,-0.29450865931409725,3,4,3,0.7962898076062874,-0.28549519127799955,3.0,1,1,1,0
S04141,6,2,45,68,11,1,2019.0,Yes,1,2020.0,Placed,Germany,10,1.6546569587353064,-0.5964020965545386,0,4,2,0.1573208767624888,4.8344046381149655,1.0,0,1,1,0
S01008,3,8,27,17,6,3,2022.0,Yes,0,2025.0,Placed,UK,9,-0.08813188785635022,-0.6196246686499577,4,1,3,0.49362031404869855,-0.8011685553895213,3.0,1,1,1,0
S02067,7,6,19,37,8,3,2021.0,No,3,2022.0,Placed,South Africa,0,0.6789917690023777,-1.594972696657538,1,0,0,-1.8941056906833906,-0.28549519127799955,1.0,1,1,0,0
S02904,6,3,2,13,3,7,2021.0,Yes,2,2022.0,Placed,India,9,1.803412378932259,-0.689292384936213,5,0,2,-0.11171867306647898,0.5800993841949118,1.0,0,1,1,0
S01028,1,5,32,4,10,4,2022.0,Yes,3,2024.0,Placed,Russia,5,-0.1842786838373074,0.3092782151667854,2,4,3,0.8299197513349084,-0.28549519127799955,2.0,0,1,1,0
S02961,1,4,30,27,13,7,2022.0,Yes,4,2024.0,Placed,Ireland,7,1.383272965075357,-0.08550551045533036,4,4,2,0.2918406516769728,-0.28549519127799955,2.0,0,1,1,0
S04828,6,2,34,44,2,0,2021.0,Yes,0,2022.0,Placed,Germany,11,1.5621186253598691,0.07705249421259934,2,0,0,-0.178978560523721,-0.08290922680561606,1.0,0,1,1,0
S03572,5,2,45,68,13,5,2023.0,Yes,4,2026.0,Not Placed,UK,9,-0.8785035087145754,-0.08550551045533036,5,2,2,0.5608802015059405,4.8344046381149655,3.0,0,0,1,0
S00393,5,1,26,23,12,3,2021.0,No,4,2024.0,Placed,Finland,4,0.5453406239738856,0.704061940788901,5,2,0,0.8299197513349084,-0.28549519127799955,3.0,1,1,0,0
S01952,4,2,3,42,12,4,2020.0,No,3,2022.0,Not Placed,UK,9,-0.8785035087145754,1.2614036710789476,0,4,3,0.2918406516769728,-0.28549519127799955,2.0,0,0,0,0
S01741,3,4,18,33,8,0,2019.0,Yes,1,2022.0,Not Placed,UK,9,-0.8785035087145754,-0.5035118081728652,5,1,0,1.031699413706634,-0.28549519127799955,3.0,0,0,1,0
S02329,8,5,24,19,1,4,2022.0,Yes,3,2025.0,Not Placed,UK,9,-0.8785035087145754,-1.6646404129437942,2,3,0,-1.8941056906833906,-0.28549519127799955,3.0,0,0,1,0
S02863,0,7,12,26,3,3,2021.0,No,4,2023.0,Placed,UAE,9,0.3959147790305522,-0.3641763756003536,5,4,0,-1.8941056906833906,-0.28549519127799955,2.0,1,1,0,0
S02091,8,6,44,41,11,3,2021.0,Yes,0,2022.0,Placed,South Africa,11,0.9245644099266682,1.331071387365203,1,3,1,0.5945101452345617,-0.28549519127799955,1.0,1,1,1,0
S03239,1,4,13,45,0,1,2023.0,Yes,0,2025.0,Placed,Ireland,2,1.1550524940573919,0.6343942245026458,0,4,0,1.0653293574352556,-0.28549519127799955,2.0,0,1,1,0
S04724,1,8,29,64,8,7,2022.0,No,1,2023.0,Placed,UK,7,1.1824215984096413,-1.339524403607934,2,2,2,0.6281400889631826,-0.41441353230587996,1.0,0,1,0,0
S01107,4,6,7,56,0,0,2022.0,Yes,2,2025.0,Placed,South Africa,12,-0.25100566447708567,0.9595102338385062,5,4,0,0.09006098930524706,3.195300016474772,3.0,0,1,1,0
S02646,9,1,49,0,2,2,2019.0,Yes,0,2020.0,Not Placed,UK,9,-0.8785035087145754,0.28605564307136727,2,0,0,-1.8941056906833906,-0.28549519127799955,1.0,1,0,1,0
S04504,9,5,36,34,4,6,2021.0,No,1,2022.0,Placed,Russia,10,0.20397611781672184,-0.38739894769577166,2,3,0,0.9644395262493923,-0.28549519127799955,1.0,0,1,0,0
S00614,0,1,22,59,14,2,2020.0,No,3,2023.0,Not Placed,UK,9,-0.8785035087145754,0.21638792678511096,4,0,3,0.25821070794835194,-0.28549519127799955,3.0,1,0,0,0
S02689,9,2,3,12,3,7,2023.0,No,1,2025.0,Placed,Germany,2,1.249700693546439,-0.3641763756003536,1,1,3,0.3927304828628357,-0.28549519127799955,2.0,0,1,0,0
S03520,7,4,13,45,14,2,2020.0,Yes,2,2023.0,Not Placed,UK,9,-0.8785035087145754,-0.41062151979119077,3,2,1,0.45999037032007767,-0.28549519127799955,3.0,1,0,1,0
S04915,1,7,1,73,4,7,2020.0,Yes,3,2021.0,Not Placed,UK,9,-0.8785035087145754,1.1685133826972731,2,0,1,1.0653293574352556,-0.28549519127799955,1.0,0,0,1,0
S03291,9,0,27,72,10,1,2019.0,No,3,2021.0,Not Placed,UK,9,-0.8785035087145754,-0.898295533794981,4,2,3,1.031699413706634,1.611446112417955,2.0,0,0,0,0
S01573,2,7,1,73,3,4,2020.0,Yes,4,2021.0,Placed,UAE,7,1.5307466909042287,0.8201748012659946,0,1,1,0.9644395262493923,-0.28549519127799955,1.0,0,1,1,0
S03469,5,6,14,63,11,4,2023.0,Yes,3,2026.0,Not Placed,UK,9,-0.8785035087145754,-1.130521254749167,1,4,0,0.25821070794835194,-0.28549519127799955,3.0,0,0,1,0
S02967,4,5,24,19,9,5,2022.0,No,4,2023.0,Not Placed,UK,9,-0.8785035087145754,-1.5020824082758635,4,0,2,0.1573208767624888,-0.28549519127799955,1.0,0,0,0,0
S01346,2,4,10,50,4,4,2022.0,No,0,2023.0,Placed,Ireland,11,1.461535195027863,-0.15517322674158565,5,0,3,-0.07808872933785782,-0.28549519127799955,1.0,0,1,0,0
S00431,3,8,4,53,0,3,2023.0,Yes,0,2025.0,Not Placed,UK,9,-0.8785035087145754,-0.5267343802682832,2,3,1,0.7626598638776666,0.6353501017782891,2.0,1,0,1,0
S02207,6,9,28,49,14,5,2021.0,Yes,1,2022.0,Not Placed,UK,9,-0.8785035087145754,-0.898295533794981,4,1,0,-1.8941056906833906,-0.3407459088613769,1.0,0,0,1,0
S02477,2,9,42,47,9,7,2023.0,Yes,3,2025.0,Placed,USA,1,1.1201509704958057,1.5168519641285516,1,3,3,0.7962898076062874,-0.7275009319450181,2.0,0,1,1,0
S01449,0,9,9,57,1,2,2019.0,Yes,4,2020.0,Placed,USA,9,1.377949003854098,1.122068238506436,3,4,0,0.7962898076062874,-0.5617487791948862,1.0,1,1,1,0
S03647,6,7,1,20,11,1,2020.0,No,0,2021.0,Placed,UAE,3,0.5024137218306239,-1.4556372640850264,2,2,3,0.02280110184800505,-0.28549519127799955,1.0,0,1,0,0
S04299,4,7,1,20,5,6,2022.0,Yes,1,2024.0,Not Placed,UK,9,-0.8785035087145754,-1.153743826844585,2,1,3,0.2918406516769728,-0.28549519127799955,2.0,0,0,1,0
S01832,6,3,11,18,9,0,2022.0,Yes,1,2023.0,Not Placed,UK,9,-0.8785035087145754,-1.153743826844585,3,4,0,-1.8941056906833906,-0.28549519127799955,1.0,0,0,1,0
S00309,5,7,12,58,8,2,2021.0,Yes,2,2022.0,Not Placed,UK,9,-0.8785035087145754,1.331071387365203,5,0,2,0.5272502577773197,-0.28549519127799955,1.0,1,0,1,0
S03981,9,2,45,68,2,7,2019.0,Yes,0,2021.0,Placed,Germany,9,0.0402347327006701,-1.0376309663674925,4,4,2,0.19095082049110992,4.8344046381149655,2.0,0,1,1,0
S03891,9,0,31,28,1,7,2021.0,No,0,2022.0,Not Placed,UK,9,-0.8785035087145754,0.7272845128843202,5,1,0,-1.8941056906833906,-0.41441353230587996,1.0,0,0,0,0
S03481,2,4,13,51,12,2,2020.0,No,1,2021.0,Placed,Ireland,2,0.9061277294011976,-0.38739894769577166,2,4,3,0.8299197513349084,-0.28549519127799955,1.0,1,1,0,0
S03138,5,6,23,62,14,5,2023.0,Yes,0,2026.0,Not Placed,UK,9,-0.8785035087145754,1.331071387365203,3,1,1,-0.07808872933785782,-0.28549519127799955,3.0,0,0,1,0
S01708,1,6,40,67,9,3,2020.0,Yes,1,2021.0,Placed,South Africa,11,1.6199526189226556,0.16994278259427376,2,2,0,0.6953999764204246,-0.28549519127799955,1.0,1,1,1,0
S04034,3,9,5,25,1,1,2020.0,No,2,2021.0,Placed,USA,11,0.7093383479635534,0.8898425175522499,2,2,3,0.9644395262493923,-0.8932530846951501,1.0,0,1,0,0
S04390,0,7,12,10,11,0,2019.0,No,0,2020.0,Placed,UAE,2,0.11508568379659163,0.3325007872622045,2,4,1,0.7290299201490454,-0.28549519127799955,1.0,0,1,0,0
S03834,3,6,7,56,6,2,2022.0,No,2,2025.0,Placed,South Africa,10,0.15170270597391677,0.7505070849797383,4,4,2,0.5608802015059405,3.195300016474772,3.0,1,1,0,0
S04977,1,5,32,24,6,1,2020.0,No,4,2022.0,Not Placed,UK,9,-0.8785035087145754,1.1917359547926911,3,4,0,-1.8941056906833906,0.6906008193616664,2.0,0,0,0,0
S04952,9,3,33,14,1,4,2020.0,No,4,2021.0,Not Placed,UK,9,-0.8785035087145754,0.35572335935762256,0,4,3,0.6953999764204246,-0.08290922680561606,1.0,0,0,0,0
S03812,9,5,32,4,1,6,2022.0,Yes,4,2024.0,Not Placed,UK,9,-0.8785035087145754,-0.2712860872186792,1,4,0,-1.8941056906833906,-0.28549519127799955,2.0,0,0,1,0
S03147,6,1,49,70,7,1,2020.0,Yes,4,2022.0,Not Placed,UK,9,-0.8785035087145754,1.354293959460622,3,4,3,0.49362031404869855,-0.28549519127799955,2.0,0,0,1,0
S04742,3,6,14,63,2,5,2022.0,No,4,2025.0,Placed,South Africa,10,1.0163534450561504,-0.898295533794981,3,1,1,0.056431045576625906,-0.28549519127799955,3.0,0,1,0,0
S04152,0,9,35,5,4,5,2021.0,Yes,3,2024.0,Placed,USA,7,1.9507677945117694,-0.31773123140951637,0,1,0,0.25821070794835194,-0.580165685056012,3.0,0,1,1,0
S03347,7,8,29,64,0,2,2021.0,No,2,2024.0,Placed,UK,7,0.6450170090607884,0.704061940788901,0,2,2,0.7962898076062874,-0.41441353230587996,3.0,1,1,0,0
S02546,9,5,41,38,6,7,2022.0,Yes,2,2025.0,Placed,Russia,10,1.7292318525827182,-0.689292384936213,0,2,1,0.6281400889631826,-0.28549519127799955,3.0,0,1,1,0
S00978,7,2,34,22,12,2,2019.0,Yes,1,2020.0,Not Placed,UK,9,-0.8785035087145754,1.2381810989835285,5,3,0,0.32547059540559364,-0.28549519127799955,1.0,1,0,1,0
S03063,7,2,45,68,3,1,2021.0,Yes,4,2024.0,Placed,Germany,11,0.8783248208012899,-1.594972696657538,2,1,2,0.9980694699780132,4.8344046381149655,3.0,0,1,1,0
S04085,9,2,20,9,7,0,2023.0,No,4,2026.0,Placed,Germany,6,0.30664969588744456,-1.0144083942720734,0,1,0,-1.8941056906833906,-0.28549519127799955,3.0,0,1,0,0
S01050,1,9,28,49,12,4,2020.0,Yes,4,2022.0,Placed,USA,1,2.0455145858752846,-1.1072986826537479,5,3,2,0.7290299201490454,-0.3407459088613769,2.0,0,1,1,0
S00363,6,3,47,31,5,2,2023.0,Yes,4,2024.0,Not Placed,UK,9,-0.8785035087145754,1.1917359547926911,1,0,2,0.2245807642197308,-0.28549519127799955,1.0,1,0,1,0
S02647,5,3,8,16,3,1,2019.0,No,1,2020.0,Placed,India,8,0.8536768521843505,1.37751653155604,0,0,0,-1.8941056906833906,-0.28549519127799955,1.0,0,1,0,0
S00671,5,7,1,73,4,7,2023.0,No,4,2026.0,Placed,UAE,11,0.030375545253894347,1.2149585268881102,3,0,2,0.5608802015059405,-0.28549519127799955,3.0,0,1,0,0
S00716,2,1,26,23,4,4,2023.0,No,4,2025.0,Not Placed,UK,9,-0.8785035087145754,0.05382992211718125,5,3,1,0.25821070794835194,-0.28549519127799955,2.0,0,0,0,0
S01305,1,9,35,5,0,4,2022.0,No,4,2023.0,Not Placed,UK,9,-0.8785035087145754,-0.5964020965545386,3,4,1,0.32547059540559364,-0.580165685056012,1.0,0,0,0,0
S01244,4,9,35,32,2,2,2021.0,Yes,1,2023.0,Not Placed,UK,9,-0.8785035087145754,0.26283307097594816,3,0,0,0.25821070794835194,-0.1197430385278676,2.0,1,0,1,0
S04722,5,8,27,21,5,4,2019.0,Yes,4,2020.0,Placed,UK,6,0.5046221798187017,0.12349763840343654,5,0,0,-1.8941056906833906,-0.35916281472250267,1.0,0,1,1,0
S01823,3,0,48,69,8,7,2020.0,Yes,0,2023.0,Placed,Canada,11,0.3264666626554638,1.2846262431743656,2,4,2,0.9644395262493923,-0.5249149674726347,3.0,0,1,1,1
S03858,6,1,17,1,4,5,2021.0,Yes,2,2024.0,Not Placed,UK,9,-0.8785035087145754,0.913065089647669,1,4,1,0.6281400889631826,0.8747698779729242,3.0,0,0,1,0
S02735,3,9,42,47,11,1,2021.0,No,3,2022.0,Not Placed,UK,9,-0.8785035087145754,-1.4324146919896081,5,2,0,0.8971796387921507,-0.7275009319450181,1.0,0,0,0,0
S01469,1,5,32,11,4,2,2020.0,Yes,2,2021.0,Placed,Russia,12,0.14160689802841842,1.1452908106018551,5,3,3,0.9644395262493923,-0.28549519127799955,1.0,1,1,1,0
S01134,9,1,22,59,3,2,2019.0,Yes,0,2020.0,Not Placed,UK,9,-0.8785035087145754,-1.2234115431308403,3,4,1,0.056431045576625906,-0.28549519127799955,1.0,1,0,1,0
S03911,3,4,10,50,10,6,2020.0,Yes,4,2022.0,Not Placed,UK,9,-0.8785035087145754,1.1452908106018551,5,3,3,0.6617700326918035,-0.28549519127799955,2.0,0,0,1,0
S03699,9,3,11,15,4,2,2023.0,Yes,4,2026.0,Not Placed,UK,9,-0.8785035087145754,-0.039060366264493156,3,2,0,-1.8941056906833906,2.348122346862986,3.0,1,0,1,0
S03073,7,8,27,48,1,3,2021.0,Yes,2,2024.0,Placed,UK,0,0.7224905040175523,-1.7110855571346315,0,0,2,0.2918406516769728,-0.7459178378061438,3.0,1,1,1,0
S02945,4,1,21,61,11,2,2022.0,Yes,0,2025.0,Placed,Finland,10,2.041669502771042,1.122068238506436,5,4,2,-0.14534861679509983,0.966854407278553,3.0,1,1,1,0
S02345,6,2,3,12,8,4,2020.0,Yes,4,2021.0,Placed,Germany,2,0.3523174521409098,0.19316535468969287,5,0,0,-1.8941056906833906,-0.28549519127799955,1.0,0,1,1,0
S04595,5,8,4,53,7,7,2019.0,Yes,3,2020.0,Not Placed,UK,9,-0.8785035087145754,-0.22484094302784197,3,0,1,0.7626598638776666,0.6353501017782891,1.0,0,0,1,0
S00277,6,4,18,33,3,3,2019.0,Yes,3,2020.0,Not Placed,UK,9,-0.8785035087145754,0.913065089647669,3,1,0,-1.8941056906833906,-0.28549519127799955,1.0,1,0,1,0
S04994,8,6,23,71,6,7,2021.0,Yes,2,2023.0,Not Placed,UK,9,-0.8785035087145754,-1.5020824082758635,1,0,0,0.2245807642197308,-0.28549519127799955,2.0,0,0,1,0
S01648,5,6,14,63,1,6,2022.0,No,2,2023.0,Placed,South Africa,5,-0.011604874894476817,-0.10872808255074845,1,3,1,0.2918406516769728,-0.28549519127799955,1.0,0,1,0,0
S04894,7,6,44,41,5,3,2019.0,Yes,1,2020.0,Not Placed,UK,9,-0.8785035087145754,0.7969522291705755,3,4,3,0.5945101452345617,-0.28549519127799955,1.0,1,0,1,0
S03974,0,5,36,34,12,7,2019.0,Yes,1,2021.0,Not Placed,UK,9,-0.8785035087145754,-1.0376309663674925,5,2,2,0.7962898076062874,-0.28549519127799955,2.0,0,0,1,0
S02334,4,5,41,38,13,7,2023.0,No,1,2026.0,Not Placed,UK,9,-0.8785035087145754,-0.5731795244591205,5,3,3,1.0653293574352556,-0.28549519127799955,3.0,0,0,0,0
S03660,8,5,32,24,0,4,2020.0,No,0,2023.0,Placed,Russia,5,1.313016395329633,-1.1769663989400032,3,4,0,0.8971796387921507,0.6906008193616664,3.0,0,1,0,0
S01781,5,2,3,42,0,2,2022.0,No,3,2023.0,Not Placed,UK,9,-0.8785035087145754,0.030607350021762136,3,3,3,-0.11171867306647898,-0.28549519127799955,1.0,1,0,0,0
S03932,6,5,41,38,5,4,2022.0,Yes,4,2024.0,Placed,Russia,7,1.2441795485762446,-0.457066663982028,5,2,2,1.0989593011638763,-0.28549519127799955,2.0,0,1,1,0
S04159,6,2,34,22,4,3,2019.0,Yes,1,2022.0,Not Placed,UK,9,-0.8785035087145754,-0.22484094302784197,1,1,0,0.9644395262493923,-0.28549519127799955,3.0,1,0,1,0
S00664,2,4,10,50,7,2,2020.0,No,3,2022.0,Placed,Ireland,2,0.2643735001156701,-0.29450865931409725,3,0,2,-0.010828841880616107,-0.28549519127799955,2.0,1,1,0,0
S00337,5,7,1,20,7,1,2021.0,No,2,2024.0,Placed,UAE,5,0.440990984037211,1.6794099687964823,2,2,1,-0.14534861679509983,-0.28549519127799955,3.0,0,1,0,0
S03276,1,4,13,46,1,4,2019.0,Yes,2,2021.0,Placed,Ireland,10,-0.14028698944979398,-1.5485275524667008,1,2,0,0.12369093303386793,1.279941806917691,2.0,0,1,1,0
S04730,9,6,40,67,7,2,2021.0,No,4,2024.0,Not Placed,UK,9,-0.8785035087145754,1.0988456664110178,1,3,3,0.8971796387921507,-0.28549519127799955,3.0,1,0,0,0
S02092,3,8,29,64,4,4,2021.0,Yes,2,2022.0,Not Placed,UK,9,-0.8785035087145754,0.44861364773929696,2,2,2,-0.21260850425234185,-0.41441353230587996,1.0,0,0,1,0
S04041,5,1,22,59,2,4,2023.0,Yes,2,2026.0,Placed,Finland,7,0.8829192021514874,0.8201748012659946,1,4,1,0.1573208767624888,-0.28549519127799955,3.0,0,1,1,0
S03278,8,2,34,44,11,0,2019.0,No,0,2021.0,Not Placed,UK,9,-0.8785035087145754,-0.06228293835991124,2,0,2,0.32547059540559364,-0.08290922680561606,2.0,0,0,0,0
S03553,0,5,32,4,14,1,2022.0,Yes,3,2025.0,Placed,Russia,11,1.1126579880362562,-0.5964020965545386,1,0,1,1.0989593011638763,-0.28549519127799955,3.0,0,1,1,0
S04311,8,1,17,1,1,6,2023.0,Yes,3,2025.0,Not Placed,UK,9,-0.8785035087145754,-1.0840761105583296,5,0,3,0.8299197513349084,0.8747698779729242,2.0,0,0,1,0
S02208,4,2,34,44,5,5,2020.0,No,2,2021.0,Not Placed,UK,9,-0.8785035087145754,-0.17839579883700477,5,1,2,-0.11171867306647898,-0.08290922680561606,1.0,0,0,0,0
S02105,8,2,0,36,2,0,2021.0,Yes,3,2023.0,Placed,Germany,12,1.203973782168293,-0.689292384936213,5,2,2,0.19095082049110992,1.040522030723056,2.0,0,1,1,0
S00398,1,2,34,22,0,0,2020.0,Yes,4,2021.0,Placed,Germany,5,2.042320209142529,0.4021685035484598,0,0,3,0.7626598638776666,-0.28549519127799955,1.0,0,1,1,0
S04687,3,4,10,50,4,5,2021.0,Yes,0,2023.0,Placed,Ireland,2,1.8496125313078502,-1.409192119894189,4,0,2,0.7290299201490454,-0.28549519127799955,2.0,0,1,1,0
S04544,9,1,17,1,8,6,2022.0,Yes,2,2024.0,Placed,Finland,9,0.033214991238565764,0.05382992211718125,2,0,0,1.0989593011638763,0.8747698779729242,2.0,0,1,1,0
S02367,5,1,26,23,12,0,2022.0,No,1,2024.0,Not Placed,UK,9,-0.8785035087145754,-0.8750729616995618,5,1,0,0.3927304828628357,-0.28549519127799955,2.0,0,0,0,0
S04663,9,6,23,62,14,1,2019.0,No,0,2020.0,Placed,South Africa,12,0.28452567925687977,0.4253910756438789,2,3,3,-0.11171867306647898,-0.28549519127799955,1.0,0,1,0,0
S02970,1,7,12,58,4,5,2022.0,Yes,0,2023.0,Placed,UAE,7,1.8439336393385073,1.7490776850827376,0,0,0,-0.010828841880616107,-0.28549519127799955,1.0,0,1,1,0
S02460,4,2,34,44,2,5,2022.0,No,1,2024.0,Placed,Germany,11,0.3929570227965195,1.4471842478422963,3,0,0,-1.8941056906833906,-0.08290922680561606,2.0,0,1,0,0
S01885,3,9,28,49,13,2,2022.0,Yes,4,2025.0,Placed,USA,4,-0.11279957484818316,0.8666199454568319,3,2,0,0.2245807642197308,-0.3407459088613769,3.0,1,1,1,0
S01525,2,6,44,41,5,6,2023.0,Yes,0,2025.0,Placed,South Africa,9,0.1721506607385297,1.4704068199377145,5,3,3,0.8299197513349084,-0.28549519127799955,2.0,0,1,1,0
S01869,4,8,38,66,14,6,2022.0,Yes,4,2024.0,Not Placed,UK,9,-0.8785035087145754,-1.153743826844585,5,4,0,-0.07808872933785782,-0.8564192729728985,2.0,0,0,1,0
S01870,8,0,37,65,10,2,2019.0,Yes,1,2022.0,Not Placed,UK,9,-0.8785035087145754,0.14672021049885567,5,3,0,0.9980694699780132,-0.28549519127799955,3.0,1,0,1,0
S00464,8,9,42,47,11,0,2021.0,Yes,4,2022.0,Placed,USA,5,0.8785022861753319,1.1917359547926911,1,1,2,0.9308095825207715,-0.7275009319450181,1.0,0,1,1,0
S03688,5,8,38,66,9,3,2021.0,No,2,2023.0,Not Placed,UK,9,-0.8785035087145754,-0.6660698128407949,4,0,0,-1.8941056906833906,-0.8564192729728985,2.0,1,0,0,0
S02113,2,9,35,32,7,4,2021.0,Yes,4,2023.0,Not Placed,UK,9,-0.8785035087145754,1.2614036710789476,2,4,0,0.3927304828628357,-0.1197430385278676,2.0,0,0,1,0
S01772,4,3,8,16,2,1,2019.0,Yes,2,2022.0,Placed,India,1,0.5474504900874956,-0.6428472407453758,5,3,0,0.45999037032007767,-0.28549519127799955,3.0,0,1,1,0
S04255,6,7,12,10,6,0,2023.0,No,2,2024.0,Not Placed,UK,9,-0.8785035087145754,0.7737296570751574,2,0,2,0.19095082049110992,-0.28549519127799955,1.0,0,0,0,0
S03237,7,2,3,42,7,1,2023.0,Yes,2,2024.0,Placed,Germany,6,-0.27813814833061257,-1.2698566873216774,2,4,2,1.1325892448924972,-0.28549519127799955,1.0,0,1,1,0
S00904,4,5,24,19,0,4,2019.0,No,2,2022.0,Placed,Russia,12,0.6481127939190761,-0.24806351512326005,3,3,0,-1.8941056906833906,-0.28549519127799955,3.0,0,1,0,0
S01585,7,3,11,15,7,1,2021.0,No,3,2023.0,Placed,India,2,0.25899038376973055,1.37751653155604,1,0,0,0.9308095825207715,2.348122346862986,2.0,0,1,0,0
S04495,2,5,32,11,8,6,2021.0,Yes,4,2023.0,Not Placed,UK,9,-0.8785035087145754,0.7272845128843202,3,0,2,0.9644395262493923,-0.28549519127799955,2.0,0,0,1,0
S02856,1,0,50,54,0,6,2019.0,No,3,2022.0,Placed,Canada,6,0.8543275585558378,0.19316535468969287,5,0,2,0.3591005391342148,-0.28549519127799955,3.0,0,1,0,1
S04109,2,1,17,1,8,5,2021.0,No,4,2023.0,Placed,Finland,9,0.852690933439673,-0.5035118081728652,5,0,0,-1.8941056906833906,0.8747698779729242,2.0,0,1,0,0
S02607,6,4,18,33,13,2,2019.0,Yes,1,2021.0,Placed,Ireland,3,0.49703060548468436,0.8898425175522499,1,2,0,-1.8941056906833906,-0.28549519127799955,2.0,1,1,1,0
S04913,8,4,13,45,5,5,2021.0,No,1,2022.0,Placed,Ireland,6,0.9209362289462547,-1.6646404129437942,0,1,0,1.0989593011638763,-0.28549519127799955,1.0,0,1,0,0
S01286,5,7,12,26,2,4,2023.0,Yes,4,2026.0,Not Placed,UK,9,-0.8785035087145754,-0.7357375291270501,4,2,0,1.031699413706634,-0.28549519127799955,3.0,0,0,1,0
S00362,7,2,34,44,4,5,2020.0,Yes,1,2021.0,Not Placed,UK,9,-0.8785035087145754,-0.20161837093242285,1,0,0,-1.8941056906833906,-0.08290922680561606,1.0,0,0,1,0
S03137,4,6,19,37,1,4,2023.0,No,1,2024.0,Placed,South Africa,10,0.22308322308857326,-0.9447406779858181,1,2,0,-1.8941056906833906,-0.28549519127799955,1.0,0,1,0,0
S02086,0,2,3,12,12,7,2021.0,Yes,1,2024.0,Not Placed,UK,9,-0.8785035087145754,0.44861364773929696,5,0,0,-1.8941056906833906,-0.28549519127799955,3.0,0,0,1,0
S02750,5,9,9,57,12,0,2021.0,No,3,2024.0,Not Placed,UK,9,-0.8785035087145754,-1.2930792594170966,1,3,2,0.5608802015059405,-0.5617487791948862,3.0,0,0,0,0
S03675,9,6,40,67,1,6,2022.0,No,3,2024.0,Not Placed,UK,9,-0.8785035087145754,-0.7125149570316321,2,1,0,-0.21260850425234185,-0.28549519127799955,2.0,0,0,0,0
S01470,1,3,47,31,2,4,2020.0,Yes,3,2022.0,Placed,India,5,1.974173505510415,0.9362876617430871,2,1,2,0.19095082049110992,-0.28549519127799955,2.0,0,1,1,0
S03669,0,2,0,36,6,3,2023.0,No,4,2024.0,Not Placed,UK,9,-0.8785035087145754,0.7505070849797383,2,4,0,0.8635496950635292,1.040522030723056,1.0,1,0,0,0
S02949,3,0,37,65,9,2,2021.0,Yes,2,2023.0,Not Placed,UK,9,-0.8785035087145754,-0.9911858221766553,1,2,3,0.7290299201490454,-0.28549519127799955,2.0,1,0,1,0
S01770,8,2,45,68,6,3,2021.0,No,1,2024.0,Placed,Germany,2,0.15272806146838147,-0.9679632500812362,1,0,1,-0.07808872933785782,4.8344046381149655,3.0,1,1,0,0
S01234,6,9,42,40,0,6,2021.0,No,0,2024.0,Placed,USA,0,1.393467364895323,0.7737296570751574,1,2,2,0.02280110184800505,-0.819585461250647,3.0,0,1,0,0
S02200,0,6,19,37,0,0,2022.0,No,0,2025.0,Not Placed,UK,9,-0.8785035087145754,-1.2001889710354223,3,0,0,-1.8941056906833906,-0.28549519127799955,3.0,0,0,0,0
S01011,5,6,14,63,11,5,2023.0,Yes,2,2024.0,Not Placed,UK,9,-0.8785035087145754,-0.48028923607744606,4,1,2,0.49362031404869855,-0.28549519127799955,1.0,0,0,1,0
S02995,3,6,40,67,10,5,2020.0,No,2,2023.0,Placed,South Africa,4,-0.12867286663749214,-1.7110855571346315,5,2,3,1.031699413706634,-0.28549519127799955,3.0,0,1,0,0
S01852,5,1,49,0,4,4,2021.0,Yes,1,2024.0,Not Placed,UK,9,-0.8785035087145754,-0.10872808255074845,2,1,0,-1.8941056906833906,-0.28549519127799955,3.0,0,0,1,0
S01584,3,4,10,50,4,5,2020.0,No,0,2022.0,Placed,Ireland,8,0.8246316859661491,1.5400745362239707,0,1,2,0.7290299201490454,-0.28549519127799955,2.0,0,1,0,0
S03861,2,5,32,4,10,3,2020.0,No,1,2021.0,Not Placed,UK,9,-0.8785035087145754,0.26283307097594816,5,2,0,-1.8941056906833906,-0.28549519127799955,1.0,1,0,0,0
S01080,9,4,13,51,8,4,2023.0,Yes,4,2024.0,Placed,Ireland,2,0.833386644418886,-0.6660698128407949,4,1,2,0.25821070794835194,-0.28549519127799955,1.0,0,1,1,0
S02869,2,0,50,54,4,1,2019.0,Yes,3,2022.0,Placed,Canada,7,-0.22809291285077885,0.8433973733614127,0,0,1,0.19095082049110992,-0.28549519127799955,3.0,0,1,1,1
S02088,6,0,31,28,9,0,2020.0,No,3,2021.0,Placed,Canada,2,-0.04195145385565259,-1.5020824082758635,2,1,1,0.09006098930524706,-0.41441353230587996,1.0,0,1,0,1
S04898,5,0,31,28,12,5,2023.0,Yes,1,2026.0,Not Placed,UK,9,-0.8785035087145754,0.8666199454568319,1,1,3,0.3927304828628357,-0.41441353230587996,3.0,0,0,1,0
S03909,3,5,32,11,5,1,2019.0,No,1,2021.0,Placed,Russia,10,1.6887697473011505,1.4239616757468772,4,1,1,1.0989593011638763,-0.28549519127799955,2.0,0,1,0,0
S04538,5,2,45,68,8,5,2019.0,Yes,4,2020.0,Not Placed,UK,9,-0.8785035087145754,0.5647265082163905,4,1,2,0.056431045576625906,4.8344046381149655,1.0,0,0,1,0
S00704,2,0,31,28,3,5,2021.0,Yes,0,2022.0,Not Placed,UK,9,-0.8785035087145754,1.2846262431743656,5,1,0,-1.8941056906833906,-0.41441353230587996,1.0,0,0,1,0
S04350,4,0,27,72,0,1,2020.0,Yes,3,2022.0,Placed,Canada,0,0.010874072484171904,0.44861364773929696,1,1,2,0.2245807642197308,1.611446112417955,2.0,0,1,1,1
S00788,4,7,12,10,3,2,2022.0,No,4,2023.0,Not Placed,UK,9,-0.8785035087145754,-1.0840761105583296,0,0,2,0.9308095825207715,-0.28549519127799955,1.0,1,0,0,0
S03616,2,1,21,61,8,5,2020.0,No,3,2022.0,Not Placed,UK,9,-0.8785035087145754,-0.3409538035049345,4,1,3,0.8971796387921507,0.966854407278553,2.0,0,0,0,0
S02239,1,6,23,71,10,6,2019.0,No,0,2021.0,Not Placed,UK,9,-0.8785035087145754,-1.362746975703352,4,3,3,0.32547059540559364,-0.28549519127799955,2.0,0,0,0,0
S00287,3,2,34,22,3,0,2021.0,Yes,4,2024.0,Not Placed,UK,9,-0.8785035087145754,-0.8750729616995618,2,1,3,-0.010828841880616107,-0.28549519127799955,3.0,0,0,1,0
S01833,1,5,32,11,5,5,2023.0,No,4,2026.0,Placed,Russia,0,0.501664423584669,-1.385969547798771,1,0,1,0.12369093303386793,-0.28549519127799955,3.0,0,1,0,0
S03636,6,3,2,13,12,2,2019.0,Yes,4,2022.0,Placed,India,3,1.081049433081893,0.4021685035484598,4,4,2,-0.14534861679509983,0.5800993841949118,3.0,1,1,1,0
S02147,3,0,50,39,4,1,2020.0,Yes,4,2023.0,Placed,Canada,11,0.8817163812829808,1.6794099687964823,0,2,0,0.9980694699780132,-0.28549519127799955,3.0,0,1,1,1
S00347,9,4,13,45,3,0,2022.0,No,2,2023.0,Not Placed,UK,9,-0.8785035087145754,-0.6428472407453758,5,2,0,1.1325892448924972,-0.28549519127799955,1.0,0,0,0,0
S01105,6,2,20,9,13,3,2022.0,Yes,1,2025.0,Not Placed,UK,9,-0.8785035087145754,0.4253910756438789,3,0,0,-1.8941056906833906,-0.28549519127799955,3.0,1,0,1,0
S02641,2,9,42,40,6,0,2022.0,Yes,1,2024.0,Not Placed,UK,9,-0.8785035087145754,0.5879490803118086,0,1,3,0.02280110184800505,-0.819585461250647,2.0,0,0,1,0
S01206,0,5,24,19,0,4,2023.0,Yes,1,2025.0,Not Placed,UK,9,-0.8785035087145754,-0.7357375291270501,3,2,0,0.32547059540559364,-0.28549519127799955,2.0,0,0,1,0
S01981,7,0,16,52,7,1,2021.0,No,1,2023.0,Placed,Canada,4,0.8655867506200556,-1.1769663989400032,0,0,2,0.42636042659145684,1.114189654167559,2.0,0,1,0,1
S01732,5,4,18,33,12,7,2022.0,Yes,4,2023.0,Placed,Ireland,8,0.10136169487067978,-1.0376309663674925,4,1,3,0.3591005391342148,-0.28549519127799955,1.0,0,1,1,0
S00111,1,2,45,68,10,2,2023.0,Yes,4,2026.0,Not Placed,UK,9,-0.8785035087145754,0.5647265082163905,1,2,3,-0.178978560523721,4.8344046381149655,3.0,1,0,1,0
S04607,7,2,3,42,4,4,2021.0,Yes,0,2024.0,Not Placed,UK,9,-0.8785035087145754,-0.3409538035049345,2,1,2,0.3591005391342148,-0.28549519127799955,3.0,0,0,1,0
S02001,2,6,23,71,2,6,2023.0,Yes,0,2024.0,Placed,South Africa,2,0.9741364044090567,0.7737296570751574,3,4,1,0.49362031404869855,-0.28549519127799955,1.0,0,1,1,0
S00524,7,5,32,4,1,4,2020.0,Yes,3,2021.0,Placed,Russia,12,1.5820539023772497,-1.5020824082758635,1,1,3,-0.11171867306647898,-0.28549519127799955,1.0,0,1,1,0
S00003,4,0,50,54,10,0,2019.0,No,4,2020.0,Not Placed,UK,9,-0.8785035087145754,-1.2234115431308403,0,0,0,-1.8941056906833906,-0.28549519127799955,1.0,0,0,0,0
S01521,2,1,26,23,6,0,2023.0,Yes,2,2025.0,Placed,Finland,6,2.0106919358132727,1.0291779501247615,4,4,0,0.056431045576625906,-0.28549519127799955,2.0,0,1,1,0
S03150,7,0,37,65,13,0,2021.0,No,0,2024.0,Not Placed,UK,9,-0.8785035087145754,1.4239616757468772,5,4,3,0.6281400889631826,-0.28549519127799955,3.0,0,0,0,0
S02797,8,4,18,33,6,0,2020.0,Yes,0,2021.0,Not Placed,UK,9,-0.8785035087145754,-1.2698566873216774,2,4,0,0.8971796387921507,-0.28549519127799955,1.0,0,0,1,0
S02796,0,7,43,2,9,7,2021.0,No,2,2023.0,Placed,UAE,9,0.5076390911774151,0.3789459314530417,0,4,0,0.42636042659145684,-0.28549519127799955,2.0,0,1,0,0
S02876,7,2,45,68,8,7,2020.0,Yes,3,2022.0,Placed,Germany,4,1.5242199088144632,-0.17839579883700477,4,1,0,0.25821070794835194,4.8344046381149655,2.0,0,1,1,0
S00635,3,8,27,21,3,5,2022.0,No,1,2024.0,Placed,UK,7,0.9086911181373593,-1.153743826844585,4,3,1,0.5608802015059405,-0.35916281472250267,2.0,0,1,0,0
S02430,8,7,12,29,11,7,2021.0,No,3,2022.0,Placed,UAE,11,0.29578487132109765,-0.48028923607744606,2,3,0,-1.8941056906833906,-0.28549519127799955,1.0,0,1,0,0
S04212,5,6,14,63,4,6,2021.0,No,1,2024.0,Not Placed,UK,9,-0.8785035087145754,1.6794099687964823,4,4,0,-1.8941056906833906,-0.28549519127799955,3.0,0,0,0,0
S04219,0,7,43,2,1,4,2023.0,Yes,3,2025.0,Placed,UAE,0,0.6435578493186657,-1.153743826844585,4,3,2,0.6617700326918035,-0.28549519127799955,2.0,0,1,1,0
S00865,2,9,42,47,12,3,2023.0,No,3,2026.0,Placed,USA,1,1.2707204811829649,0.704061940788901,0,4,3,0.25821070794835194,-0.7275009319450181,3.0,1,1,0,0
S01087,8,3,2,13,8,2,2021.0,No,3,2024.0,Placed,India,0,1.5846370094883049,-0.5731795244591205,0,2,1,0.5608802015059405,0.5800993841949118,3.0,1,1,0,0
S00901,4,2,45,68,3,5,2022.0,Yes,4,2023.0,Placed,Germany,8,0.7387976000545194,-0.6196246686499577,1,3,3,0.42636042659145684,4.8344046381149655,1.0,0,1,1,0
S04614,2,5,36,34,1,2,2022.0,Yes,2,2025.0,Placed,Russia,0,1.7932771342369735,1.2846262431743656,2,2,2,0.9980694699780132,-0.28549519127799955,3.0,1,1,1,0
S00229,9,3,11,15,3,2,2019.0,No,1,2021.0,Not Placed,UK,9,-0.8785035087145754,-0.13195065464616756,5,3,0,0.056431045576625906,2.348122346862986,2.0,1,0,0,0
S03290,1,8,29,64,8,0,2022.0,No,4,2023.0,Not Placed,UK,9,-0.8785035087145754,1.2614036710789476,4,4,0,-1.8941056906833906,-0.41441353230587996,1.0,0,0,0,0
S03238,4,1,49,0,4,7,2022.0,Yes,4,2025.0,Placed,Finland,12,-0.22184218800952302,-0.6196246686499577,5,3,2,0.2918406516769728,-0.28549519127799955,3.0,0,1,1,0
S04320,2,6,40,67,1,7,2022.0,Yes,0,2025.0,Placed,South Africa,9,1.6352343594651582,-1.0840761105583296,1,1,2,0.7626598638776666,-0.28549519127799955,3.0,0,1,1,0
S02418,0,3,8,16,8,3,2022.0,Yes,2,2023.0,Placed,India,4,1.1076100840635068,-1.57175012456212,5,2,2,1.1325892448924972,-0.28549519127799955,1.0,1,1,1,0
S04882,0,4,10,50,3,5,2020.0,No,0,2023.0,Not Placed,UK,9,-0.8785035087145754,0.030607350021762136,0,0,0,-0.14534861679509983,-0.28549519127799955,3.0,0,0,0,0
S01660,7,4,10,50,10,1,2021.0,No,0,2022.0,Not Placed,UK,9,-0.8785035087145754,0.8666199454568319,3,0,1,0.7962898076062874,-0.28549519127799955,1.0,0,0,0,0
S02235,9,6,40,67,9,4,2022.0,Yes,4,2025.0,Placed,South Africa,12,-0.19185053979643116,-1.57175012456212,1,1,0,0.9308095825207715,-0.28549519127799955,3.0,0,1,1,0
S00267,9,4,10,50,10,5,2021.0,No,0,2024.0,Not Placed,UK,9,-0.8785035087145754,-0.01583779416907404,1,4,0,0.49362031404869855,-0.28549519127799955,3.0,0,0,0,0
S02264,5,0,50,54,12,2,2021.0,No,4,2023.0,Not Placed,UK,9,-0.8785035087145754,0.12349763840343654,4,4,2,0.9980694699780132,-0.28549519127799955,2.0,1,0,0,0
S03867,1,8,27,17,10,1,2021.0,No,3,2024.0,Placed,UK,8,1.6824401489603205,0.7737296570751574,3,4,0,-1.8941056906833906,-0.8011685553895213,3.0,0,1,0,0
S00708,0,7,1,73,5,1,2020.0,Yes,2,2023.0,Placed,UAE,10,0.19533946961334628,1.6794099687964823,3,2,1,-0.14534861679509983,-0.28549519127799955,3.0,0,1,1,0
S03684,0,6,40,67,3,6,2022.0,Yes,1,2025.0,Not Placed,UK,9,-0.8785035087145754,-0.5964020965545386,1,4,0,1.0989593011638763,-0.28549519127799955,3.0,0,0,1,0
S00413,9,5,32,4,0,0,2023.0,No,3,2024.0,Not Placed,UK,9,-0.8785035087145754,-1.2930792594170966,2,0,1,0.5945101452345617,-0.28549519127799955,1.0,0,0,0,0
S01503,5,9,35,5,12,6,2019.0,No,1,2022.0,Not Placed,UK,9,-0.8785035087145754,1.2846262431743656,2,0,3,0.8635496950635292,-0.580165685056012,3.0,0,0,0,0
S03967,3,9,28,49,14,6,2023.0,No,0,2024.0,Placed,USA,9,-0.0922924649588896,1.4704068199377145,1,2,2,0.056431045576625906,-0.3407459088613769,1.0,0,1,0,0
S04169,4,0,37,65,0,4,2022.0,Yes,2,2023.0,Not Placed,UK,9,-0.8785035087145754,-0.5499569523637023,2,2,0,0.7962898076062874,-0.28549519127799955,1.0,0,0,1,0
S03171,2,5,32,4,13,2,2019.0,Yes,3,2020.0,Placed,Russia,9,0.6384113534714487,1.1917359547926911,0,1,0,-1.8941056906833906,-0.28549519127799955,1.0,1,1,1,0
S01463,2,3,11,18,11,4,2022.0,Yes,3,2023.0,Not Placed,UK,9,-0.8785035087145754,-1.339524403607934,5,4,1,0.5608802015059405,-0.28549519127799955,1.0,0,0,1,0
S03227,0,2,34,22,0,1,2022.0,No,3,2024.0,Not Placed,UK,9,-0.8785035087145754,-1.0840761105583296,5,1,2,0.8971796387921507,-0.28549519127799955,2.0,0,0,0,0
S00390,1,6,44,41,7,3,2021.0,No,2,2024.0,Placed,South Africa,5,-0.0976558629299356,1.2381810989835285,1,0,2,0.19095082049110992,-0.28549519127799955,3.0,1,1,0,0
S02397,6,9,42,47,4,4,2021.0,Yes,3,2022.0,Not Placed,UK,9,-0.8785035087145754,-1.5020824082758635,1,1,0,0.7626598638776666,-0.7275009319450181,1.0,0,0,1,0
S03761,9,5,32,30,12,7,2019.0,Yes,4,2022.0,Not Placed,UK,9,-0.8785035087145754,-0.9679632500812362,2,3,1,-0.11171867306647898,-0.28549519127799955,3.0,0,0,1,0
S00620,4,0,31,28,7,3,2023.0,Yes,0,2025.0,Not Placed,UK,9,-0.8785035087145754,0.913065089647669,0,0,1,0.19095082049110992,-0.41441353230587996,2.0,1,0,1,0
S02604,2,5,32,4,1,5,2023.0,Yes,3,2026.0,Placed,Russia,3,0.6989073276448647,1.1917359547926911,0,2,0,0.9308095825207715,-0.28549519127799955,3.0,0,1,1,0
S04942,0,3,39,3,1,1,2019.0,Yes,4,2020.0,Not Placed,UK,9,-0.8785035087145754,-1.57175012456212,2,1,2,0.7290299201490454,-0.28549519127799955,1.0,0,0,1,0
S01397,2,5,24,19,13,2,2021.0,No,3,2022.0,Placed,Russia,12,0.7114876508269505,1.1685133826972731,2,2,3,0.9980694699780132,-0.28549519127799955,1.0,1,1,0,0
S04889,6,5,36,34,13,6,2020.0,No,2,2022.0,Placed,Russia,0,1.8818126375090198,-0.06228293835991124,4,3,2,0.45999037032007767,-0.28549519127799955,2.0,0,1,0,0
S00612,0,2,0,36,12,7,2021.0,No,0,2023.0,Not Placed,UK,9,-0.8785035087145754,-1.0840761105583296,1,1,3,-0.11171867306647898,1.040522030723056,2.0,0,0,0,0
S01387,8,6,23,71,7,6,2023.0,No,1,2024.0,Not Placed,UK,9,-0.8785035087145754,-1.2466341152262594,0,2,2,1.0653293574352556,-0.28549519127799955,1.0,0,0,0,0
S00443,5,8,38,66,9,2,2019.0,No,1,2022.0,Not Placed,UK,9,-0.8785035087145754,1.609742252510226,5,1,0,-1.8941056906833906,-0.8564192729728985,3.0,1,0,0,0
S04129,6,2,34,44,4,2,2021.0,No,3,2022.0,Placed,Germany,11,1.4841718894056601,1.2846262431743656,5,1,3,0.2245807642197308,-0.08290922680561606,1.0,1,1,0,0
S00627,2,0,16,52,11,1,2019.0,No,1,2021.0,Placed,Canada,11,0.906108011026304,-1.1769663989400032,1,1,3,0.45999037032007767,1.114189654167559,2.0,0,1,0,1
S00872,0,3,11,6,14,5,2019.0,Yes,4,2020.0,Not Placed,UK,9,-0.8785035087145754,-0.06228293835991124,1,0,0,-1.8941056906833906,-0.28549519127799955,1.0,0,0,1,0
S00437,9,8,6,55,4,6,2021.0,Yes,1,2024.0,Placed,UK,7,1.7862376743999757,0.3092782151667854,1,2,3,0.19095082049110992,-0.8748361788340243,3.0,0,1,1,0
S04267,4,6,14,63,6,0,2020.0,Yes,3,2023.0,Placed,South Africa,1,0.24280159798212475,-0.8750729616995618,5,2,3,0.8635496950635292,-0.28549519127799955,3.0,0,1,1,0
S02683,2,8,27,21,11,0,2021.0,No,4,2024.0,Not Placed,UK,9,-0.8785035087145754,0.28605564307136727,1,2,3,-0.010828841880616107,-0.35916281472250267,3.0,0,0,0,0
S04173,4,8,29,64,3,7,2023.0,Yes,3,2024.0,Placed,UK,0,1.4131857397888745,0.12349763840343654,3,4,3,0.49362031404869855,-0.41441353230587996,1.0,0,1,1,0
S00608,0,8,27,21,10,7,2020.0,No,0,2021.0,Not Placed,UK,9,-0.8785035087145754,1.7490776850827376,1,2,1,0.8971796387921507,-0.35916281472250267,1.0,0,0,0,0
S02777,4,0,16,52,5,5,2019.0,Yes,0,2022.0,Not Placed,UK,9,-0.8785035087145754,-0.5499569523637023,1,2,1,1.0653293574352556,1.114189654167559,3.0,0,0,1,0
S00778,1,7,1,73,8,7,2023.0,No,0,2024.0,Placed,UAE,11,1.853142120413796,-1.4324146919896081,2,1,0,0.49362031404869855,-0.28549519127799955,1.0,0,1,0,0
S00045,0,7,12,26,3,7,2021.0,No,2,2023.0,Placed,UAE,11,1.0322661735952465,0.8898425175522499,1,1,1,0.7626598638776666,-0.28549519127799955,2.0,0,1,0,0
S01495,4,2,20,9,4,0,2023.0,Yes,2,2025.0,Not Placed,UK,9,-0.8785035087145754,0.030607350021762136,5,1,0,-1.8941056906833906,-0.28549519127799955,2.0,0,0,1,0
S01336,1,9,5,25,14,3,2019.0,Yes,0,2020.0,Not Placed,UK,9,-0.8785035087145754,-1.0608535384629105,3,4,3,0.8635496950635292,-0.8932530846951501,1.0,1,0,1,0
S04497,3,2,45,68,14,1,2021.0,No,0,2024.0,Not Placed,UK,9,-0.8785035087145754,-0.898295533794981,5,4,0,-1.8941056906833906,4.8344046381149655,3.0,0,0,0,0
S02388,6,5,32,24,5,7,2022.0,Yes,2,2024.0,Not Placed,UK,9,-0.8785035087145754,-0.5267343802682832,3,2,0,0.7626598638776666,0.6906008193616664,2.0,0,0,1,0
S04645,1,5,24,19,11,4,2022.0,Yes,4,2023.0,Placed,Russia,8,0.6946481586678576,0.07705249421259934,4,3,2,0.8971796387921507,-0.28549519127799955,1.0,0,1,1,0
S00147,5,7,43,2,6,5,2020.0,Yes,2,2021.0,Not Placed,UK,9,-0.8785035087145754,-1.0840761105583296,5,3,3,-0.07808872933785782,-0.28549519127799955,1.0,0,0,1,0
S01692,1,6,7,56,2,7,2022.0,Yes,0,2024.0,Placed,South Africa,9,0.5813069397797235,0.7737296570751574,4,2,0,-1.8941056906833906,3.195300016474772,2.0,0,1,1,0
S04451,0,4,13,46,0,4,2019.0,Yes,1,2022.0,Placed,Ireland,7,2.070320301491372,-1.2698566873216774,1,0,0,-1.8941056906833906,1.279941806917691,3.0,0,1,1,0
S03518,0,9,35,5,8,1,2022.0,No,0,2023.0,Placed,USA,8,1.134643976042566,-1.0144083942720734,3,3,1,0.3927304828628357,-0.580165685056012,1.0,0,1,0,0
S03112,8,7,12,58,11,7,2022.0,No,4,2025.0,Placed,UAE,6,1.737986811035455,1.7258551129873196,3,4,0,0.7962898076062874,-0.28549519127799955,3.0,0,1,0,0
S02765,0,2,45,68,8,2,2022.0,No,4,2024.0,Placed,Germany,0,-0.1356334529749158,0.4718362198347161,1,3,0,-1.8941056906833906,4.8344046381149655,2.0,1,1,0,0
S03829,4,2,34,22,2,4,2023.0,Yes,2,2025.0,Not Placed,UK,9,-0.8785035087145754,-0.22484094302784197,4,3,0,-1.8941056906833906,-0.28549519127799955,2.0,0,0,1,0
S02603,5,3,47,31,11,3,2022.0,Yes,4,2024.0,Placed,India,12,1.7895503613820922,0.10027506630801845,2,2,1,0.5272502577773197,-0.28549519127799955,2.0,1,1,1,0
S02228,8,2,45,68,6,6,2022.0,No,2,2023.0,Not Placed,UK,9,-0.8785035087145754,-0.6660698128407949,1,1,0,-1.8941056906833906,4.8344046381149655,1.0,0,0,0,0
S04462,8,5,32,24,6,1,2021.0,Yes,4,2024.0,Not Placed,UK,9,-0.8785035087145754,-0.5499569523637023,5,3,1,1.031699413706634,0.6906008193616664,3.0,0,0,1,0
S01980,6,3,39,3,12,6,2020.0,No,3,2023.0,Not Placed,UK,9,-0.8785035087145754,0.6111716524072267,3,0,0,-1.8941056906833906,-0.28549519127799955,3.0,0,0,0,0
S02993,8,2,0,36,14,5,2022.0,Yes,0,2024.0,Not Placed,UK,9,-0.8785035087145754,1.354293959460622,2,2,1,0.3591005391342148,1.040522030723056,2.0,0,0,1,0
S01159,0,2,45,68,7,1,2021.0,Yes,2,2022.0,Placed,Germany,2,0.5300983201811702,-1.1072986826537479,3,3,1,-0.178978560523721,4.8344046381149655,1.0,0,1,1,0
S00253,9,5,32,11,5,6,2023.0,Yes,2,2025.0,Placed,Russia,8,-0.017796444611051992,-1.641417840848375,2,4,3,-0.010828841880616107,-0.28549519127799955,2.0,0,1,1,0
S00491,5,0,31,28,10,3,2020.0,No,1,2022.0,Not Placed,UK,9,-0.8785035087145754,1.2381810989835285,3,0,3,0.45999037032007767,-0.41441353230587996,2.0,1,0,0,0
S02305,7,1,21,61,1,0,2020.0,No,1,2021.0,Placed,Finland,0,-0.07961354990233598,0.26283307097594816,0,4,2,-0.010828841880616107,0.966854407278553,1.0,0,1,0,0
S01179,6,1,46,43,12,1,2021.0,Yes,4,2024.0,Placed,Finland,1,-0.08963048434826014,0.23961049888053007,4,2,2,0.1573208767624888,-0.28549519127799955,3.0,0,1,1,0
S04954,4,8,6,55,10,3,2020.0,Yes,0,2022.0,Placed,UK,7,-0.006182321798750151,-1.6646404129437942,2,0,0,0.2245807642197308,-0.8748361788340243,2.0,1,1,1,0
S04867,0,2,3,12,9,6,2023.0,Yes,1,2026.0,Placed,Germany,11,0.7074059472239854,-1.2001889710354223,5,0,2,-0.04445878560923697,-0.28549519127799955,3.0,0,1,1,0
S00506,3,9,35,32,14,2,2023.0,Yes,1,2026.0,Placed,USA,9,1.3906476372855452,0.6343942245026458,1,4,0,-1.8941056906833906,-0.1197430385278676,3.0,1,1,1,0
S02713,3,8,38,66,2,7,2023.0,No,3,2025.0,Placed,UK,6,1.5862736346044697,-0.8054052454133065,2,3,0,0.32547059540559364,-0.8564192729728985,2.0,0,1,0,0
S00721,2,5,32,4,3,4,2023.0,No,1,2026.0,Not Placed,UK,9,-0.8785035087145754,-0.48028923607744606,3,1,1,0.19095082049110992,-0.28549519127799955,3.0,0,0,0,0
S00185,5,3,8,16,4,2,2021.0,No,2,2024.0,Not Placed,UK,9,-0.8785035087145754,-0.6660698128407949,4,0,1,0.8299197513349084,-0.28549519127799955,3.0,1,0,0,0
S02251,7,3,11,15,1,4,2019.0,Yes,1,2022.0,Placed,India,7,1.6955331498896387,1.1452908106018551,2,0,0,-1.8941056906833906,2.348122346862986,3.0,0,1,1,0
S03249,7,4,13,51,11,7,2021.0,Yes,2,2024.0,Placed,Ireland,6,1.655682314229771,-0.29450865931409725,4,2,0,-1.8941056906833906,-0.28549519127799955,3.0,0,1,1,0
S04756,6,3,39,3,11,2,2021.0,Yes,4,2023.0,Placed,India,10,0.08146585460308631,-0.38739894769577166,5,4,0,0.5945101452345617,-0.28549519127799955,2.0,1,1,1,0
S00133,4,9,5,8,0,2,2022.0,Yes,1,2025.0,Placed,USA,2,1.1662525309969292,-1.4324146919896081,1,1,1,0.49362031404869855,-0.8380023671117728,3.0,1,1,1,0
S01322,8,0,31,28,12,2,2020.0,Yes,4,2021.0,Placed,Canada,4,0.17102671336959727,1.122068238506436,3,0,0,-0.11171867306647898,-0.41441353230587996,1.0,1,1,1,1
S03749,3,9,28,49,11,5,2023.0,No,1,2026.0,Not Placed,UK,9,-0.8785035087145754,-0.10872808255074845,1,4,2,-0.07808872933785782,-0.3407459088613769,3.0,0,0,0,0
S01023,1,8,29,64,12,1,2021.0,Yes,4,2022.0,Not Placed,UK,9,-0.8785035087145754,-0.48028923607744606,0,3,3,-0.07808872933785782,-0.41441353230587996,1.0,0,0,1,0
S00876,0,9,28,49,6,4,2021.0,Yes,0,2023.0,Not Placed,UK,9,-0.8785035087145754,-1.6878629850392124,0,2,2,-0.11171867306647898,-0.3407459088613769,2.0,0,0,1,0
S04998,8,3,2,13,9,6,2023.0,Yes,4,2026.0,Placed,India,12,1.1086551579328652,1.1917359547926911,4,3,3,1.0653293574352556,0.5800993841949118,3.0,0,1,1,0
S04501,6,3,2,13,8,4,2019.0,Yes,0,2021.0,Placed,India,7,0.05326857850530765,1.0524005222201807,0,0,0,0.8971796387921507,0.5800993841949118,2.0,0,1,1,0
S00476,8,9,5,8,9,3,2023.0,No,0,2026.0,Not Placed,UK,9,-0.8785035087145754,1.0291779501247615,1,3,3,0.2918406516769728,-0.8380023671117728,3.0,1,0,0,0
S04132,2,6,23,62,13,6,2020.0,Yes,4,2023.0,Placed,South Africa,7,2.0617033716628903,-1.641417840848375,2,0,0,0.12369093303386793,-0.28549519127799955,3.0,0,1,1,0
S03275,2,6,40,67,9,1,2022.0,Yes,2,2023.0,Not Placed,UK,9,-0.8785035087145754,-0.5499569523637023,1,4,2,-0.07808872933785782,-0.28549519127799955,1.0,0,0,1,0
S02069,7,0,37,65,4,6,2021.0,No,4,2022.0,Placed,Canada,10,1.2944811229296944,-1.409192119894189,4,1,2,-0.010828841880616107,-0.28549519127799955,1.0,0,1,0,1
S02216,2,6,23,62,2,5,2021.0,No,2,2024.0,Not Placed,UK,9,-0.8785035087145754,0.4253910756438789,0,2,0,0.19095082049110992,-0.28549519127799955,3.0,0,0,0,0
S04849,5,2,20,9,6,2,2023.0,No,2,2024.0,Placed,Germany,2,0.50566725368806,1.0756230943155987,1,0,0,-1.8941056906833906,-0.28549519127799955,1.0,1,1,0,0
S01169,5,2,3,42,13,0,2023.0,No,2,2026.0,Placed,Germany,9,0.4495881954907994,-0.17839579883700477,3,1,1,0.056431045576625906,-0.28549519127799955,3.0,0,1,0,0
S04118,1,7,12,26,8,1,2021.0,Yes,4,2022.0,Not Placed,UK,9,-0.8785035087145754,1.4471842478422963,0,0,0,-1.8941056906833906,-0.28549519127799955,1.0,0,0,1,0
S02487,8,9,5,25,8,5,2023.0,No,1,2024.0,Not Placed,UK,9,-0.8785035087145754,-0.3641763756003536,2,4,3,-0.21260850425234185,-0.8932530846951501,1.0,0,0,0,0
S02400,7,1,46,43,14,0,2020.0,Yes,4,2023.0,Not Placed,UK,9,-0.8785035087145754,-1.2234115431308403,2,0,0,-1.8941056906833906,-0.28549519127799955,3.0,0,0,1,0
S03168,7,5,32,11,11,2,2021.0,No,4,2023.0,Placed,Russia,4,0.4019880384977661,-0.48028923607744606,3,1,3,0.2245807642197308,-0.28549519127799955,2.0,1,1,0,0
S01277,4,7,1,73,6,1,2019.0,No,2,2022.0,Not Placed,UK,9,-0.8785035087145754,-1.339524403607934,2,1,0,0.45999037032007767,-0.28549519127799955,3.0,0,0,0,0
S01140,2,5,24,19,11,7,2021.0,Yes,1,2023.0,Placed,Russia,0,1.3130755504543137,-0.3641763756003536,2,0,0,-1.8941056906833906,-0.28549519127799955,2.0,0,1,1,0
S01936,6,9,28,49,1,5,2020.0,No,2,2023.0,Not Placed,UK,9,-0.8785035087145754,-0.2712860872186792,0,3,2,0.5608802015059405,-0.3407459088613769,3.0,0,0,0,0
S03738,1,3,8,16,11,5,2022.0,Yes,3,2023.0,Not Placed,UK,9,-0.8785035087145754,0.9362876617430871,5,1,0,-1.8941056906833906,-0.28549519127799955,1.0,0,0,1,0
S01271,7,9,42,47,14,5,2022.0,Yes,4,2023.0,Placed,USA,5,0.4633121844167113,-0.7821826733178874,3,4,0,-1.8941056906833906,-0.7275009319450181,1.0,0,1,1,0
S02471,6,9,42,47,13,3,2023.0,No,4,2026.0,Placed,USA,0,-0.009849939528950732,0.21638792678511096,5,0,1,0.1573208767624888,-0.7275009319450181,3.0,1,1,0,0
S04361,3,6,40,67,13,0,2021.0,No,1,2022.0,Not Placed,UK,9,-0.8785035087145754,0.7737296570751574,4,4,1,0.49362031404869855,-0.28549519127799955,1.0,0,0,0,0
S03421,8,9,5,25,5,0,2021.0,No,4,2023.0,Not Placed,UK,9,-0.8785035087145754,1.122068238506436,3,0,0,-1.8941056906833906,-0.8932530846951501,2.0,0,0,0,0
S02700,9,8,27,21,2,2,2022.0,Yes,0,2025.0,Placed,UK,5,0.5009939988382882,-1.3163018315125148,3,1,2,0.42636042659145684,-0.35916281472250267,3.0,1,1,1,0
S00046,6,9,42,40,9,0,2019.0,Yes,1,2021.0,Not Placed,UK,9,-0.8785035087145754,-0.38739894769577166,4,1,0,-1.8941056906833906,-0.819585461250647,2.0,0,0,1,0
S02657,5,7,12,58,12,6,2020.0,Yes,4,2023.0,Not Placed,UK,9,-0.8785035087145754,-1.339524403607934,5,2,0,1.031699413706634,-0.28549519127799955,3.0,0,0,1,0
S01304,0,8,27,48,1,1,2022.0,Yes,3,2025.0,Placed,UK,6,0.9707645623022594,-0.22484094302784197,3,2,3,0.5272502577773197,-0.7459178378061438,3.0,0,1,1,0
S04698,9,8,27,48,4,5,2022.0,No,2,2025.0,Not Placed,UK,9,-0.8785035087145754,0.7737296570751574,2,2,0,0.02280110184800505,-0.7459178378061438,3.0,0,0,0,0
S03405,6,8,38,66,5,6,2023.0,No,1,2024.0,Not Placed,UK,9,-0.8785035087145754,-0.08550551045533036,5,2,2,0.7962898076062874,-0.8564192729728985,1.0,0,0,0,0
S01599,2,0,27,72,4,0,2020.0,Yes,2,2021.0,Placed,Canada,8,0.09944901250600528,0.7272845128843202,4,0,0,-1.8941056906833906,1.611446112417955,1.0,0,1,1,1
S01922,6,4,18,33,4,7,2020.0,Yes,0,2023.0,Not Placed,UK,9,-0.8785035087145754,0.5182813640255532,2,2,1,0.5608802015059405,-0.28549519127799955,3.0,0,0,1,0
S00641,2,9,28,49,5,5,2020.0,No,4,2021.0,Placed,USA,10,1.5996624111571913,0.28605564307136727,4,1,3,0.12369093303386793,-0.3407459088613769,1.0,0,1,0,0
S00735,5,3,39,3,9,2,2019.0,Yes,2,2022.0,Placed,India,9,0.20271414182353453,-0.15517322674158565,5,3,3,0.7626598638776666,-0.28549519127799955,3.0,1,1,1,0
S01669,4,6,7,56,12,2,2020.0,Yes,3,2023.0,Not Placed,UK,9,-0.8785035087145754,-1.1072986826537479,0,2,3,0.8635496950635292,3.195300016474772,3.0,1,0,1,0
S00357,3,6,14,63,0,7,2022.0,Yes,3,2024.0,Placed,South Africa,8,1.0286971477395137,-1.3163018315125148,2,4,0,0.8971796387921507,-0.28549519127799955,2.0,0,1,1,0
S02734,2,7,1,73,14,3,2021.0,No,0,2022.0,Not Placed,UK,9,-0.8785035087145754,-0.17839579883700477,4,0,3,1.0653293574352556,-0.28549519127799955,1.0,1,0,0,0
S04558,4,7,12,58,13,0,2022.0,No,2,2025.0,Placed,UAE,7,0.20405499131629604,-0.921518105890399,3,2,0,-1.8941056906833906,-0.28549519127799955,3.0,0,1,0,0
S00898,6,4,13,46,14,7,2020.0,Yes,3,2023.0,Not Placed,UK,9,-0.8785035087145754,0.35572335935762256,4,3,1,0.02280110184800505,1.279941806917691,3.0,0,0,1,0
S00196,2,5,32,4,5,5,2021.0,Yes,3,2023.0,Placed,Russia,5,1.132179179180872,-0.921518105890399,3,3,1,0.19095082049110992,-0.28549519127799955,2.0,0,1,1,0
S01876,3,7,12,26,3,0,2021.0,No,4,2022.0,Not Placed,UK,9,-0.8785035087145754,1.609742252510226,3,4,1,0.5272502577773197,-0.28549519127799955,1.0,0,0,0,0
S00515,6,4,13,7,11,3,2020.0,Yes,3,2022.0,Not Placed,UK,9,-0.8785035087145754,-0.8286278175087246,0,3,3,0.2918406516769728,-0.28549519127799955,2.0,1,0,1,0
S04065,2,3,11,15,9,1,2021.0,No,2,2023.0,Placed,India,4,0.20691415567586102,1.609742252510226,4,0,0,1.031699413706634,2.348122346862986,2.0,0,1,0,0
S01612,5,3,47,31,10,4,2020.0,No,4,2023.0,Placed,India,8,0.6074337865136793,-1.0608535384629105,5,0,0,-1.8941056906833906,-0.28549519127799955,3.0,0,1,0,0
S03942,1,8,29,64,1,4,2020.0,Yes,3,2022.0,Placed,UK,8,1.701014858110046,0.7505070849797383,1,3,0,-1.8941056906833906,-0.41441353230587996,2.0,0,1,1,0
S04375,6,5,32,4,12,4,2022.0,Yes,4,2023.0,Placed,Russia,8,1.7269050843452791,1.4007391036514591,3,2,1,0.9644395262493923,-0.28549519127799955,1.0,0,1,1,0
S03934,6,8,27,21,12,5,2022.0,No,3,2024.0,Placed,UK,6,0.38329501909867925,1.586519680414808,2,0,0,-1.8941056906833906,-0.35916281472250267,2.0,0,1,0,0
S02129,5,6,23,62,14,3,2021.0,Yes,2,2023.0,Not Placed,UK,9,-0.8785035087145754,-0.01583779416907404,4,2,1,0.3927304828628357,-0.28549519127799955,2.0,1,0,1,0
S04195,6,9,35,32,10,6,2020.0,No,0,2021.0,Not Placed,UK,9,-0.8785035087145754,-1.130521254749167,5,3,1,0.19095082049110992,-0.1197430385278676,1.0,0,0,0,0
S03065,7,0,48,69,5,3,2020.0,Yes,1,2023.0,Placed,Canada,6,1.32088402691216,0.7272845128843202,0,1,1,0.5608802015059405,-0.5249149674726347,3.0,1,1,1,1
S02063,6,2,3,12,14,7,2021.0,No,0,2024.0,Placed,Germany,3,-0.13133484724812158,-0.29450865931409725,4,2,3,0.7962898076062874,-0.28549519127799955,3.0,0,1,0,0
S03121,4,7,12,26,0,4,2022.0,Yes,3,2025.0,Not Placed,UK,9,-0.8785035087145754,-1.5020824082758635,2,1,0,1.031699413706634,-0.28549519127799955,3.0,0,0,1,0
S03821,4,0,50,39,8,1,2022.0,No,4,2025.0,Placed,Canada,2,0.28600455737389613,-1.362746975703352,1,4,0,-1.8941056906833906,-0.28549519127799955,3.0,0,1,0,1
S04726,5,6,19,37,6,4,2019.0,Yes,1,2021.0,Not Placed,UK,9,-0.8785035087145754,1.7490776850827376,2,1,0,0.6953999764204246,-0.28549519127799955,2.0,0,0,1,0
S02764,6,0,31,28,2,5,2019.0,No,3,2022.0,Placed,Canada,10,0.4399261917929592,-0.01583779416907404,4,1,3,-0.07808872933785782,-0.41441353230587996,3.0,0,1,0,1
S02405,3,8,38,66,13,0,2022.0,Yes,1,2024.0,Placed,UK,10,2.0316131315753307,-0.20161837093242285,4,3,1,-0.04445878560923697,-0.8564192729728985,2.0,0,1,1,0
S00173,1,4,13,7,9,3,2023.0,No,1,2026.0,Placed,Ireland,11,0.16917318612960341,1.0059553780293433,5,4,3,0.5272502577773197,-0.28549519127799955,3.0,1,1,0,0
S04205,0,4,13,51,1,1,2019.0,Yes,1,2020.0,Placed,Ireland,2,1.6362794333345163,-0.15517322674158565,2,4,0,-0.11171867306647898,-0.28549519127799955,1.0,0,1,1,0
S03338,2,9,5,25,4,1,2021.0,No,0,2024.0,Not Placed,UK,9,-0.8785035087145754,0.5647265082163905,4,1,0,0.7626598638776666,-0.8932530846951501,3.0,0,0,0,0
S00136,9,0,31,28,5,5,2022.0,Yes,0,2025.0,Placed,Canada,5,1.3888335467953385,-1.339524403607934,5,2,0,-1.8941056906833906,-0.41441353230587996,3.0,0,1,1,1
S01005,0,9,28,49,1,1,2020.0,Yes,1,2023.0,Placed,USA,5,-0.0453232959624499,0.7272845128843202,3,0,2,0.25821070794835194,-0.3407459088613769,3.0,0,1,1,0
S02220,6,8,27,17,2,2,2023.0,Yes,0,2026.0,Not Placed,UK,9,-0.8785035087145754,-1.1072986826537479,3,0,3,-0.178978560523721,-0.8011685553895213,3.0,1,0,1,0
S02748,3,9,5,25,4,2,2019.0,Yes,3,2021.0,Not Placed,UK,9,-0.8785035087145754,-0.7357375291270501,0,4,0,-1.8941056906833906,-0.8932530846951501,2.0,1,0,1,0
S03889,7,9,42,40,6,1,2022.0,Yes,3,2024.0,Placed,USA,12,0.5959182555758452,-0.08550551045533036,2,1,1,-0.21260850425234185,-0.819585461250647,2.0,0,1,1,0
S01423,5,1,49,0,0,7,2022.0,Yes,0,2024.0,Placed,Finland,5,0.6746142897760092,1.331071387365203,2,3,0,-1.8941056906833906,-0.28549519127799955,2.0,0,1,1,0
S00463,8,9,9,57,3,0,2021.0,No,0,2022.0,Placed,USA,1,0.40468945585818267,-0.24806351512326005,4,4,3,0.3591005391342148,-0.5617487791948862,1.0,0,1,0,0
S00382,3,9,28,49,11,7,2022.0,No,0,2023.0,Not Placed,UK,9,-0.8785035087145754,-1.2698566873216774,1,2,1,1.0653293574352556,-0.3407459088613769,1.0,0,0,0,0
S02761,4,7,43,2,9,3,2021.0,Yes,3,2023.0,Not Placed,UK,9,-0.8785035087145754,1.1917359547926911,1,4,2,1.0653293574352556,-0.28549519127799955,2.0,1,0,1,0
S04769,1,6,44,41,6,4,2021.0,Yes,4,2022.0,Not Placed,UK,9,-0.8785035087145754,-0.6196246686499577,4,2,3,0.02280110184800505,-0.28549519127799955,1.0,0,0,1,0
S00682,7,1,21,61,9,7,2023.0,Yes,2,2025.0,Placed,Finland,5,1.1733708643335012,1.6329648246056452,5,4,3,0.09006098930524706,0.966854407278553,2.0,0,1,1,0
S01671,6,4,30,27,8,4,2021.0,No,4,2022.0,Placed,Ireland,12,1.2115653565023103,-0.31773123140951637,5,0,1,0.5608802015059405,-0.28549519127799955,1.0,0,1,0,0
S04943,0,3,2,13,13,1,2019.0,No,4,2020.0,Placed,India,11,0.9321954210104726,0.6576167965980638,5,2,0,-1.8941056906833906,0.5800993841949118,1.0,0,1,0,0
S00820,1,9,35,32,13,4,2019.0,No,3,2020.0,Placed,USA,10,-0.13888698483235182,-1.0840761105583296,5,2,1,-0.010828841880616107,-0.1197430385278676,1.0,0,1,0,0
S02350,4,5,24,19,4,4,2023.0,Yes,4,2025.0,Not Placed,UK,9,-0.8785035087145754,-0.13195065464616756,0,3,1,0.8971796387921507,-0.28549519127799955,2.0,0,0,1,0
S01624,7,2,34,44,1,6,2020.0,No,2,2022.0,Placed,Germany,0,0.02962624700793939,-0.7357375291270501,2,4,0,-1.8941056906833906,-0.08290922680561606,2.0,0,1,0,0
S02766,0,5,41,38,2,5,2020.0,Yes,2,2021.0,Not Placed,UK,9,-0.8785035087145754,1.2381810989835285,4,2,2,0.8635496950635292,-0.28549519127799955,1.0,0,0,1,0
S01249,3,6,44,41,8,4,2023.0,Yes,0,2024.0,Not Placed,UK,9,-0.8785035087145754,-0.38739894769577166,1,3,1,0.19095082049110992,-0.28549519127799955,1.0,0,0,1,0
S01401,2,5,32,30,0,3,2023.0,No,0,2026.0,Not Placed,UK,9,-0.8785035087145754,1.0756230943155987,4,1,3,1.1325892448924972,-0.28549519127799955,3.0,1,0,0,0
S03804,1,2,20,9,8,0,2022.0,No,0,2025.0,Placed,Germany,8,0.8324598807988891,-0.6196246686499577,1,2,1,0.3927304828628357,-0.28549519127799955,3.0,0,1,0,0
S00120,0,5,24,19,10,1,2023.0,Yes,1,2025.0,Not Placed,UK,9,-0.8785035087145754,-0.08550551045533036,1,4,2,0.8635496950635292,-0.28549519127799955,2.0,0,0,1,0
S02070,1,2,20,9,0,6,2023.0,Yes,3,2026.0,Not Placed,UK,9,-0.8785035087145754,-0.38739894769577166,2,4,3,0.09006098930524706,-0.28549519127799955,3.0,0,0,1,0
S02495,5,3,11,6,1,1,2022.0,Yes,0,2025.0,Not Placed,UK,9,-0.8785035087145754,-0.3641763756003536,3,1,0,0.1573208767624888,-0.28549519127799955,3.0,0,0,1,0
S02354,5,0,48,69,8,3,2021.0,Yes,4,2022.0,Placed,Canada,9,0.09394758591070441,-0.7821826733178874,0,0,0,-1.8941056906833906,-0.5249149674726347,1.0,1,1,1,1
S01220,5,2,34,44,10,1,2022.0,No,3,2025.0,Placed,Germany,11,1.5410791193484497,-0.31773123140951637,0,2,1,0.32547059540559364,-0.08290922680561606,3.0,0,1,0,0
S02311,1,3,11,6,9,3,2022.0,No,2,2023.0,Not Placed,UK,9,-0.8785035087145754,0.9362876617430871,1,3,0,-1.8941056906833906,-0.28549519127799955,1.0,1,0,0,0
S01973,5,2,3,12,9,7,2023.0,No,1,2025.0,Not Placed,UK,9,-0.8785035087145754,0.16994278259427376,1,0,2,0.7290299201490454,-0.28549519127799955,2.0,0,0,0,0
S03433,2,0,31,28,4,7,2021.0,No,3,2022.0,Not Placed,UK,9,-0.8785035087145754,1.0291779501247615,5,4,3,0.42636042659145684,-0.41441353230587996,1.0,0,0,0,0
S01683,0,6,44,41,8,3,2020.0,Yes,2,2021.0,Placed,South Africa,10,0.09473632090644647,-1.594972696657538,2,4,2,-0.07808872933785782,-0.28549519127799955,1.0,1,1,1,0
S00909,8,2,34,22,5,5,2021.0,No,3,2022.0,Placed,Germany,3,0.8169809565074512,-0.5035118081728652,2,3,0,-1.8941056906833906,-0.28549519127799955,1.0,0,1,0,0
S00699,8,5,32,4,1,5,2020.0,No,0,2022.0,Not Placed,UK,9,-0.8785035087145754,-1.4324146919896081,5,2,3,0.2245807642197308,-0.28549519127799955,2.0,0,0,0,0
S04000,3,1,49,70,8,4,2020.0,Yes,0,2021.0,Placed,Finland,6,1.9293536393773725,-0.01583779416907404,5,2,2,0.7290299201490454,-0.28549519127799955,1.0,0,1,1,0
S00409,8,3,11,15,1,3,2021.0,No,3,2023.0,Placed,India,5,0.7391130940528162,1.2381810989835285,2,1,0,-1.8941056906833906,2.348122346862986,2.0,1,1,0,0
S04823,4,7,12,58,3,4,2020.0,Yes,4,2022.0,Not Placed,UK,9,-0.8785035087145754,0.4021685035484598,2,4,0,-1.8941056906833906,-0.28549519127799955,2.0,0,0,1,0
S01141,6,2,0,36,4,6,2021.0,Yes,1,2023.0,Placed,Germany,6,1.724795218231669,1.37751653155604,1,2,0,0.056431045576625906,1.040522030723056,2.0,0,1,1,0
S02359,0,2,34,44,1,6,2020.0,Yes,4,2021.0,Not Placed,UK,9,-0.8785035087145754,-0.4338440918866089,1,1,0,0.056431045576625906,-0.08290922680561606,1.0,0,0,1,0
S02173,8,7,1,73,12,6,2023.0,Yes,1,2025.0,Not Placed,UK,9,-0.8785035087145754,-1.385969547798771,2,0,3,0.9980694699780132,-0.28549519127799955,2.0,0,0,1,0
S04892,8,3,8,16,7,0,2023.0,Yes,4,2024.0,Placed,India,8,0.680648112493436,1.4704068199377145,2,1,1,-0.07808872933785782,-0.28549519127799955,1.0,0,1,1,0
S02536,1,6,19,37,7,0,2019.0,Yes,2,2021.0,Not Placed,UK,9,-0.8785035087145754,0.5647265082163905,0,2,0,0.056431045576625906,-0.28549519127799955,2.0,0,0,1,0
S04419,2,4,13,51,5,0,2022.0,No,0,2023.0,Placed,Ireland,11,1.318951626172592,0.07705249421259934,3,4,3,0.8971796387921507,-0.28549519127799955,1.0,0,1,0,0
S01990,6,0,31,28,10,1,2022.0,No,0,2024.0,Not Placed,UK,9,-0.8785035087145754,1.4007391036514591,1,4,3,0.1573208767624888,-0.41441353230587996,2.0,0,0,0,0
S00886,0,2,20,9,8,3,2022.0,No,1,2024.0,Not Placed,UK,9,-0.8785035087145754,-0.4338440918866089,1,2,0,-0.010828841880616107,-0.28549519127799955,2.0,1,0,0,0
S01308,8,7,1,73,0,3,2023.0,Yes,1,2026.0,Placed,UAE,5,-0.001686532323020407,-1.5253049803712826,5,2,2,0.5608802015059405,-0.28549519127799955,3.0,1,1,1,0
S01865,0,5,41,38,13,7,2020.0,Yes,4,2023.0,Not Placed,UK,9,-0.8785035087145754,0.9362876617430871,0,3,0,-1.8941056906833906,-0.28549519127799955,3.0,0,0,1,0
S00049,3,5,36,34,4,7,2019.0,No,2,2022.0,Placed,Russia,5,1.6666260122956922,-1.1769663989400032,4,3,0,-1.8941056906833906,-0.28549519127799955,3.0,0,1,0,0
S03668,7,5,32,11,3,5,2020.0,No,1,2023.0,Not Placed,UK,9,-0.8785035087145754,1.0524005222201807,2,3,0,-1.8941056906833906,-0.28549519127799955,3.0,0,0,0,0
S03031,6,9,35,5,5,3,2020.0,Yes,1,2023.0,Not Placed,UK,9,-0.8785035087145754,1.586519680414808,1,1,1,0.6281400889631826,-0.580165685056012,3.0,1,0,1,0
S02979,1,6,40,67,12,6,2019.0,Yes,2,2020.0,Placed,South Africa,10,0.601597147545188,-1.1072986826537479,0,1,1,1.0989593011638763,-0.28549519127799955,1.0,0,1,1,0
S00827,9,4,18,33,12,4,2021.0,Yes,0,2022.0,Not Placed,UK,9,-0.8785035087145754,0.7969522291705755,4,0,2,0.7626598638776666,-0.28549519127799955,1.0,0,0,1,0
S04323,8,7,12,10,11,3,2023.0,Yes,0,2024.0,Not Placed,UK,9,-0.8785035087145754,-0.7589601012224693,2,3,0,-1.8941056906833906,-0.28549519127799955,1.0,1,0,1,0
S03386,3,8,27,17,6,1,2020.0,No,2,2023.0,Not Placed,UK,9,-0.8785035087145754,-0.4338440918866089,0,3,2,0.9644395262493923,-0.8011685553895213,3.0,0,0,0,0
S01172,3,4,18,33,10,3,2020.0,Yes,2,2023.0,Placed,Ireland,7,1.132967914176614,-1.57175012456212,1,1,3,1.031699413706634,-0.28549519127799955,3.0,1,1,1,0
S03683,9,2,3,42,2,1,2023.0,No,4,2025.0,Not Placed,UK,9,-0.8785035087145754,0.6111716524072267,5,1,1,0.7626598638776666,-0.28549519127799955,2.0,0,0,0,0
S04686,7,4,13,51,1,0,2021.0,Yes,3,2023.0,Not Placed,UK,9,-0.8785035087145754,1.586519680414808,4,0,3,0.02280110184800505,-0.28549519127799955,2.0,0,0,1,0
S02012,8,4,13,45,4,4,2022.0,Yes,0,2023.0,Placed,Ireland,10,0.9427447515785227,-0.29450865931409725,1,1,2,0.49362031404869855,-0.28549519127799955,1.0,0,1,1,0
S00725,3,9,35,32,6,1,2020.0,No,4,2023.0,Not Placed,UK,9,-0.8785035087145754,-0.8750729616995618,5,3,2,0.8971796387921507,-0.1197430385278676,3.0,0,0,0,0
S01862,6,7,1,73,5,0,2019.0,Yes,4,2022.0,Placed,UAE,1,1.539619959606327,-0.31773123140951637,3,4,0,-1.8941056906833906,-0.28549519127799955,3.0,0,1,1,0
S03725,0,2,45,68,4,2,2022.0,No,4,2023.0,Placed,Germany,5,-0.008804865659592502,1.6794099687964823,0,1,1,-0.07808872933785782,4.8344046381149655,1.0,1,1,0,0
S01136,1,9,42,40,6,6,2021.0,Yes,3,2023.0,Not Placed,UK,9,-0.8785035087145754,0.4021685035484598,2,0,0,-1.8941056906833906,-0.819585461250647,2.0,0,0,1,0
S01246,8,3,39,3,10,0,2022.0,Yes,4,2025.0,Placed,India,8,1.2917994239441715,-1.6878629850392124,0,2,3,0.09006098930524706,-0.28549519127799955,3.0,0,1,1,0
S04051,7,9,35,32,2,5,2022.0,Yes,4,2023.0,Placed,USA,12,1.677668302236081,1.4704068199377145,5,0,0,-1.8941056906833906,-0.1197430385278676,1.0,0,1,1,0
S01532,3,8,27,48,7,6,2021.0,Yes,2,2024.0,Placed,UK,6,0.61443380960089,0.3092782151667854,1,1,2,-0.14534861679509983,-0.7459178378061438,3.0,0,1,1,0
S00231,9,0,50,39,13,1,2021.0,No,4,2022.0,Not Placed,UK,9,-0.8785035087145754,-0.13195065464616756,2,3,2,0.9644395262493923,-0.28549519127799955,1.0,0,0,0,0
S00678,8,0,50,54,11,0,2020.0,Yes,2,2023.0,Placed,Canada,0,-0.26569585377278154,1.5168519641285516,2,1,0,-1.8941056906833906,-0.28549519127799955,3.0,0,1,1,1
S03126,5,8,29,64,13,5,2019.0,No,2,2022.0,Placed,UK,4,0.5266081678250116,1.7258551129873196,0,1,0,0.12369093303386793,-0.41441353230587996,3.0,0,1,0,0
S04062,5,8,15,60,12,6,2022.0,Yes,3,2025.0,Placed,UK,9,1.039542253930967,0.8666199454568319,4,2,2,-0.21260850425234185,-0.5064980616115089,3.0,0,1,1,0
S01062,6,8,29,64,13,2,2020.0,Yes,0,2023.0,Placed,UK,10,1.6143328820779936,0.4718362198347161,4,2,1,0.42636042659145684,-0.41441353230587996,3.0,1,1,1,0
S02896,5,2,34,22,8,3,2021.0,No,4,2023.0,Placed,Germany,11,2.055117434448444,0.10027506630801845,0,0,2,0.7290299201490454,-0.28549519127799955,2.0,1,1,0,0
S04743,9,5,36,34,9,3,2022.0,No,0,2023.0,Placed,Russia,6,0.18839860165081615,-1.0840761105583296,1,2,2,0.9980694699780132,-0.28549519127799955,1.0,1,1,0,0
S01786,5,1,17,1,0,5,2020.0,Yes,2,2022.0,Not Placed,UK,9,-0.8785035087145754,0.3789459314530417,5,2,0,0.8299197513349084,0.8747698779729242,2.0,0,0,1,0
S00434,7,2,34,22,8,7,2021.0,No,2,2024.0,Not Placed,UK,9,-0.8785035087145754,0.16994278259427376,4,0,3,1.0653293574352556,-0.28549519127799955,3.0,0,0,0,0
S04019,3,1,49,0,10,5,2022.0,No,4,2025.0,Not Placed,UK,9,-0.8785035087145754,0.4253910756438789,5,1,2,1.031699413706634,-0.28549519127799955,3.0,0,0,0,0
S04767,9,0,50,39,9,1,2019.0,No,4,2022.0,Not Placed,UK,9,-0.8785035087145754,1.5400745362239707,2,4,1,0.6617700326918035,-0.28549519127799955,3.0,0,0,0,0
S01851,4,3,11,6,6,3,2019.0,Yes,1,2020.0,Not Placed,UK,9,-0.8785035087145754,-1.5020824082758635,3,2,0,-1.8941056906833906,-0.28549519127799955,1.0,1,0,1,0
S01991,3,0,27,72,2,5,2023.0,No,0,2025.0,Not Placed,UK,9,-0.8785035087145754,-0.039060366264493156,4,0,1,1.1325892448924972,1.611446112417955,2.0,0,0,0,0
S00939,3,1,17,1,5,7,2021.0,No,1,2023.0,Not Placed,UK,9,-0.8785035087145754,-1.5485275524667008,2,0,0,-1.8941056906833906,0.8747698779729242,2.0,0,0,0,0
S01818,8,6,44,41,9,3,2019.0,No,4,2022.0,Placed,South Africa,10,1.329678422114684,0.21638792678511096,0,2,0,-1.8941056906833906,-0.28549519127799955,3.0,1,1,0,0
S02502,8,7,1,20,10,4,2022.0,No,4,2025.0,Placed,UAE,6,1.2088047840172131,1.0059553780293433,0,4,1,0.5272502577773197,-0.28549519127799955,3.0,0,1,0,0
S04211,0,5,36,34,14,7,2022.0,Yes,1,2023.0,Not Placed,UK,9,-0.8785035087145754,0.5647265082163905,4,2,0,0.7290299201490454,-0.28549519127799955,1.0,0,0,1,0
S03921,8,5,32,11,3,3,2019.0,No,2,2022.0,Placed,Russia,3,0.9127728217403244,-0.9679632500812362,1,2,0,-1.8941056906833906,-0.28549519127799955,3.0,1,1,0,0
S00066,4,8,27,21,9,0,2021.0,Yes,1,2023.0,Placed,UK,6,1.9321536486122568,0.6576167965980638,2,4,3,0.02280110184800505,-0.35916281472250267,2.0,0,1,1,0
S03756,0,1,46,43,0,6,2021.0,No,3,2024.0,Placed,Finland,4,-0.10408405314523339,1.354293959460622,3,0,0,-1.8941056906833906,-0.28549519127799955,3.0,0,1,0,0
S02028,7,8,27,21,3,6,2019.0,Yes,0,2020.0,Placed,UK,5,0.171697138115978,1.37751653155604,2,4,3,0.7290299201490454,-0.35916281472250267,1.0,0,1,1,0
S02490,0,7,1,20,0,7,2019.0,No,1,2022.0,Placed,UAE,12,1.8567111462695287,-0.17839579883700477,0,4,1,0.9980694699780132,-0.28549519127799955,3.0,0,1,0,0
S04939,5,9,42,40,6,1,2022.0,No,2,2025.0,Not Placed,UK,9,-0.8785035087145754,-1.0608535384629105,3,1,0,-1.8941056906833906,-0.819585461250647,3.0,0,0,0,0
S03695,4,3,33,14,6,2,2022.0,No,2,2025.0,Placed,India,11,0.2667791418526834,-1.5253049803712826,0,4,0,-0.07808872933785782,-0.08290922680561606,3.0,1,1,0,0
S03136,0,3,11,6,4,2,2023.0,No,4,2024.0,Placed,India,12,-0.26120006429705184,0.8666199454568319,3,1,3,0.3927304828628357,-0.28549519127799955,1.0,1,1,0,0
S01527,8,5,32,30,3,1,2022.0,No,3,2023.0,Not Placed,UK,9,-0.8785035087145754,0.4950587919301342,5,0,0,-1.8941056906833906,-0.28549519127799955,1.0,0,0,0,0
S01170,0,9,9,57,2,0,2019.0,Yes,3,2020.0,Not Placed,UK,9,-0.8785035087145754,0.5182813640255532,1,0,2,0.7290299201490454,-0.5617487791948862,1.0,0,0,1,0
S04681,1,2,3,12,6,4,2023.0,No,1,2024.0,Placed,Germany,10,1.922649391913565,0.007384777926344049,3,3,3,0.2245807642197308,-0.28549519127799955,1.0,0,1,0,0
S03663,5,3,33,14,12,5,2022.0,No,2,2024.0,Not Placed,UK,9,-0.8785035087145754,1.5400745362239707,3,1,3,0.2918406516769728,-0.08290922680561606,2.0,0,0,0,0
S02655,6,7,1,20,12,6,2023.0,Yes,4,2024.0,Not Placed,UK,9,-0.8785035087145754,-0.7589601012224693,0,4,0,-1.8941056906833906,-0.28549519127799955,1.0,0,0,1,0
S04545,4,6,23,71,8,0,2022.0,Yes,4,2023.0,Not Placed,UK,9,-0.8785035087145754,0.5647265082163905,3,2,0,0.5608802015059405,-0.28549519127799955,1.0,0,0,1,0
S03787,0,4,18,33,8,4,2020.0,No,0,2022.0,Placed,Ireland,5,1.9405536763169098,0.21638792678511096,5,3,0,-1.8941056906833906,-0.28549519127799955,2.0,0,1,0,0
S01257,9,2,34,22,3,1,2021.0,Yes,4,2024.0,Placed,Germany,3,1.6331442117264416,0.5182813640255532,0,2,1,0.5945101452345617,-0.28549519127799955,3.0,0,1,1,0
S02269,7,1,21,61,10,7,2020.0,No,1,2021.0,Placed,Finland,0,1.4544760168159714,1.609742252510226,5,4,0,-1.8941056906833906,0.966854407278553,1.0,0,1,0,0
S03652,5,9,5,8,5,7,2020.0,Yes,3,2022.0,Placed,USA,0,0.4327289849568129,1.4936293920331336,0,3,0,-1.8941056906833906,-0.8380023671117728,2.0,0,1,1,0
S04120,2,7,12,58,1,6,2022.0,Yes,3,2025.0,Not Placed,UK,9,-0.8785035087145754,1.0524005222201807,2,2,0,-1.8941056906833906,-0.28549519127799955,3.0,0,0,1,0
S04374,5,6,19,37,13,5,2023.0,No,2,2024.0,Not Placed,UK,9,-0.8785035087145754,-1.5253049803712826,2,0,2,0.3591005391342148,-0.28549519127799955,1.0,0,0,0,0
S00230,1,8,29,64,9,4,2021.0,Yes,4,2022.0,Not Placed,UK,9,-0.8785035087145754,-1.4556372640850264,4,4,2,0.9644395262493923,-0.41441353230587996,1.0,0,0,1,0
S02481,9,1,46,43,1,1,2021.0,Yes,1,2023.0,Not Placed,UK,9,-0.8785035087145754,1.0988456664110178,0,3,3,1.0989593011638763,-0.28549519127799955,2.0,0,0,1,0
S03997,9,2,3,42,9,1,2022.0,Yes,3,2024.0,Not Placed,UK,9,-0.8785035087145754,0.8666199454568319,0,3,1,0.3591005391342148,-0.28549519127799955,2.0,0,0,1,0
S00110,1,9,9,57,12,6,2022.0,No,0,2023.0,Placed,USA,6,1.2444753241996478,-0.8518503896041437,3,4,2,-0.07808872933785782,-0.5617487791948862,1.0,0,1,0,0
S04443,0,2,34,22,11,3,2021.0,No,2,2023.0,Placed,Germany,7,1.938522683702874,-0.7357375291270501,5,1,2,0.19095082049110992,-0.28549519127799955,2.0,1,1,0,0
S00625,4,9,42,40,9,5,2019.0,Yes,3,2021.0,Placed,USA,2,0.2698946450858645,0.8201748012659946,0,1,0,-1.8941056906833906,-0.819585461250647,2.0,0,1,1,0
S04332,5,3,11,6,12,1,2023.0,No,4,2024.0,Not Placed,UK,9,-0.8785035087145754,-0.5267343802682832,5,3,0,0.5945101452345617,-0.28549519127799955,1.0,0,0,0,0
S04496,5,2,3,12,12,3,2020.0,Yes,4,2021.0,Placed,Germany,8,1.9045479237612846,0.9595102338385062,4,1,3,0.8299197513349084,-0.28549519127799955,1.0,1,1,1,0
S03260,8,0,37,65,4,0,2023.0,No,2,2025.0,Not Placed,UK,9,-0.8785035087145754,0.7272845128843202,0,1,3,0.9644395262493923,-0.28549519127799955,2.0,0,0,0,0
S03180,4,6,7,56,12,0,2022.0,No,4,2024.0,Not Placed,UK,9,-0.8785035087145754,-1.6646404129437942,3,1,3,0.8971796387921507,3.195300016474772,2.0,0,0,0,0
S01556,5,0,50,54,1,3,2022.0,Yes,0,2024.0,Placed,Canada,4,0.17848025907935974,1.0291779501247615,0,3,0,0.7962898076062874,-0.28549519127799955,2.0,1,1,1,1
S01615,6,5,36,34,7,2,2019.0,No,4,2021.0,Not Placed,UK,9,-0.8785035087145754,-1.7110855571346315,0,3,0,0.3927304828628357,-0.28549519127799955,2.0,1,0,0,0
S00829,0,4,10,50,8,5,2020.0,No,1,2021.0,Not Placed,UK,9,-0.8785035087145754,-0.29450865931409725,5,1,1,0.5608802015059405,-0.28549519127799955,1.0,0,0,0,0
S02947,3,7,43,2,3,5,2019.0,Yes,4,2021.0,Placed,UAE,3,1.407368819195277,0.9595102338385062,1,2,0,0.2245807642197308,-0.28549519127799955,2.0,0,1,1,0
S01591,1,7,12,58,14,2,2022.0,No,4,2023.0,Not Placed,UK,9,-0.8785035087145754,-0.039060366264493156,0,2,3,0.5608802015059405,-0.28549519127799955,1.0,1,0,0,0
S04232,1,0,27,72,3,7,2020.0,Yes,4,2022.0,Placed,Canada,2,-0.22838868847418212,1.7258551129873196,4,3,0,0.2245807642197308,1.611446112417955,2.0,0,1,1,1
S00838,0,6,23,71,13,7,2020.0,Yes,0,2021.0,Placed,South Africa,11,0.29371444195727475,1.6561873967010632,5,1,3,0.9644395262493923,-0.28549519127799955,1.0,0,1,1,0
S03960,9,2,0,36,3,6,2019.0,No,3,2020.0,Not Placed,UK,9,-0.8785035087145754,0.10027506630801845,5,3,0,1.0989593011638763,1.040522030723056,1.0,0,0,0,0
S01295,4,1,17,1,13,3,2022.0,Yes,4,2024.0,Placed,Finland,3,0.28253412339263106,0.6576167965980638,0,2,0,-1.8941056906833906,0.8747698779729242,2.0,1,1,1,0
S03987,4,9,35,5,4,5,2023.0,No,4,2026.0,Not Placed,UK,9,-0.8785035087145754,-1.0608535384629105,2,3,2,0.7290299201490454,-0.580165685056012,3.0,0,0,0,0
S01203,1,8,15,60,0,5,2023.0,No,2,2024.0,Not Placed,UK,9,-0.8785035087145754,-1.6646404129437942,4,2,1,0.9308095825207715,-0.5064980616115089,1.0,0,0,0,0
S04517,2,9,5,8,3,0,2023.0,Yes,0,2026.0,Placed,USA,10,-0.1624701612050394,-1.130521254749167,4,3,0,0.7290299201490454,-0.8380023671117728,3.0,0,1,1,0
S03408,3,8,4,53,12,0,2021.0,No,0,2022.0,Not Placed,UK,9,-0.8785035087145754,1.37751653155604,4,0,2,0.1573208767624888,0.6353501017782891,1.0,0,0,0,0
S02247,8,4,18,33,6,2,2019.0,Yes,2,2021.0,Not Placed,UK,9,-0.8785035087145754,-0.4338440918866089,0,0,1,0.7290299201490454,-0.28549519127799955,2.0,1,0,1,0
S04658,4,3,11,18,3,2,2022.0,Yes,4,2023.0,Placed,India,9,0.24487202734594768,-1.0840761105583296,1,3,3,0.5608802015059405,-0.28549519127799955,1.0,1,1,1,0
S01386,9,7,12,26,3,4,2019.0,Yes,2,2022.0,Placed,UAE,0,0.5051940126906147,-0.7357375291270501,1,3,0,0.9644395262493923,-0.28549519127799955,3.0,0,1,1,0
S03430,6,2,3,12,12,7,2023.0,No,1,2025.0,Not Placed,UK,9,-0.8785035087145754,1.2149585268881102,5,1,2,-0.21260850425234185,-0.28549519127799955,2.0,0,0,0,0
S01298,7,2,45,68,9,4,2019.0,Yes,3,2022.0,Placed,Germany,4,1.2853317969790865,0.5879490803118086,0,4,1,0.49362031404869855,4.8344046381149655,3.0,0,1,1,0
S01529,9,5,32,24,2,5,2019.0,Yes,1,2020.0,Placed,Russia,2,1.2499767507949489,0.28605564307136727,4,2,1,-0.04445878560923697,0.6906008193616664,1.0,0,1,1,0
S02526,6,5,32,24,4,2,2021.0,No,3,2022.0,Placed,Russia,5,1.8115560677632958,1.7258551129873196,3,0,3,0.42636042659145684,0.6906008193616664,1.0,1,1,0,0
S01119,7,0,16,52,13,2,2022.0,Yes,0,2023.0,Placed,Canada,12,0.5186813811178039,0.9827328059339243,1,0,1,0.45999037032007767,1.114189654167559,1.0,1,1,1,1
S04224,4,9,35,5,2,2,2022.0,Yes,2,2023.0,Placed,USA,11,1.882068976382636,0.6343942245026458,3,0,0,-1.8941056906833906,-0.580165685056012,1.0,1,1,1,0
S04838,7,3,39,3,7,2,2019.0,Yes,4,2020.0,Placed,India,1,0.7720033433752602,-0.06228293835991124,4,4,3,0.2918406516769728,-0.28549519127799955,1.0,1,1,1,0
S01635,0,2,0,36,9,0,2021.0,No,1,2023.0,Not Placed,UK,9,-0.8785035087145754,-1.641417840848375,3,4,1,-0.178978560523721,1.040522030723056,2.0,0,0,0,0
S00488,9,4,13,45,3,1,2022.0,Yes,0,2023.0,Not Placed,UK,9,-0.8785035087145754,-1.0144083942720734,3,3,0,-1.8941056906833906,-0.28549519127799955,1.0,0,0,1,0
S01329,2,1,49,70,9,6,2020.0,Yes,4,2023.0,Placed,Finland,12,0.17118446036874568,-1.5485275524667008,1,3,2,0.3927304828628357,-0.28549519127799955,3.0,0,1,1,0
S03007,0,9,42,47,11,7,2021.0,Yes,4,2023.0,Not Placed,UK,9,-0.8785035087145754,0.6343942245026458,4,4,0,0.5608802015059405,-0.7275009319450181,2.0,0,0,1,0
S04852,8,3,11,6,1,1,2020.0,No,4,2021.0,Placed,India,4,1.1324157996795947,0.704061940788901,3,4,3,0.32547059540559364,-0.28549519127799955,1.0,0,1,0,0
S02997,6,7,12,58,0,1,2019.0,Yes,2,2022.0,Not Placed,UK,9,-0.8785035087145754,1.1917359547926911,5,2,3,0.5272502577773197,-0.28549519127799955,3.0,0,0,1,0
S03173,2,0,48,69,1,1,2022.0,Yes,1,2025.0,Placed,Canada,10,1.9273818018880173,0.9595102338385062,5,0,3,0.8971796387921507,-0.5249149674726347,3.0,0,1,1,1
S03757,3,2,3,42,14,0,2021.0,Yes,3,2022.0,Not Placed,UK,9,-0.8785035087145754,-1.130521254749167,1,0,0,-1.8941056906833906,-0.28549519127799955,1.0,0,0,1,0
S00477,9,1,22,59,13,2,2021.0,Yes,0,2023.0,Not Placed,UK,9,-0.8785035087145754,0.030607350021762136,5,4,1,0.6281400889631826,-0.28549519127799955,2.0,1,0,1,0
S00333,5,8,29,64,5,2,2023.0,No,0,2025.0,Not Placed,UK,9,-0.8785035087145754,-0.6196246686499577,4,2,3,0.6281400889631826,-0.41441353230587996,2.0,1,0,0,0
S03583,8,9,42,40,7,4,2021.0,No,4,2022.0,Not Placed,UK,9,-0.8785035087145754,0.4950587919301342,3,3,2,0.1573208767624888,-0.819585461250647,1.0,0,0,0,0
S03713,7,6,44,41,6,7,2020.0,No,2,2021.0,Placed,South Africa,10,1.2402161552226407,-1.2698566873216774,4,3,0,0.5945101452345617,-0.28549519127799955,1.0,0,1,0,0
S00377,8,9,9,57,6,1,2021.0,No,4,2024.0,Not Placed,UK,9,-0.8785035087145754,-0.8054052454133065,2,1,3,0.9644395262493923,-0.5617487791948862,3.0,0,0,0,0
S00054,7,2,3,12,12,7,2019.0,Yes,0,2022.0,Not Placed,UK,9,-0.8785035087145754,-0.31773123140951637,3,0,2,0.5945101452345617,-0.28549519127799955,3.0,0,0,1,0
S01850,2,8,27,21,9,4,2023.0,No,0,2025.0,Not Placed,UK,9,-0.8785035087145754,-0.7125149570316321,1,0,0,-1.8941056906833906,-0.35916281472250267,2.0,0,0,0,0
S01407,5,4,13,7,8,2,2023.0,Yes,0,2024.0,Not Placed,UK,9,-0.8785035087145754,-0.9447406779858181,0,2,0,-1.8941056906833906,-0.28549519127799955,1.0,1,0,1,0
S00734,2,0,25,35,8,2,2022.0,Yes,3,2024.0,Placed,Canada,7,1.7193529467610489,1.331071387365203,2,2,0,-1.8941056906833906,3.6188888512806643,2.0,1,1,1,1
S03677,1,8,29,64,12,1,2022.0,No,1,2024.0,Placed,UK,5,1.3999941469850887,1.2846262431743656,0,3,0,0.02280110184800505,-0.41441353230587996,2.0,0,1,0,0
S03521,9,2,34,22,6,7,2022.0,No,1,2024.0,Not Placed,UK,9,-0.8785035087145754,0.5647265082163905,3,2,0,-1.8941056906833906,-0.28549519127799955,2.0,0,0,0,0
S02474,5,4,30,27,9,4,2020.0,Yes,1,2022.0,Placed,Ireland,12,0.42363881413088567,-0.898295533794981,5,2,0,1.031699413706634,-0.28549519127799955,2.0,0,1,1,0
S01230,3,8,38,66,13,6,2020.0,Yes,1,2022.0,Placed,UK,10,1.2597176279923632,-0.5964020965545386,3,4,0,-1.8941056906833906,-0.8564192729728985,2.0,0,1,1,0
S04637,0,2,3,42,5,7,2022.0,No,1,2023.0,Not Placed,UK,9,-0.8785035087145754,-0.10872808255074845,3,3,3,0.7962898076062874,-0.28549519127799955,1.0,0,0,0,0
S03164,5,7,12,26,9,5,2020.0,No,2,2022.0,Not Placed,UK,9,-0.8785035087145754,1.2846262431743656,1,0,0,-1.8941056906833906,-0.28549519127799955,2.0,0,0,0,0
S04223,2,5,41,38,14,2,2019.0,Yes,3,2022.0,Placed,Russia,0,0.5321884679198867,0.14672021049885567,5,1,0,0.09006098930524706,-0.28549519127799955,3.0,1,1,1,0
S04974,7,9,28,49,13,4,2022.0,Yes,0,2024.0,Not Placed,UK,9,-0.8785035087145754,0.4253910756438789,3,1,2,-0.14534861679509983,-0.3407459088613769,2.0,0,0,1,0
S02594,6,8,29,64,8,2,2020.0,No,2,2023.0,Not Placed,UK,9,-0.8785035087145754,0.44861364773929696,0,2,0,-0.178978560523721,-0.41441353230587996,3.0,1,0,0,0
S02937,6,3,33,14,6,7,2019.0,No,0,2021.0,Not Placed,UK,9,-0.8785035087145754,0.7737296570751574,4,0,1,0.32547059540559364,-0.08290922680561606,2.0,0,0,0,0
S02046,4,6,40,67,3,0,2022.0,Yes,1,2023.0,Placed,South Africa,2,0.2697171797118226,0.7505070849797383,4,0,0,0.12369093303386793,-0.28549519127799955,1.0,0,1,1,0
S00424,7,1,46,43,2,1,2019.0,Yes,0,2022.0,Placed,Finland,7,1.7147585654108515,-1.5485275524667008,3,2,0,0.8635496950635292,-0.28549519127799955,3.0,0,1,1,0
S00321,1,2,3,42,8,6,2019.0,Yes,2,2021.0,Not Placed,UK,9,-0.8785035087145754,-1.2698566873216774,0,3,2,-0.14534861679509983,-0.28549519127799955,2.0,0,0,1,0
S01153,0,2,34,44,0,6,2023.0,Yes,4,2024.0,Placed,Germany,5,1.9788664787350803,0.28605564307136727,4,0,3,0.49362031404869855,-0.08290922680561606,1.0,0,1,1,0
S00442,8,3,11,15,6,6,2022.0,No,2,2025.0,Not Placed,UK,9,-0.8785035087145754,0.28605564307136727,5,2,0,-1.8941056906833906,2.348122346862986,3.0,0,0,0,0
S02822,7,8,29,64,2,0,2020.0,Yes,3,2021.0,Placed,UK,11,-0.10767279737585977,-0.17839579883700477,1,1,0,0.8635496950635292,-0.41441353230587996,1.0,0,1,1,0
S00482,8,7,1,73,12,4,2023.0,No,1,2025.0,Not Placed,UK,9,-0.8785035087145754,-1.6646404129437942,4,0,3,0.9308095825207715,-0.28549519127799955,2.0,0,0,0,0
S02188,3,0,37,65,7,6,2021.0,No,2,2023.0,Placed,Canada,12,0.4692474152596703,0.26283307097594816,4,0,0,1.031699413706634,-0.28549519127799955,2.0,0,1,0,1
S00403,4,5,32,24,6,6,2020.0,No,3,2023.0,Not Placed,UK,9,-0.8785035087145754,1.7026325408919005,0,3,2,0.6281400889631826,0.6906008193616664,3.0,0,0,0,0
S04876,3,6,40,67,3,4,2020.0,No,1,2021.0,Not Placed,UK,9,-0.8785035087145754,-0.29450865931409725,2,2,2,0.2918406516769728,-0.28549519127799955,1.0,0,0,0,0
S04862,1,4,13,46,12,7,2021.0,No,3,2024.0,Placed,Ireland,9,1.8555674805257028,0.44861364773929696,0,4,0,-1.8941056906833906,1.279941806917691,3.0,0,1,0,0
S02241,1,8,29,64,14,7,2019.0,No,3,2022.0,Placed,UK,8,0.5708956378359283,-1.2001889710354223,2,1,0,-0.010828841880616107,-0.41441353230587996,3.0,0,1,0,0
S03344,6,8,6,55,0,3,2021.0,Yes,0,2024.0,Placed,UK,10,0.8103555825432178,0.7505070849797383,4,4,1,0.5945101452345617,-0.8748361788340243,3.0,1,1,1,0
S04107,7,4,18,33,7,1,2023.0,Yes,2,2026.0,Not Placed,UK,9,-0.8785035087145754,0.3092782151667854,0,0,0,-1.8941056906833906,-0.28549519127799955,3.0,0,0,1,0
S03299,3,4,18,33,4,5,2019.0,No,2,2022.0,Placed,Ireland,9,1.6789302782292683,-1.2698566873216774,3,3,0,0.25821070794835194,-0.28549519127799955,3.0,0,1,0,0
S02013,1,5,32,4,8,6,2020.0,No,1,2022.0,Placed,Russia,9,2.025953957980881,0.007384777926344049,4,1,0,0.2245807642197308,-0.28549519127799955,2.0,0,1,0,0
S04011,5,6,44,41,6,5,2019.0,Yes,3,2021.0,Not Placed,UK,9,-0.8785035087145754,0.8433973733614127,0,0,2,0.9980694699780132,-0.28549519127799955,2.0,0,0,1,0
S02470,5,2,20,9,14,3,2020.0,No,1,2022.0,Not Placed,UK,9,-0.8785035087145754,0.4021685035484598,1,1,0,0.09006098930524706,-0.28549519127799955,2.0,1,0,0,0
S03113,4,8,38,66,0,2,2021.0,No,0,2024.0,Placed,UK,5,0.2680411178458707,-1.594972696657538,2,4,1,0.45999037032007767,-0.8564192729728985,3.0,1,1,0,0
S00919,4,3,11,18,12,0,2021.0,Yes,3,2023.0,Placed,India,12,1.0905734081554783,-0.7357375291270501,2,4,0,-1.8941056906833906,-0.28549519127799955,2.0,0,1,1,0
S03988,0,7,1,73,14,1,2019.0,No,0,2022.0,Not Placed,UK,9,-0.8785035087145754,1.5400745362239707,1,0,3,0.19095082049110992,-0.28549519127799955,3.0,0,0,0,0
S03709,5,4,13,51,1,1,2020.0,No,3,2023.0,Not Placed,UK,9,-0.8785035087145754,-0.5499569523637023,3,1,0,-1.8941056906833906,-0.28549519127799955,3.0,0,0,0,0
S02522,2,3,11,15,1,6,2023.0,No,3,2025.0,Not Placed,UK,9,-0.8785035087145754,-0.689292384936213,2,3,0,-1.8941056906833906,2.348122346862986,2.0,0,0,0,0
S04688,7,3,2,13,12,2,2021.0,No,4,2022.0,Not Placed,UK,9,-0.8785035087145754,1.586519680414808,1,3,3,0.7962898076062874,0.5800993841949118,1.0,1,0,0,0
S00976,2,8,15,60,1,2,2022.0,No,2,2025.0,Placed,UK,0,1.6045328497558984,-0.7357375291270501,4,1,1,0.9980694699780132,-0.5064980616115089,3.0,1,1,0,0
S01103,6,4,13,7,8,2,2022.0,No,3,2023.0,Not Placed,UK,9,-0.8785035087145754,-1.2466341152262594,1,3,3,0.5608802015059405,-0.28549519127799955,1.0,1,0,0,0
S02199,0,1,17,1,8,5,2021.0,Yes,2,2024.0,Not Placed,UK,9,-0.8785035087145754,0.704061940788901,5,3,3,0.6617700326918035,0.8747698779729242,3.0,0,0,1,0
S01960,5,4,10,50,11,2,2020.0,Yes,2,2021.0,Not Placed,UK,9,-0.8785035087145754,-0.3641763756003536,3,0,1,-0.178978560523721,-0.28549519127799955,1.0,1,0,1,0
S00564,8,9,42,40,6,0,2019.0,No,3,2020.0,Not Placed,UK,9,-0.8785035087145754,1.1685133826972731,0,0,3,0.12369093303386793,-0.819585461250647,1.0,0,0,0,0
S03589,5,0,48,69,8,7,2021.0,Yes,2,2024.0,Placed,Canada,0,1.0452803010249905,-0.38739894769577166,3,4,2,0.1573208767624888,-0.5249149674726347,3.0,0,1,1,1
S03309,8,6,19,37,4,2,2020.0,No,2,2023.0,Not Placed,UK,9,-0.8785035087145754,-0.9911858221766553,1,4,2,1.0653293574352556,-0.28549519127799955,3.0,1,0,0,0
S00331,7,8,27,21,14,4,2021.0,No,2,2023.0,Not Placed,UK,9,-0.8785035087145754,-0.20161837093242285,2,4,0,-1.8941056906833906,-0.35916281472250267,2.0,0,0,0,0
S02696,8,4,18,33,3,7,2022.0,Yes,2,2023.0,Not Placed,UK,9,-0.8785035087145754,1.331071387365203,4,4,0,-0.178978560523721,-0.28549519127799955,1.0,0,0,1,0
S00926,9,5,32,11,2,7,2020.0,Yes,3,2023.0,Not Placed,UK,9,-0.8785035087145754,1.6794099687964823,5,1,3,0.32547059540559364,-0.28549519127799955,3.0,0,0,1,0
S03862,5,0,37,65,5,3,2023.0,No,3,2024.0,Placed,Canada,0,1.3489629927605773,-0.2712860872186792,0,0,1,0.8971796387921507,-0.28549519127799955,1.0,1,1,0,1
S00547,8,3,8,16,5,5,2021.0,No,0,2024.0,Placed,India,7,1.9702692672814919,1.2846262431743656,3,3,0,0.056431045576625906,-0.28549519127799955,3.0,0,1,0,0
S01583,0,9,9,57,8,6,2019.0,No,4,2020.0,Placed,USA,10,1.393861732393194,-1.1769663989400032,3,4,2,0.02280110184800505,-0.5617487791948862,1.0,0,1,0,0
S03741,1,6,14,63,8,6,2023.0,No,1,2024.0,Not Placed,UK,9,-0.8785035087145754,-0.7357375291270501,5,0,3,0.8635496950635292,-0.28549519127799955,1.0,0,0,0,0
S00389,5,3,2,13,8,5,2022.0,No,2,2024.0,Not Placed,UK,9,-0.8785035087145754,0.7505070849797383,5,3,3,1.1325892448924972,0.5800993841949118,2.0,0,0,0,0
S02899,8,7,12,58,9,2,2023.0,No,2,2025.0,Placed,UAE,2,0.628374700650631,-0.01583779416907404,1,0,1,1.0653293574352556,-0.28549519127799955,2.0,1,1,0,0
S03101,2,3,39,3,12,2,2021.0,Yes,3,2022.0,Not Placed,UK,9,-0.8785035087145754,-0.7821826733178874,0,3,0,-1.8941056906833906,-0.28549519127799955,1.0,1,0,1,0
S00252,6,3,11,6,12,6,2021.0,Yes,3,2023.0,Not Placed,UK,9,-0.8785035087145754,0.35572335935762256,3,4,1,0.3927304828628357,-0.28549519127799955,2.0,0,0,1,0
S02309,2,0,31,28,12,2,2023.0,Yes,2,2025.0,Placed,Canada,2,1.0079928541012846,-0.41062151979119077,5,3,2,0.6953999764204246,-0.41441353230587996,2.0,1,1,1,1
S04731,2,3,39,3,2,4,2023.0,Yes,2,2025.0,Placed,India,12,0.9147643776045731,0.21638792678511096,1,2,0,0.8971796387921507,-0.28549519127799955,2.0,0,1,1,0
S01659,8,5,32,11,11,3,2019.0,Yes,3,2020.0,Not Placed,UK,9,-0.8785035087145754,-0.921518105890399,5,0,1,-0.07808872933785782,-0.28549519127799955,1.0,1,0,1,0
S00064,2,0,48,69,3,6,2022.0,Yes,0,2024.0,Placed,Canada,6,-0.20378015660702983,-1.2466341152262594,0,3,1,0.02280110184800505,-0.5249149674726347,2.0,0,1,1,1
S01640,6,4,18,33,8,0,2022.0,Yes,3,2023.0,Placed,Ireland,0,1.1195002641243184,-1.362746975703352,5,4,3,0.42636042659145684,-0.28549519127799955,1.0,0,1,1,0
S00775,2,9,35,32,13,6,2022.0,Yes,0,2024.0,Not Placed,UK,9,-0.8785035087145754,-1.5485275524667008,2,0,3,0.5945101452345617,-0.1197430385278676,2.0,0,0,1,0
S03017,8,4,30,27,2,2,2022.0,Yes,0,2025.0,Placed,Ireland,0,-0.1543067539991091,-0.01583779416907404,2,0,0,-0.11171867306647898,-0.28549519127799955,3.0,1,1,1,0
S01689,4,3,2,13,9,5,2021.0,Yes,0,2024.0,Not Placed,UK,9,-0.8785035087145754,1.4704068199377145,0,4,2,0.12369093303386793,0.5800993841949118,3.0,0,0,1,0
S00169,2,1,46,43,11,7,2019.0,No,2,2020.0,Placed,Finland,4,1.8186744010998679,-0.6428472407453758,2,4,2,0.9308095825207715,-0.28549519127799955,1.0,0,1,0,0
S03540,3,0,50,54,7,2,2021.0,Yes,3,2024.0,Placed,Canada,7,1.4939127666030745,-0.7821826733178874,4,3,0,-1.8941056906833906,-0.28549519127799955,3.0,1,1,1,1
S04649,1,0,25,35,10,3,2022.0,Yes,3,2025.0,Placed,Canada,5,0.2549875536663396,-0.10872808255074845,5,1,3,0.25821070794835194,3.6188888512806643,3.0,1,1,1,1
S04815,6,5,32,30,5,0,2022.0,Yes,0,2025.0,Placed,Russia,10,0.8729614228302439,1.6561873967010632,3,1,1,0.3927304828628357,-0.28549519127799955,3.0,0,1,1,0
S03706,5,3,39,3,13,2,2019.0,No,0,2021.0,Placed,India,9,1.897054941301735,0.030607350021762136,3,3,1,0.45999037032007767,-0.28549519127799955,2.0,1,1,0,0
S03318,1,7,12,58,12,3,2020.0,Yes,3,2023.0,Not Placed,UK,9,-0.8785035087145754,1.2614036710789476,2,2,0,-1.8941056906833906,-0.28549519127799955,3.0,1,0,1,0
S01971,7,9,5,25,13,3,2020.0,Yes,4,2021.0,Not Placed,UK,9,-0.8785035087145754,-1.2234115431308403,1,3,1,0.5608802015059405,-0.8932530846951501,1.0,1,0,1,0
S04627,2,5,36,34,4,3,2023.0,No,1,2026.0,Placed,Russia,8,1.314376963197288,-0.13195065464616756,3,0,3,0.8971796387921507,-0.28549519127799955,3.0,1,1,0,0
S03083,2,6,23,71,0,5,2022.0,Yes,4,2025.0,Placed,South Africa,4,0.3091736478738191,0.14672021049885567,1,2,1,-0.07808872933785782,-0.28549519127799955,3.0,0,1,1,0
S03095,2,5,41,38,13,7,2023.0,No,4,2024.0,Not Placed,UK,9,-0.8785035087145754,-0.7821826733178874,5,2,0,-1.8941056906833906,-0.28549519127799955,1.0,0,0,0,0
S00208,6,8,29,64,9,1,2021.0,Yes,4,2024.0,Not Placed,UK,9,-0.8785035087145754,0.26283307097594816,1,1,3,0.09006098930524706,-0.41441353230587996,3.0,0,0,1,0
S04216,5,1,26,23,14,6,2019.0,Yes,4,2020.0,Not Placed,UK,9,-0.8785035087145754,0.6111716524072267,5,0,0,0.45999037032007767,-0.28549519127799955,1.0,0,0,1,0
S02900,7,4,18,33,1,6,2020.0,No,4,2023.0,Placed,Ireland,3,1.545555190449286,-0.689292384936213,2,2,1,0.3591005391342148,-0.28549519127799955,3.0,0,1,0,0
S02812,0,1,49,0,12,2,2023.0,Yes,0,2025.0,Not Placed,UK,9,-0.8785035087145754,1.0756230943155987,3,1,3,-0.178978560523721,-0.28549519127799955,2.0,1,0,1,0
S00145,8,3,47,31,11,1,2023.0,Yes,0,2025.0,Placed,India,7,0.9265756841658105,-0.41062151979119077,0,4,0,0.19095082049110992,-0.28549519127799955,2.0,0,1,1,0
S01082,8,7,12,26,2,1,2023.0,Yes,2,2024.0,Not Placed,UK,9,-0.8785035087145754,-1.0144083942720734,2,3,0,-1.8941056906833906,-0.28549519127799955,1.0,0,0,1,0
S04526,5,1,17,1,2,2,2023.0,No,1,2026.0,Not Placed,UK,9,-0.8785035087145754,0.44861364773929696,4,3,0,-0.010828841880616107,0.8747698779729242,3.0,1,0,0,0
S02413,2,1,49,70,7,2,2019.0,Yes,0,2020.0,Placed,Finland,10,0.3643062240761892,-0.5731795244591205,2,4,2,-0.14534861679509983,-0.28549519127799955,1.0,1,1,1,0
S03061,6,7,1,73,5,2,2022.0,No,2,2023.0,Not Placed,UK,9,-0.8785035087145754,-0.5035118081728652,2,3,0,0.32547059540559364,-0.28549519127799955,1.0,1,0,0,0
S03999,0,1,49,0,13,7,2020.0,No,3,2022.0,Placed,Finland,8,-0.021858429839123603,-1.362746975703352,5,1,1,0.12369093303386793,-0.28549519127799955,2.0,0,1,0,0
S02318,6,9,9,57,5,3,2020.0,No,4,2021.0,Placed,USA,5,-0.06847266808747937,0.5182813640255532,3,1,2,0.5272502577773197,-0.5617487791948862,1.0,1,1,0,0
S02562,7,2,34,22,1,1,2023.0,Yes,2,2025.0,Placed,Germany,4,0.17733659333553375,-1.2234115431308403,5,2,2,-0.14534861679509983,-0.28549519127799955,2.0,0,1,1,0
S01649,3,8,4,53,7,6,2019.0,Yes,0,2022.0,Placed,UK,0,0.21754235974348526,-1.1072986826537479,2,2,3,0.09006098930524706,0.6353501017782891,3.0,0,1,1,0
S01395,4,0,25,35,3,5,2021.0,Yes,3,2024.0,Placed,Canada,9,1.3106699087173004,1.37751653155604,2,3,3,0.6617700326918035,3.6188888512806643,3.0,0,1,1,1
S01402,9,2,0,36,7,6,2020.0,Yes,0,2023.0,Not Placed,UK,9,-0.8785035087145754,-0.039060366264493156,1,0,0,-1.8941056906833906,1.040522030723056,3.0,0,0,1,0
S01111,3,1,46,43,3,5,2023.0,Yes,0,2026.0,Not Placed,UK,9,-0.8785035087145754,-1.409192119894189,1,0,0,-1.8941056906833906,-0.28549519127799955,3.0,0,0,1,0
S03582,8,2,34,22,2,6,2023.0,Yes,1,2025.0,Not Placed,UK,9,-0.8785035087145754,-1.385969547798771,1,4,1,1.0653293574352556,-0.28549519127799955,2.0,0,0,1,0
S00024,0,1,22,59,13,2,2019.0,No,2,2022.0,Placed,Finland,1,1.4456027481138733,1.1917359547926911,1,3,0,0.5272502577773197,-0.28549519127799955,3.0,1,1,0,0
S00019,6,5,32,30,8,0,2019.0,No,3,2021.0,Not Placed,UK,9,-0.8785035087145754,1.354293959460622,4,2,1,-0.14534861679509983,-0.28549519127799955,2.0,0,0,0,0
S03866,2,6,14,63,7,4,2019.0,Yes,4,2020.0,Placed,South Africa,9,0.7877977616649949,-1.2001889710354223,1,0,0,0.8299197513349084,-0.28549519127799955,1.0,0,1,1,0
S00138,4,5,24,19,0,0,2019.0,No,2,2020.0,Placed,Russia,10,1.2770303611489013,-0.3409538035049345,3,2,2,0.6281400889631826,-0.28549519127799955,1.0,0,1,0,0
S01748,4,6,40,67,12,7,2023.0,No,1,2025.0,Not Placed,UK,9,-0.8785035087145754,-0.08550551045533036,3,2,0,0.12369093303386793,-0.28549519127799955,2.0,0,0,0,0
S00777,1,3,11,18,13,6,2019.0,No,4,2020.0,Not Placed,UK,9,-0.8785035087145754,1.3078488152697847,5,4,1,0.6617700326918035,-0.28549519127799955,1.0,0,0,0,0
S03770,3,4,18,33,9,0,2021.0,No,4,2022.0,Placed,Ireland,5,0.7427215566583362,1.0059553780293433,1,4,3,0.6953999764204246,-0.28549519127799955,1.0,0,1,0,0
S02999,0,9,42,40,5,6,2021.0,No,4,2023.0,Placed,USA,8,0.9751223231537343,-0.5267343802682832,1,2,1,-0.178978560523721,-0.819585461250647,2.0,0,1,0,0
S01097,9,6,23,62,8,6,2020.0,Yes,4,2023.0,Not Placed,UK,9,-0.8785035087145754,0.07705249421259934,4,2,1,0.5272502577773197,-0.28549519127799955,3.0,0,0,1,0
S02385,5,9,42,40,4,5,2020.0,Yes,1,2021.0,Placed,USA,11,-0.10451785739289153,-1.5485275524667008,5,3,2,0.19095082049110992,-0.819585461250647,1.0,0,1,1,0
S03530,4,0,50,54,11,1,2023.0,Yes,3,2025.0,Placed,Canada,0,0.08844615931540355,-1.0144083942720734,0,4,0,-1.8941056906833906,-0.28549519127799955,2.0,0,1,1,1
S01563,3,5,36,34,0,1,2019.0,Yes,2,2021.0,Not Placed,UK,9,-0.8785035087145754,0.704061940788901,3,0,0,0.2918406516769728,-0.28549519127799955,2.0,0,0,1,0
S02648,8,6,23,62,12,0,2019.0,No,0,2022.0,Placed,South Africa,8,0.2020042803273667,-1.2930792594170966,4,4,1,1.031699413706634,-0.28549519127799955,3.0,0,1,0,0
S01996,5,1,49,70,14,6,2023.0,No,1,2025.0,Placed,Finland,12,0.7702286896348405,0.05382992211718125,2,3,0,0.7626598638776666,-0.28549519127799955,2.0,0,1,0,0
S01139,0,9,28,49,12,0,2021.0,No,2,2022.0,Not Placed,UK,9,-0.8785035087145754,1.0988456664110178,5,0,2,0.056431045576625906,-0.3407459088613769,1.0,0,0,0,0
S00846,2,7,1,73,13,1,2019.0,No,0,2020.0,Not Placed,UK,9,-0.8785035087145754,0.8433973733614127,4,4,2,0.7962898076062874,-0.28549519127799955,1.0,0,0,0,0
S03346,8,0,16,52,12,1,2022.0,Yes,1,2025.0,Not Placed,UK,9,-0.8785035087145754,-1.618195268752957,0,2,3,0.45999037032007767,1.114189654167559,3.0,0,0,1,0
S03611,4,9,28,49,12,1,2021.0,Yes,3,2022.0,Not Placed,UK,9,-0.8785035087145754,0.28605564307136727,2,0,1,0.19095082049110992,-0.3407459088613769,1.0,0,0,1,0
S00834,1,2,3,12,2,1,2020.0,No,2,2022.0,Not Placed,UK,9,-0.8785035087145754,1.6794099687964823,5,3,1,0.19095082049110992,-0.28549519127799955,2.0,0,0,0,0
S02274,4,5,32,24,7,4,2023.0,No,3,2025.0,Placed,Russia,0,0.8237049223461522,1.331071387365203,0,4,0,-1.8941056906833906,0.6906008193616664,2.0,0,1,0,0
S00051,6,3,8,16,8,7,2022.0,Yes,0,2024.0,Placed,India,10,-0.19196885004579248,-0.3409538035049345,0,0,3,-0.11171867306647898,-0.28549519127799955,2.0,0,1,1,0
S00259,0,2,3,42,14,3,2022.0,No,0,2024.0,Placed,Germany,11,1.692792295779435,1.0756230943155987,0,1,3,0.2918406516769728,-0.28549519127799955,2.0,1,1,0,0
S01575,4,6,40,67,11,2,2021.0,Yes,4,2023.0,Placed,South Africa,6,0.38617390183313777,-1.618195268752957,1,4,0,0.8971796387921507,-0.28549519127799955,2.0,1,1,1,0
S03753,0,5,32,4,2,7,2023.0,Yes,3,2024.0,Placed,Russia,12,0.29337922958408436,0.6111716524072267,0,1,0,-1.8941056906833906,-0.28549519127799955,1.0,0,1,1,0
S04754,8,6,40,67,12,1,2022.0,No,2,2024.0,Not Placed,UK,9,-0.8785035087145754,0.26283307097594816,4,0,0,-0.11171867306647898,-0.28549519127799955,2.0,0,0,0,0
S00490,3,9,35,5,12,2,2023.0,No,1,2026.0,Placed,USA,10,1.946252286661146,-1.385969547798771,1,3,1,-0.04445878560923697,-0.580165685056012,3.0,1,1,0,0
S04877,8,2,34,22,0,5,2023.0,Yes,4,2024.0,Not Placed,UK,9,-0.8785035087145754,-1.2234115431308403,5,2,2,0.45999037032007767,-0.28549519127799955,1.0,0,0,1,0
S00340,7,8,27,21,9,1,2019.0,Yes,2,2022.0,Not Placed,UK,9,-0.8785035087145754,0.07705249421259934,1,2,0,0.2918406516769728,-0.35916281472250267,3.0,0,0,1,0
S01501,8,9,42,40,14,3,2019.0,Yes,0,2020.0,Placed,USA,4,0.2484804899514676,-0.7589601012224693,2,1,0,-1.8941056906833906,-0.819585461250647,1.0,1,1,1,0
S00874,3,9,5,8,4,7,2021.0,No,3,2022.0,Not Placed,UK,9,-0.8785035087145754,-1.3163018315125148,4,4,0,-1.8941056906833906,-0.8380023671117728,1.0,0,0,0,0
S03805,5,6,44,41,12,0,2020.0,Yes,2,2021.0,Placed,South Africa,1,-0.02826690167952784,-0.41062151979119077,0,1,0,-1.8941056906833906,-0.28549519127799955,1.0,0,1,1,0
S02161,0,1,46,43,3,7,2019.0,No,2,2022.0,Placed,Finland,11,-0.20843369308190798,-1.0376309663674925,1,1,3,0.7290299201490454,-0.28549519127799955,3.0,0,1,0,0
S01126,0,9,5,25,6,1,2020.0,No,0,2022.0,Placed,USA,4,1.0652352964172647,-0.898295533794981,2,2,1,-0.21260850425234185,-0.8932530846951501,2.0,0,1,0,0
S01473,7,2,0,36,11,5,2020.0,No,3,2021.0,Not Placed,UK,9,-0.8785035087145754,0.9362876617430871,2,0,0,-1.8941056906833906,1.040522030723056,1.0,0,0,0,0
S02499,8,1,26,23,13,6,2022.0,Yes,3,2024.0,Not Placed,UK,9,-0.8785035087145754,0.704061940788901,0,3,3,0.5945101452345617,-0.28549519127799955,2.0,0,0,1,0
S00246,8,7,1,73,1,5,2020.0,No,0,2021.0,Placed,UAE,7,0.04585446954533228,-1.641417840848375,5,2,0,0.49362031404869855,-0.28549519127799955,1.0,0,1,0,0
S02052,3,8,29,64,11,1,2021.0,No,4,2023.0,Not Placed,UK,9,-0.8785035087145754,-0.8054052454133065,2,0,0,0.5945101452345617,-0.41441353230587996,2.0,0,0,0,0
S03928,6,3,33,14,3,4,2022.0,Yes,4,2024.0,Placed,India,6,1.2792191007620857,0.8666199454568319,2,0,0,-1.8941056906833906,-0.08290922680561606,2.0,0,1,1,0
S02716,1,0,27,72,10,6,2021.0,Yes,4,2024.0,Placed,Canada,1,0.6939777339214769,1.586519680414808,0,4,0,-1.8941056906833906,1.611446112417955,3.0,0,1,1,1
S00795,3,5,32,30,10,1,2021.0,Yes,1,2023.0,Not Placed,UK,9,-0.8785035087145754,-1.0144083942720734,1,4,0,-1.8941056906833906,-0.28549519127799955,2.0,0,0,1,0
S01594,0,3,11,18,2,3,2022.0,No,1,2024.0,Placed,India,10,0.42062190277217226,1.609742252510226,3,3,0,0.12369093303386793,-0.28549519127799955,2.0,1,1,0,0
S00769,6,7,1,20,5,4,2023.0,No,2,2025.0,Placed,UAE,11,1.2316583805188395,-0.29450865931409725,5,3,0,-1.8941056906833906,-0.28549519127799955,2.0,0,1,0,0
S00478,9,6,40,67,0,2,2021.0,Yes,3,2023.0,Not Placed,UK,9,-0.8785035087145754,-1.385969547798771,4,0,0,0.056431045576625906,-0.28549519127799955,2.0,1,0,1,0
S04283,5,2,45,68,1,2,2023.0,No,1,2024.0,Placed,Germany,7,1.296571270668411,0.21638792678511096,4,2,1,0.7962898076062874,4.8344046381149655,1.0,1,1,0,0
S02146,4,8,38,66,5,2,2022.0,Yes,0,2023.0,Not Placed,UK,9,-0.8785035087145754,-0.5267343802682832,0,1,3,1.0653293574352556,-0.8564192729728985,1.0,1,0,1,0
S04156,6,3,39,3,5,7,2023.0,Yes,1,2024.0,Placed,India,2,1.3039065061288122,1.7026325408919005,5,4,3,0.6281400889631826,-0.28549519127799955,1.0,0,1,1,0
S03758,1,2,45,68,8,3,2020.0,No,1,2022.0,Placed,Germany,9,-0.2410873219056293,-1.4556372640850264,1,4,0,-0.11171867306647898,4.8344046381149655,2.0,1,1,0,0
S04602,3,5,36,34,6,4,2019.0,Yes,4,2022.0,Placed,Russia,3,-0.0014893485740848918,-1.641417840848375,2,2,0,-1.8941056906833906,-0.28549519127799955,3.0,0,1,1,0
S01500,1,6,14,63,7,0,2020.0,No,2,2023.0,Placed,South Africa,9,1.3645207905515895,0.14672021049885567,2,4,2,0.42636042659145684,-0.28549519127799955,3.0,0,1,0,0
S01926,4,5,36,34,10,6,2021.0,Yes,4,2023.0,Not Placed,UK,9,-0.8785035087145754,-1.2698566873216774,4,2,0,0.6281400889631826,-0.28549519127799955,2.0,0,0,1,0
S02368,5,4,13,7,5,3,2021.0,Yes,0,2022.0,Not Placed,UK,9,-0.8785035087145754,1.6329648246056452,5,4,0,0.9644395262493923,-0.28549519127799955,1.0,1,0,1,0
S02442,0,6,40,67,0,1,2023.0,Yes,2,2026.0,Not Placed,UK,9,-0.8785035087145754,-0.13195065464616756,5,0,2,0.2918406516769728,-0.28549519127799955,3.0,0,0,1,0
S00213,5,8,4,53,4,4,2019.0,Yes,4,2021.0,Placed,UK,6,1.0725508135027724,-1.409192119894189,1,3,0,1.031699413706634,0.6353501017782891,2.0,0,1,1,0
S00754,5,7,43,2,5,4,2021.0,Yes,4,2022.0,Placed,UAE,3,1.3208643085372664,1.1917359547926911,3,0,0,-1.8941056906833906,-0.28549519127799955,1.0,0,1,1,0
S00207,3,8,6,55,1,5,2020.0,Yes,4,2021.0,Not Placed,UK,9,-0.8785035087145754,0.05382992211718125,4,0,0,0.3927304828628357,-0.8748361788340243,1.0,0,0,1,0
S00900,2,6,7,56,0,3,2020.0,No,4,2022.0,Not Placed,UK,9,-0.8785035087145754,-1.2234115431308403,1,2,0,-1.8941056906833906,3.195300016474772,2.0,1,0,0,0
S02347,6,0,16,52,4,0,2019.0,Yes,1,2020.0,Placed,Canada,10,0.41628386029559095,-1.6646404129437942,1,3,0,-1.8941056906833906,1.114189654167559,1.0,0,1,1,1
S01484,4,6,23,62,14,7,2021.0,Yes,3,2022.0,Not Placed,UK,9,-0.8785035087145754,0.21638792678511096,3,3,0,0.2918406516769728,-0.28549519127799955,1.0,0,0,1,0
S01355,2,5,32,30,13,4,2023.0,No,0,2024.0,Not Placed,UK,9,-0.8785035087145754,-1.1769663989400032,1,1,2,1.0989593011638763,-0.28549519127799955,1.0,0,0,0,0
S01248,5,4,30,27,2,6,2022.0,Yes,3,2024.0,Not Placed,UK,9,-0.8785035087145754,-1.6646404129437942,0,3,3,0.49362031404869855,-0.28549519127799955,2.0,0,0,1,0
S01666,9,4,13,7,13,1,2023.0,No,2,2024.0,Not Placed,UK,9,-0.8785035087145754,0.913065089647669,3,4,3,0.45999037032007767,-0.28549519127799955,1.0,0,0,0,0
S00659,3,6,40,67,10,1,2020.0,No,1,2021.0,Placed,South Africa,9,1.095286099755037,-0.6660698128407949,0,3,0,0.7626598638776666,-0.28549519127799955,1.0,0,1,0,0
S02654,5,0,48,69,14,3,2022.0,Yes,2,2023.0,Not Placed,UK,9,-0.8785035087145754,1.2846262431743656,1,4,0,-1.8941056906833906,-0.5249149674726347,1.0,1,0,1,0
S02592,5,4,13,7,4,6,2021.0,No,3,2022.0,Placed,Ireland,0,1.845313925581056,-1.4556372640850264,1,0,0,-1.8941056906833906,-0.28549519127799955,1.0,0,1,0,0
S01130,7,2,45,68,6,7,2022.0,No,3,2023.0,Not Placed,UK,9,-0.8785035087145754,1.37751653155604,5,4,0,0.49362031404869855,4.8344046381149655,1.0,0,0,0,0
S02844,5,8,27,21,3,3,2019.0,Yes,2,2020.0,Not Placed,UK,9,-0.8785035087145754,-0.8518503896041437,0,1,2,0.056431045576625906,-0.35916281472250267,1.0,1,0,1,0
S01777,6,3,47,31,9,1,2022.0,No,0,2025.0,Placed,India,6,1.4218421063671438,-0.7125149570316321,2,4,0,-1.8941056906833906,-0.28549519127799955,3.0,0,1,0,0
S03887,1,7,12,29,3,6,2019.0,Yes,2,2020.0,Not Placed,UK,9,-0.8785035087145754,0.5879490803118086,5,0,2,0.25821070794835194,-0.28549519127799955,1.0,0,0,1,0
S00058,4,9,42,47,5,5,2023.0,No,2,2025.0,Not Placed,UK,9,-0.8785035087145754,0.5182813640255532,0,1,0,0.45999037032007767,-0.7275009319450181,2.0,0,0,0,0
S02324,8,6,7,56,10,0,2020.0,Yes,3,2023.0,Placed,South Africa,7,-0.26656346226809785,0.21638792678511096,0,1,3,0.056431045576625906,3.195300016474772,3.0,0,1,1,0
S03467,9,3,11,6,11,1,2020.0,No,3,2021.0,Not Placed,UK,9,-0.8785035087145754,-1.2001889710354223,5,0,0,0.45999037032007767,-0.28549519127799955,1.0,0,0,0,0
S04317,3,7,1,20,12,0,2021.0,Yes,0,2024.0,Not Placed,UK,9,-0.8785035087145754,1.4239616757468772,0,4,3,1.031699413706634,-0.28549519127799955,3.0,0,0,1,0
S02699,8,3,11,6,3,5,2020.0,Yes,3,2021.0,Not Placed,UK,9,-0.8785035087145754,1.0524005222201807,5,2,0,-0.010828841880616107,-0.28549519127799955,1.0,0,0,1,0
S01856,4,2,3,42,4,3,2022.0,No,1,2023.0,Not Placed,UK,9,-0.8785035087145754,-1.2466341152262594,2,2,2,0.7626598638776666,-0.28549519127799955,1.0,1,0,0,0
S03954,1,0,25,35,8,2,2020.0,No,3,2022.0,Not Placed,UK,9,-0.8785035087145754,1.6794099687964823,3,1,0,0.3927304828628357,3.6188888512806643,2.0,1,0,0,0
S00990,5,7,1,20,1,7,2022.0,Yes,4,2024.0,Not Placed,UK,9,-0.8785035087145754,1.0059553780293433,5,1,2,0.02280110184800505,-0.28549519127799955,2.0,0,0,1,0
S02021,6,5,41,38,3,6,2020.0,No,3,2022.0,Not Placed,UK,9,-0.8785035087145754,0.8201748012659946,3,1,3,0.056431045576625906,-0.28549519127799955,2.0,0,0,0,0
S02755,2,3,2,13,0,7,2019.0,Yes,3,2020.0,Not Placed,UK,9,-0.8785035087145754,0.030607350021762136,4,1,0,1.0989593011638763,0.5800993841949118,1.0,0,0,1,0
S04369,8,6,40,67,13,3,2021.0,No,2,2023.0,Placed,South Africa,3,1.5165494609808716,1.6794099687964823,0,2,2,0.02280110184800505,-0.28549519127799955,2.0,1,1,0,0
S01491,2,4,13,45,0,1,2019.0,No,4,2021.0,Placed,Ireland,7,1.81946313609561,0.21638792678511096,3,4,0,1.0653293574352556,-0.28549519127799955,2.0,0,1,0,0
S03144,8,5,41,38,6,5,2023.0,No,1,2026.0,Placed,Russia,10,0.6907439204389344,0.3092782151667854,3,4,0,0.02280110184800505,-0.28549519127799955,3.0,0,1,0,0
S03026,5,8,29,64,11,0,2019.0,Yes,3,2021.0,Placed,UK,12,0.6114366166170703,0.030607350021762136,3,2,1,0.49362031404869855,-0.41441353230587996,2.0,0,1,1,0
S01696,4,5,24,19,2,4,2023.0,Yes,0,2026.0,Placed,Russia,2,0.12622656561144824,-0.7589601012224693,0,1,3,0.09006098930524706,-0.28549519127799955,3.0,0,1,1,0
S04973,5,6,23,62,2,3,2022.0,Yes,0,2023.0,Placed,South Africa,5,-0.0859037114933789,1.5632971083193887,4,3,2,0.9644395262493923,-0.28549519127799955,1.0,1,1,1,0
S02850,0,3,39,3,11,1,2019.0,Yes,0,2020.0,Placed,India,6,1.1925765614798203,1.122068238506436,5,2,2,0.7290299201490454,-0.28549519127799955,1.0,0,1,1,0
S02823,3,1,49,0,1,4,2022.0,Yes,4,2023.0,Not Placed,UK,9,-0.8785035087145754,-1.0144083942720734,4,4,3,1.0989593011638763,-0.28549519127799955,1.0,0,0,1,0
S03373,6,0,31,28,8,6,2023.0,Yes,3,2025.0,Not Placed,UK,9,-0.8785035087145754,0.07705249421259934,3,4,0,0.5608802015059405,-0.41441353230587996,2.0,0,0,1,0
S00044,4,7,12,29,10,4,2023.0,No,0,2025.0,Placed,UAE,10,1.3395573279363533,-1.2234115431308403,2,0,1,-0.04445878560923697,-0.28549519127799955,2.0,0,1,0,0
S01695,0,8,15,60,4,4,2020.0,No,2,2023.0,Placed,UK,6,0.33344696736778107,-0.7821826733178874,0,0,1,1.031699413706634,-0.5064980616115089,3.0,0,1,0,0
S03704,5,6,14,63,14,6,2021.0,No,2,2023.0,Not Placed,UK,9,-0.8785035087145754,0.913065089647669,2,0,2,0.32547059540559364,-0.28549519127799955,2.0,0,0,0,0
S04328,7,4,13,46,8,5,2021.0,Yes,3,2024.0,Placed,Ireland,9,1.0094914505931945,-1.2001889710354223,5,4,3,0.45999037032007767,1.279941806917691,3.0,0,1,1,0
S00193,3,6,14,63,14,4,2021.0,Yes,1,2023.0,Placed,South Africa,10,0.7458567782664108,1.4936293920331336,1,0,0,0.9308095825207715,-0.28549519127799955,2.0,0,1,1,0
S03900,4,8,15,60,2,1,2022.0,No,1,2024.0,Placed,UK,12,1.1969737590810823,1.0291779501247615,3,4,2,0.12369093303386793,-0.5064980616115089,2.0,0,1,0,0
S03555,6,2,45,68,8,6,2019.0,No,0,2022.0,Placed,Germany,9,1.9935566680307761,-1.2466341152262594,1,1,2,1.1325892448924972,4.8344046381149655,3.0,0,1,0,0
S04095,3,8,4,53,12,7,2022.0,No,4,2023.0,Placed,UK,12,0.8515078309460599,-0.8054052454133065,1,1,2,0.9308095825207715,0.6353501017782891,1.0,0,1,0,0
S03711,6,5,36,34,3,0,2023.0,Yes,4,2025.0,Placed,Russia,10,0.09033912330518448,-0.08550551045533036,1,2,0,-1.8941056906833906,-0.28549519127799955,2.0,0,1,1,0
S04161,0,5,32,24,11,5,2019.0,Yes,4,2022.0,Not Placed,UK,9,-0.8785035087145754,-1.2698566873216774,2,2,0,0.7626598638776666,0.6906008193616664,3.0,0,0,1,0
S01016,5,9,28,49,3,2,2023.0,No,1,2026.0,Not Placed,UK,9,-0.8785035087145754,-0.20161837093242285,3,2,3,0.5272502577773197,-0.3407459088613769,3.0,1,0,0,0
S02387,2,8,38,66,2,3,2022.0,Yes,0,2025.0,Not Placed,UK,9,-0.8785035087145754,-0.13195065464616756,5,1,3,0.5272502577773197,-0.8564192729728985,3.0,1,0,1,0
S01822,3,5,32,24,4,2,2020.0,No,4,2021.0,Placed,Russia,3,0.8072992344347174,-0.38739894769577166,3,3,2,-0.010828841880616107,0.6906008193616664,1.0,1,1,0,0
S02538,3,8,4,53,8,0,2019.0,Yes,2,2022.0,Placed,UK,7,0.8584881356583771,-0.9447406779858181,3,4,2,0.45999037032007767,0.6353501017782891,3.0,0,1,1,0
S03418,6,9,42,40,6,5,2020.0,Yes,2,2022.0,Placed,USA,0,1.5966454997984778,0.8433973733614127,3,1,0,-1.8941056906833906,-0.819585461250647,2.0,0,1,1,0
S02671,8,2,34,22,4,5,2020.0,No,1,2022.0,Placed,Germany,8,1.3514475079971648,1.5400745362239707,4,1,1,0.12369093303386793,-0.28549519127799955,2.0,0,1,0,0
S01737,3,1,22,59,3,1,2019.0,No,0,2022.0,Placed,Finland,5,0.0877757345690228,1.4704068199377145,0,2,2,0.8971796387921507,-0.28549519127799955,3.0,0,1,0,0
S03807,4,2,34,44,13,3,2019.0,Yes,3,2020.0,Not Placed,UK,9,-0.8785035087145754,-0.10872808255074845,0,2,2,0.25821070794835194,-0.08290922680561606,1.0,1,0,1,0
S04049,1,0,37,65,3,4,2023.0,No,4,2026.0,Placed,Canada,2,1.7853306291548723,0.007384777926344049,2,0,0,-1.8941056906833906,-0.28549519127799955,3.0,0,1,0,1
S01580,3,8,29,64,12,6,2023.0,No,1,2024.0,Not Placed,UK,9,-0.8785035087145754,1.6329648246056452,2,0,2,0.9644395262493923,-0.41441353230587996,1.0,0,0,0,0
S00832,5,2,0,36,5,0,2020.0,No,1,2022.0,Not Placed,UK,9,-0.8785035087145754,0.4253910756438789,5,4,0,0.42636042659145684,1.040522030723056,2.0,0,0,0,0
S02789,2,3,39,3,5,4,2021.0,Yes,2,2022.0,Not Placed,UK,9,-0.8785035087145754,-1.1072986826537479,0,4,2,0.9644395262493923,-0.28549519127799955,1.0,0,0,1,0
S00842,7,2,45,68,0,7,2022.0,Yes,1,2023.0,Not Placed,UK,9,-0.8785035087145754,1.5632971083193887,3,1,2,1.0653293574352556,4.8344046381149655,1.0,0,0,1,0
S04728,0,1,26,23,14,1,2021.0,Yes,2,2022.0,Placed,Finland,11,-0.08052059514743934,1.2149585268881102,1,1,3,0.49362031404869855,-0.28549519127799955,1.0,0,1,1,0
S04329,4,0,37,65,5,7,2023.0,No,3,2024.0,Placed,Canada,3,0.40851482058753164,0.4253910756438789,1,4,0,0.2918406516769728,-0.28549519127799955,1.0,0,1,0,1
S03710,7,8,38,66,10,6,2019.0,Yes,4,2020.0,Placed,UK,3,1.380630702839621,-0.3641763756003536,1,3,0,1.0989593011638763,-0.8564192729728985,1.0,0,1,1,0
S01510,8,4,30,27,10,1,2022.0,Yes,3,2023.0,Not Placed,UK,9,-0.8785035087145754,0.8201748012659946,3,2,2,0.6281400889631826,-0.28549519127799955,1.0,0,0,1,0
S01447,0,7,12,58,2,7,2022.0,Yes,2,2023.0,Not Placed,UK,9,-0.8785035087145754,0.7272845128843202,3,0,0,0.12369093303386793,-0.28549519127799955,1.0,0,0,1,0
S04622,8,7,12,26,13,5,2020.0,No,3,2023.0,Placed,UAE,11,1.3305263122351068,0.4950587919301342,4,0,1,0.6617700326918035,-0.28549519127799955,3.0,0,1,0,0
S00951,6,3,11,6,14,3,2022.0,Yes,2,2025.0,Not Placed,UK,9,-0.8785035087145754,1.37751653155604,3,4,2,0.6281400889631826,-0.28549519127799955,3.0,1,0,1,0
S01445,1,6,23,62,4,4,2020.0,Yes,3,2022.0,Not Placed,UK,9,-0.8785035087145754,-0.41062151979119077,5,4,3,0.8299197513349084,-0.28549519127799955,2.0,0,0,1,0
S04416,7,1,17,1,7,5,2023.0,No,4,2024.0,Placed,Finland,1,0.7288595391081695,-1.57175012456212,4,3,3,0.7962898076062874,0.8747698779729242,1.0,0,1,0,0
S03852,9,2,0,36,11,5,2021.0,Yes,0,2023.0,Not Placed,UK,9,-0.8785035087145754,-1.4324146919896081,4,0,1,0.6617700326918035,1.040522030723056,2.0,0,0,1,0
S00724,3,0,50,54,10,6,2021.0,Yes,2,2023.0,Placed,Canada,2,-0.1329517539893928,0.14672021049885567,5,0,0,0.42636042659145684,-0.28549519127799955,2.0,0,1,1,1
S04413,9,2,3,12,1,6,2020.0,Yes,4,2021.0,Not Placed,UK,9,-0.8785035087145754,1.6329648246056452,4,2,1,-0.11171867306647898,-0.28549519127799955,1.0,0,0,1,0
S00233,0,5,32,4,11,3,2021.0,No,2,2023.0,Placed,Russia,2,0.801028791218568,0.030607350021762136,2,4,1,-0.21260850425234185,-0.28549519127799955,2.0,1,1,0,0
S03040,7,0,48,69,8,1,2023.0,No,0,2025.0,Placed,Canada,4,1.0301563074816364,0.7737296570751574,1,4,0,-1.8941056906833906,-0.5249149674726347,2.0,0,1,0,1
S04559,7,6,23,62,5,4,2020.0,No,4,2023.0,Placed,South Africa,1,0.4731516534885935,-1.6878629850392124,2,4,1,-0.178978560523721,-0.28549519127799955,3.0,0,1,0,0
S02918,5,7,1,20,10,1,2023.0,Yes,2,2024.0,Not Placed,UK,9,-0.8785035087145754,-0.6428472407453758,0,3,3,1.031699413706634,-0.28549519127799955,1.0,0,0,1,0
S01068,4,0,31,28,1,3,2023.0,No,2,2024.0,Placed,Canada,0,0.9061474477760911,1.7490776850827376,2,3,0,0.12369093303386793,-0.41441353230587996,1.0,1,1,0,1
S04584,0,7,12,10,1,6,2019.0,Yes,3,2020.0,Not Placed,UK,9,-0.8785035087145754,0.5182813640255532,2,1,0,0.5945101452345617,-0.28549519127799955,1.0,0,0,1,0
S00533,8,3,8,16,13,6,2023.0,No,0,2026.0,Placed,India,7,0.018169871194785962,0.4021685035484598,0,4,0,0.8635496950635292,-0.28549519127799955,3.0,0,1,0,0
S00541,2,6,19,37,3,3,2023.0,No,4,2025.0,Not Placed,UK,9,-0.8785035087145754,-1.618195268752957,1,3,2,0.42636042659145684,-0.28549519127799955,2.0,1,0,0,0
S04924,3,6,7,56,11,2,2022.0,No,2,2023.0,Not Placed,UK,9,-0.8785035087145754,1.4239616757468772,1,2,0,-1.8941056906833906,3.195300016474772,1.0,1,0,0,0
S01526,5,6,23,71,7,1,2022.0,No,3,2025.0,Placed,South Africa,3,0.047116445538519576,-1.2698566873216774,1,3,2,0.02280110184800505,-0.28549519127799955,3.0,0,1,0,0
S02980,0,9,5,8,11,5,2023.0,Yes,3,2026.0,Placed,USA,9,1.8396153152368195,-0.921518105890399,2,3,0,0.8635496950635292,-0.8380023671117728,3.0,0,1,1,0
S02112,3,8,27,21,1,1,2021.0,Yes,4,2022.0,Not Placed,UK,9,-0.8785035087145754,0.14672021049885567,5,2,2,1.0989593011638763,-0.35916281472250267,1.0,0,0,1,0
S00857,4,0,48,69,5,4,2020.0,No,0,2021.0,Not Placed,UK,9,-0.8785035087145754,0.8898425175522499,3,0,0,-1.8941056906833906,-0.5249149674726347,1.0,0,0,0,0
S03764,1,5,32,4,14,2,2023.0,Yes,1,2026.0,Not Placed,UK,9,-0.8785035087145754,0.007384777926344049,5,3,2,0.7290299201490454,-0.28549519127799955,3.0,1,0,1,0
S00756,2,0,16,52,2,5,2019.0,No,4,2020.0,Placed,Canada,1,1.5067099919089895,0.21638792678511096,1,4,0,-1.8941056906833906,1.114189654167559,1.0,0,1,0,1
S04951,9,0,50,54,1,7,2020.0,Yes,4,2022.0,Not Placed,UK,9,-0.8785035087145754,0.9362876617430871,5,2,3,0.9308095825207715,-0.28549519127799955,2.0,0,0,1,0
S02983,9,7,12,26,0,7,2022.0,Yes,4,2023.0,Not Placed,UK,9,-0.8785035087145754,0.4950587919301342,2,3,0,-1.8941056906833906,-0.28549519127799955,1.0,0,0,1,0
S01705,5,4,13,51,10,6,2019.0,No,0,2022.0,Placed,Ireland,9,1.2084301348942357,-0.22484094302784197,2,2,3,0.49362031404869855,-0.28549519127799955,3.0,0,1,0,0
S03110,8,4,30,27,13,4,2020.0,Yes,1,2021.0,Placed,Ireland,6,2.0483145951101687,0.030607350021762136,4,4,3,0.49362031404869855,-0.28549519127799955,1.0,0,1,1,0
S00457,9,6,19,37,6,7,2020.0,Yes,4,2021.0,Not Placed,UK,9,-0.8785035087145754,1.6794099687964823,0,2,1,-0.07808872933785782,-0.28549519127799955,1.0,0,0,1,0
S04912,6,1,26,23,10,3,2020.0,Yes,1,2021.0,Placed,Finland,9,1.5922680205721094,-0.8750729616995618,3,4,3,0.5272502577773197,-0.28549519127799955,1.0,1,1,1,0
S04872,0,9,42,40,10,6,2022.0,Yes,3,2025.0,Placed,USA,1,0.022389603422005987,1.2846262431743656,0,3,2,0.1573208767624888,-0.819585461250647,3.0,0,1,1,0
S02715,5,7,12,26,9,6,2019.0,No,0,2020.0,Not Placed,UK,9,-0.8785035087145754,0.6111716524072267,1,0,2,0.1573208767624888,-0.28549519127799955,1.0,0,0,0,0
S04540,6,4,13,45,1,2,2020.0,No,4,2022.0,Not Placed,UK,9,-0.8785035087145754,1.6561873967010632,3,3,2,0.2918406516769728,-0.28549519127799955,2.0,1,0,0,0
S02047,1,8,4,53,13,4,2021.0,Yes,4,2022.0,Placed,UK,5,1.3404446548065632,0.7272845128843202,4,4,1,0.49362031404869855,0.6353501017782891,1.0,0,1,1,0
S03847,2,4,13,7,14,5,2019.0,Yes,3,2021.0,Placed,Ireland,10,0.15937315380750833,0.7272845128843202,2,1,2,0.8971796387921507,-0.28549519127799955,2.0,0,1,1,0
S04428,8,4,30,27,13,6,2023.0,No,4,2024.0,Not Placed,UK,9,-0.8785035087145754,-0.898295533794981,0,0,0,-0.04445878560923697,-0.28549519127799955,1.0,0,0,0,0
S02330,4,3,11,15,5,1,2023.0,Yes,2,2024.0,Placed,India,12,1.5242790639391437,0.05382992211718125,4,0,0,0.09006098930524706,2.348122346862986,1.0,0,1,1,0
S01999,3,6,7,56,13,7,2021.0,Yes,1,2023.0,Placed,South Africa,9,2.0704386117407334,-0.5964020965545386,3,4,3,-0.11171867306647898,3.195300016474772,2.0,0,1,1,0
S03435,5,7,12,10,6,6,2021.0,No,2,2023.0,Placed,UAE,5,0.355432955374091,1.2614036710789476,4,3,0,-1.8941056906833906,-0.28549519127799955,2.0,0,1,0,0
S03726,4,1,49,70,5,2,2019.0,No,1,2022.0,Not Placed,UK,9,-0.8785035087145754,1.5632971083193887,4,1,0,0.5608802015059405,-0.28549519127799955,3.0,1,0,0,0
S04600,3,4,18,33,8,2,2019.0,Yes,1,2021.0,Not Placed,UK,9,-0.8785035087145754,-1.57175012456212,3,4,1,0.9308095825207715,-0.28549519127799955,2.0,1,0,1,0
S02017,2,1,21,61,8,0,2023.0,Yes,2,2026.0,Placed,Finland,10,2.0575822313101377,-0.7589601012224693,1,0,3,0.45999037032007767,0.966854407278553,3.0,0,1,1,0
S02436,7,1,49,0,4,2,2020.0,No,2,2021.0,Not Placed,UK,9,-0.8785035087145754,0.12349763840343654,0,0,2,0.7626598638776666,-0.28549519127799955,1.0,1,0,0,0
S03724,3,5,36,34,4,7,2023.0,Yes,0,2024.0,Placed,Russia,3,1.125100282594087,0.3789459314530417,5,2,0,-1.8941056906833906,-0.28549519127799955,1.0,0,1,1,0
S01365,3,5,32,4,4,6,2022.0,Yes,3,2025.0,Placed,Russia,2,0.44674874950612803,1.6561873967010632,2,2,3,1.0653293574352556,-0.28549519127799955,3.0,0,1,1,0
S02898,9,8,27,17,11,2,2019.0,No,2,2020.0,Placed,UK,3,1.8318857122785475,-1.2466341152262594,5,1,1,0.8299197513349084,-0.8011685553895213,1.0,1,1,0,0
S03596,4,9,28,49,6,7,2020.0,Yes,0,2022.0,Placed,USA,9,0.9296123138994173,-1.2930792594170966,3,0,0,-1.8941056906833906,-0.3407459088613769,2.0,0,1,1,0
S00436,3,0,50,54,9,5,2023.0,No,4,2024.0,Placed,Canada,8,1.9899482054252562,1.354293959460622,2,0,2,0.9644395262493923,-0.28549519127799955,1.0,0,1,0,1
S04380,0,6,23,62,6,1,2021.0,Yes,3,2022.0,Not Placed,UK,9,-0.8785035087145754,1.0988456664110178,0,4,1,1.0989593011638763,-0.28549519127799955,1.0,0,0,1,0
S02254,7,4,13,51,9,3,2023.0,Yes,0,2026.0,Placed,Ireland,5,0.922198204939442,0.14672021049885567,3,2,0,0.19095082049110992,-0.28549519127799955,3.0,1,1,1,0
S00440,1,8,6,55,13,1,2023.0,No,1,2024.0,Not Placed,UK,9,-0.8785035087145754,-1.641417840848375,4,4,0,-1.8941056906833906,-0.8748361788340243,1.0,0,0,0,0
S02840,1,7,12,58,6,2,2022.0,No,0,2025.0,Not Placed,UK,9,-0.8785035087145754,-0.41062151979119077,0,3,0,-1.8941056906833906,-0.28549519127799955,3.0,1,0,0,0
S02565,5,6,44,41,2,1,2022.0,Yes,4,2023.0,Not Placed,UK,9,-0.8785035087145754,0.7272845128843202,5,4,3,-0.07808872933785782,-0.28549519127799955,1.0,0,0,1,0
S04642,9,1,22,59,1,3,2020.0,Yes,2,2023.0,Not Placed,UK,9,-0.8785035087145754,-1.339524403607934,5,3,0,-1.8941056906833906,-0.28549519127799955,3.0,1,0,1,0
S01324,6,1,17,1,3,5,2022.0,No,3,2023.0,Placed,Finland,1,0.22556773832516075,1.0524005222201807,3,3,2,0.02280110184800505,0.8747698779729242,1.0,0,1,0,0
S04035,9,8,27,48,11,1,2022.0,Yes,0,2023.0,Not Placed,UK,9,-0.8785035087145754,-0.921518105890399,1,0,3,-0.010828841880616107,-0.7459178378061438,1.0,0,0,1,0
S04673,4,6,23,62,5,6,2023.0,Yes,2,2025.0,Not Placed,UK,9,-0.8785035087145754,0.9827328059339243,1,1,0,0.5945101452345617,-0.28549519127799955,2.0,0,0,1,0
S02589,2,1,17,1,3,1,2021.0,No,3,2023.0,Not Placed,UK,9,-0.8785035087145754,1.4007391036514591,5,2,0,-0.11171867306647898,0.8747698779729242,2.0,0,0,0,0
S00740,1,8,29,64,2,7,2020.0,Yes,2,2022.0,Placed,UK,1,1.500617014066882,1.0524005222201807,4,2,0,0.6617700326918035,-0.41441353230587996,2.0,0,1,1,0
S03593,0,3,47,31,13,5,2019.0,No,1,2022.0,Not Placed,UK,9,-0.8785035087145754,1.4007391036514591,1,0,0,-1.8941056906833906,-0.28549519127799955,3.0,0,0,0,0
S04177,8,9,5,8,7,6,2023.0,Yes,0,2024.0,Not Placed,UK,9,-0.8785035087145754,-0.8750729616995618,5,1,0,0.5945101452345617,-0.8380023671117728,1.0,0,0,1,0
S02719,8,3,11,6,6,3,2020.0,Yes,4,2021.0,Not Placed,UK,9,-0.8785035087145754,0.9827328059339243,2,0,3,0.9644395262493923,-0.28549519127799955,1.0,1,0,1,0
S01184,6,1,21,61,6,2,2020.0,No,1,2022.0,Placed,Finland,2,2.0492807954799526,0.5182813640255532,0,1,0,-1.8941056906833906,0.966854407278553,2.0,1,1,0,0
S02402,2,7,43,2,9,1,2023.0,Yes,1,2025.0,Not Placed,UK,9,-0.8785035087145754,-0.457066663982028,1,3,2,0.7626598638776666,-0.28549519127799955,2.0,0,0,1,0
S02854,4,0,37,65,13,3,2023.0,Yes,1,2025.0,Placed,Canada,12,0.8828600470268068,-0.24806351512326005,0,1,3,0.8635496950635292,-0.28549519127799955,2.0,1,1,1,1
S03846,1,2,45,68,14,6,2020.0,No,4,2023.0,Not Placed,UK,9,-0.8785035087145754,-1.0144083942720734,2,4,0,0.7290299201490454,4.8344046381149655,3.0,0,0,0,0
S03270,5,7,1,73,2,4,2019.0,No,3,2020.0,Not Placed,UK,9,-0.8785035087145754,1.122068238506436,5,2,3,0.42636042659145684,-0.28549519127799955,1.0,0,0,0,0
S03817,8,7,1,73,0,7,2019.0,No,4,2021.0,Not Placed,UK,9,-0.8785035087145754,-0.5964020965545386,0,3,3,-0.14534861679509983,-0.28549519127799955,2.0,0,0,0,0
S01544,5,7,12,26,3,2,2023.0,Yes,1,2026.0,Not Placed,UK,9,-0.8785035087145754,0.05382992211718125,3,0,3,0.7626598638776666,-0.28549519127799955,3.0,1,0,1,0
S02740,8,0,16,52,14,6,2022.0,No,0,2024.0,Not Placed,UK,9,-0.8785035087145754,1.1917359547926911,5,0,0,-1.8941056906833906,1.114189654167559,2.0,0,0,0,0
S00509,0,8,38,66,11,7,2022.0,No,2,2024.0,Not Placed,UK,9,-0.8785035087145754,1.586519680414808,1,3,0,-1.8941056906833906,-0.8564192729728985,2.0,0,0,0,0
S03854,5,7,12,29,3,0,2019.0,No,2,2020.0,Placed,UAE,4,0.7876991697905271,-0.8750729616995618,3,0,0,-1.8941056906833906,-0.28549519127799955,1.0,0,1,0,0
S04022,9,4,13,46,3,2,2019.0,Yes,3,2022.0,Not Placed,UK,9,-0.8785035087145754,1.4704068199377145,0,3,1,0.49362031404869855,1.279941806917691,3.0,1,0,1,0
S02185,1,2,0,36,11,4,2021.0,No,1,2023.0,Placed,Germany,7,1.959049511967061,1.7490776850827376,0,4,3,0.8635496950635292,1.040522030723056,2.0,0,1,0,0
S03196,5,4,13,45,14,6,2021.0,Yes,2,2024.0,Not Placed,UK,9,-0.8785035087145754,-0.5964020965545386,4,0,3,0.5272502577773197,-0.28549519127799955,3.0,0,0,1,0
S00205,2,7,12,10,0,1,2020.0,Yes,4,2022.0,Not Placed,UK,9,-0.8785035087145754,0.26283307097594816,3,1,0,-1.8941056906833906,-0.28549519127799955,2.0,0,0,1,0
S04114,5,7,12,58,7,4,2021.0,Yes,2,2023.0,Not Placed,UK,9,-0.8785035087145754,0.030607350021762136,0,2,0,-1.8941056906833906,-0.28549519127799955,2.0,0,0,1,0
S03361,9,3,47,31,13,0,2019.0,Yes,0,2022.0,Not Placed,UK,9,-0.8785035087145754,-0.41062151979119077,1,1,1,0.7290299201490454,-0.28549519127799955,3.0,0,0,1,0
S03220,9,4,13,46,13,4,2022.0,Yes,2,2023.0,Not Placed,UK,9,-0.8785035087145754,1.6329648246056452,5,1,1,0.19095082049110992,1.279941806917691,1.0,0,0,1,0
S02504,0,9,42,40,7,3,2023.0,No,2,2026.0,Placed,USA,3,0.6649917228279562,0.7737296570751574,5,4,0,0.6617700326918035,-0.819585461250647,3.0,1,1,0,0
S00073,6,8,6,55,10,5,2023.0,No,2,2024.0,Placed,UK,1,0.2563284031591011,1.4936293920331336,3,3,3,0.3927304828628357,-0.8748361788340243,1.0,0,1,0,0
S02702,6,9,5,25,9,2,2023.0,Yes,3,2026.0,Not Placed,UK,9,-0.8785035087145754,1.6794099687964823,3,2,2,1.0989593011638763,-0.8932530846951501,3.0,1,0,1,0
S01151,0,9,9,57,1,0,2019.0,Yes,1,2022.0,Not Placed,UK,9,-0.8785035087145754,0.12349763840343654,4,3,3,0.9644395262493923,-0.5617487791948862,3.0,0,0,1,0
S02767,0,5,32,30,0,1,2021.0,Yes,1,2023.0,Placed,Russia,6,1.542735462839508,-0.8750729616995618,0,1,1,0.9644395262493923,-0.28549519127799955,2.0,0,1,1,0
S04059,0,2,45,68,13,7,2020.0,No,3,2023.0,Placed,Germany,2,0.35813437273450754,1.5168519641285516,2,1,1,-0.21260850425234185,4.8344046381149655,3.0,0,1,0,0
S04036,2,1,17,1,1,6,2019.0,Yes,0,2020.0,Not Placed,UK,9,-0.8785035087145754,1.7026325408919005,1,3,0,-0.07808872933785782,0.8747698779729242,1.0,0,0,1,0
S03505,7,2,34,22,5,1,2019.0,Yes,1,2022.0,Not Placed,UK,9,-0.8785035087145754,1.2149585268881102,1,4,0,0.5608802015059405,-0.28549519127799955,3.0,0,0,1,0
S03131,7,5,32,4,12,1,2021.0,Yes,1,2022.0,Placed,Russia,1,0.22028321385368893,-0.3409538035049345,4,1,1,0.8299197513349084,-0.28549519127799955,1.0,0,1,1,0
S00891,7,1,21,61,3,4,2023.0,No,2,2025.0,Not Placed,UK,9,-0.8785035087145754,0.14672021049885567,5,1,0,0.2245807642197308,0.966854407278553,2.0,0,0,0,0
S00853,8,2,3,12,2,0,2022.0,Yes,4,2024.0,Not Placed,UK,9,-0.8785035087145754,0.23961049888053007,0,3,2,0.02280110184800505,-0.28549519127799955,2.0,0,0,1,0
S02952,9,8,6,55,11,0,2021.0,Yes,4,2024.0,Not Placed,UK,9,-0.8785035087145754,1.7026325408919005,5,4,2,0.6281400889631826,-0.8748361788340243,3.0,0,0,1,0
S02803,0,4,13,51,7,0,2023.0,Yes,2,2026.0,Not Placed,UK,9,-0.8785035087145754,0.007384777926344049,0,4,0,-1.8941056906833906,-0.28549519127799955,3.0,0,0,1,0
S04768,2,7,12,10,13,6,2021.0,No,0,2024.0,Not Placed,UK,9,-0.8785035087145754,1.6561873967010632,1,3,0,0.1573208767624888,-0.28549519127799955,3.0,0,0,0,0
S01815,8,4,13,45,7,5,2023.0,Yes,3,2025.0,Placed,Ireland,3,1.101891755344377,-1.2001889710354223,5,3,1,0.45999037032007767,-0.28549519127799955,2.0,0,1,1,0
S04716,6,3,8,16,10,4,2022.0,No,1,2024.0,Placed,India,12,0.36501608557235704,0.4950587919301342,3,4,3,0.056431045576625906,-0.28549519127799955,2.0,0,1,0,0
S01509,5,9,42,40,3,5,2023.0,No,1,2025.0,Placed,USA,12,0.9028741975437615,0.28605564307136727,5,3,1,0.6617700326918035,-0.819585461250647,2.0,0,1,0,0
S02343,6,8,27,17,8,0,2022.0,No,2,2024.0,Not Placed,UK,9,-0.8785035087145754,1.7026325408919005,1,4,1,0.19095082049110992,-0.8011685553895213,2.0,0,0,0,0
S01394,9,4,13,46,5,5,2023.0,Yes,3,2025.0,Placed,Ireland,7,2.0208863356332385,-1.339524403607934,2,4,1,0.2245807642197308,1.279941806917691,2.0,0,1,1,0
S02827,5,4,18,33,11,2,2021.0,Yes,4,2023.0,Not Placed,UK,9,-0.8785035087145754,-0.01583779416907404,1,1,2,0.7962898076062874,-0.28549519127799955,2.0,1,0,1,0
S02366,9,1,49,70,12,1,2022.0,Yes,0,2024.0,Not Placed,UK,9,-0.8785035087145754,-1.0144083942720734,4,4,1,0.2918406516769728,-0.28549519127799955,2.0,0,0,1,0
S00622,9,5,32,24,7,5,2020.0,No,1,2023.0,Placed,Russia,12,2.049458260853995,0.9362876617430871,5,4,3,0.09006098930524706,0.6906008193616664,3.0,0,1,0,0
S04790,9,7,12,26,14,3,2019.0,No,3,2021.0,Placed,UAE,1,1.1779652456836986,-1.5253049803712826,3,2,1,0.09006098930524706,-0.28549519127799955,2.0,1,1,0,0
S04308,9,5,41,38,2,6,2022.0,Yes,4,2025.0,Not Placed,UK,9,-0.8785035087145754,1.0524005222201807,4,3,0,0.12369093303386793,-0.28549519127799955,3.0,0,0,1,0
S01326,2,9,42,40,7,4,2023.0,No,0,2026.0,Placed,USA,1,1.9665030576768234,1.4936293920331336,4,4,0,-1.8941056906833906,-0.819585461250647,3.0,0,1,0,0
S03106,8,9,35,5,2,1,2022.0,No,2,2024.0,Placed,USA,6,1.9401987455688259,1.1917359547926911,5,4,3,-0.178978560523721,-0.580165685056012,2.0,0,1,0,0
S04333,8,5,32,11,4,0,2023.0,Yes,1,2026.0,Placed,Russia,9,0.28428905875815713,-0.6660698128407949,5,4,0,0.6281400889631826,-0.28549519127799955,3.0,0,1,1,0
S00097,1,9,35,5,4,5,2022.0,No,3,2023.0,Not Placed,UK,9,-0.8785035087145754,1.2614036710789476,1,1,3,0.02280110184800505,-0.580165685056012,1.0,0,0,0,0
S04936,2,8,6,55,12,1,2023.0,No,1,2026.0,Not Placed,UK,9,-0.8785035087145754,-0.2712860872186792,5,3,1,0.6281400889631826,-0.8748361788340243,3.0,0,0,0,0
S01848,9,8,27,21,9,1,2020.0,No,4,2023.0,Not Placed,UK,9,-0.8785035087145754,-0.7357375291270501,4,2,2,0.5945101452345617,-0.35916281472250267,3.0,0,0,0,0
S04934,3,8,27,17,0,1,2019.0,No,4,2022.0,Placed,UK,3,0.8607163120213485,0.4718362198347161,5,2,3,-0.04445878560923697,-0.8011685553895213,3.0,0,1,0,0
S01813,1,4,30,27,8,3,2021.0,No,2,2023.0,Not Placed,UK,9,-0.8785035087145754,0.19316535468969287,4,4,3,1.0989593011638763,-0.28549519127799955,2.0,1,0,0,0
S00642,1,8,4,53,9,6,2020.0,Yes,3,2021.0,Placed,UK,7,0.8852065336391394,1.0524005222201807,3,1,0,0.9308095825207715,0.6353501017782891,1.0,0,1,1,0
S01077,5,3,2,13,6,7,2023.0,No,4,2024.0,Placed,India,5,0.5415744143692173,-1.4556372640850264,4,3,0,0.2245807642197308,0.5800993841949118,1.0,0,1,0,0
S01045,9,2,45,68,11,4,2022.0,No,3,2025.0,Not Placed,UK,9,-0.8785035087145754,-1.3163018315125148,2,2,2,0.25821070794835194,4.8344046381149655,3.0,0,0,0,0
S01488,9,7,1,20,6,6,2019.0,Yes,2,2020.0,Not Placed,UK,9,-0.8785035087145754,-0.20161837093242285,0,2,3,0.2245807642197308,-0.28549519127799955,1.0,0,0,1,0
S01719,6,1,22,59,12,2,2020.0,Yes,0,2023.0,Not Placed,UK,9,-0.8785035087145754,1.7258551129873196,1,0,0,0.2245807642197308,-0.28549519127799955,3.0,1,0,1,0
S00954,2,0,37,65,4,6,2023.0,Yes,1,2026.0,Placed,Canada,8,-0.1414898103183006,-1.2466341152262594,0,0,0,-1.8941056906833906,-0.28549519127799955,3.0,0,1,1,1
S04571,7,5,32,24,12,5,2022.0,No,0,2025.0,Placed,Russia,7,1.0959368061265244,0.9362876617430871,0,4,0,-1.8941056906833906,0.6906008193616664,3.0,0,1,0,0
S00467,5,1,46,43,7,1,2020.0,Yes,1,2023.0,Placed,Finland,1,1.1023452779669287,0.4021685035484598,1,2,0,-1.8941056906833906,-0.28549519127799955,3.0,0,1,1,0
S00076,0,5,24,19,14,2,2021.0,No,3,2023.0,Placed,Russia,4,2.0679146597543587,-0.921518105890399,1,3,0,-0.178978560523721,-0.28549519127799955,2.0,1,1,0,0
S04515,5,8,38,66,8,4,2019.0,Yes,1,2021.0,Placed,UK,9,0.29128908184536795,-1.5020824082758635,0,0,0,-0.04445878560923697,-0.8564192729728985,2.0,0,1,1,0
S03352,1,4,13,51,2,1,2022.0,Yes,2,2025.0,Placed,Ireland,1,-0.13021089987918916,-0.9447406779858181,3,2,3,0.3591005391342148,-0.28549519127799955,3.0,0,1,1,0
S00929,6,0,50,54,0,3,2022.0,Yes,0,2024.0,Not Placed,UK,9,-0.8785035087145754,0.6343942245026458,1,2,0,-1.8941056906833906,-0.28549519127799955,2.0,1,0,1,0
S04563,7,9,9,57,14,5,2022.0,Yes,4,2023.0,Not Placed,UK,9,-0.8785035087145754,-1.2001889710354223,1,3,2,1.031699413706634,-0.5617487791948862,1.0,0,0,1,0
S00166,8,1,22,59,0,6,2021.0,Yes,1,2023.0,Not Placed,UK,9,-0.8785035087145754,-1.2234115431308403,5,1,3,0.2245807642197308,-0.28549519127799955,2.0,0,0,1,0
S03882,8,1,17,1,11,5,2019.0,No,1,2022.0,Placed,Finland,5,0.23166071616726816,1.0988456664110178,5,0,2,0.42636042659145684,0.8747698779729242,3.0,0,1,0,0
S04963,6,8,15,60,9,1,2019.0,Yes,2,2020.0,Not Placed,UK,9,-0.8785035087145754,0.3092782151667854,5,2,1,-0.11171867306647898,-0.5064980616115089,1.0,0,0,1,0
S00354,3,2,34,44,13,4,2020.0,No,4,2021.0,Placed,Germany,11,1.683347194205424,-0.6196246686499577,2,2,3,0.7290299201490454,-0.08290922680561606,1.0,0,1,0,0
S04160,0,3,11,18,7,5,2021.0,Yes,2,2024.0,Placed,India,3,1.3158361229394109,1.6329648246056452,1,4,2,1.0989593011638763,-0.28549519127799955,3.0,0,1,1,0
S00021,8,0,50,39,0,5,2022.0,No,2,2024.0,Placed,Canada,7,1.8613055276197261,-0.689292384936213,3,1,1,0.12369093303386793,-0.28549519127799955,2.0,0,1,0,1
S04657,2,8,15,60,13,0,2019.0,Yes,4,2021.0,Not Placed,UK,9,-0.8785035087145754,-1.618195268752957,4,3,1,0.19095082049110992,-0.5064980616115089,2.0,0,0,1,0
S03243,5,9,35,32,10,5,2022.0,No,1,2024.0,Not Placed,UK,9,-0.8785035087145754,-0.5499569523637023,3,1,0,-1.8941056906833906,-0.1197430385278676,2.0,0,0,0,0
S04017,2,0,25,35,7,1,2021.0,Yes,4,2023.0,Placed,Canada,6,0.5644674476206305,-0.7589601012224693,1,1,0,-1.8941056906833906,3.6188888512806643,2.0,0,1,1,1
S03210,3,9,9,57,14,5,2021.0,No,1,2022.0,Placed,USA,12,0.20778176417117727,-1.153743826844585,5,0,2,0.32547059540559364,-0.5617487791948862,1.0,0,1,0,0
S00093,8,6,14,63,6,3,2019.0,Yes,2,2021.0,Not Placed,UK,9,-0.8785035087145754,0.8666199454568319,0,1,1,0.5272502577773197,-0.28549519127799955,2.0,1,0,1,0
S00256,6,1,17,1,13,0,2022.0,Yes,4,2025.0,Placed,Finland,3,0.25581572541186876,-0.5731795244591205,2,1,0,-1.8941056906833906,0.8747698779729242,3.0,0,1,1,0
S00516,1,2,20,9,1,4,2019.0,Yes,0,2022.0,Not Placed,UK,9,-0.8785035087145754,-1.4324146919896081,2,4,2,0.2918406516769728,-0.28549519127799955,3.0,0,0,1,0
S02830,4,7,1,73,9,7,2022.0,Yes,3,2024.0,Not Placed,UK,9,-0.8785035087145754,1.5168519641285516,5,3,0,-0.14534861679509983,-0.28549519127799955,2.0,0,0,1,0
S03170,6,2,45,68,0,1,2019.0,No,0,2020.0,Not Placed,UK,9,-0.8785035087145754,-1.4788598361804455,1,3,1,0.32547059540559364,4.8344046381149655,1.0,0,0,0,0
S01514,4,8,15,60,5,4,2019.0,No,1,2021.0,Placed,UK,1,0.7854315566777688,1.7490776850827376,4,2,3,0.2245807642197308,-0.5064980616115089,2.0,0,1,0,0
S04883,1,2,20,9,11,1,2019.0,Yes,1,2021.0,Placed,Germany,1,1.1101340360498815,1.5400745362239707,3,4,3,0.2245807642197308,-0.28549519127799955,2.0,0,1,1,0
S04190,2,5,32,11,13,2,2021.0,Yes,0,2024.0,Placed,Russia,9,0.9736237266618244,-1.4556372640850264,5,4,0,-1.8941056906833906,-0.28549519127799955,3.0,1,1,1,0
S04290,3,1,26,23,6,6,2021.0,Yes,3,2022.0,Not Placed,UK,9,-0.8785035087145754,1.7026325408919005,2,4,1,1.031699413706634,-0.28549519127799955,1.0,0,0,1,0
S02323,9,0,48,69,11,4,2019.0,No,1,2020.0,Not Placed,UK,9,-0.8785035087145754,-1.409192119894189,0,0,2,0.8635496950635292,-0.5249149674726347,1.0,0,0,0,0
S04106,9,1,49,0,5,7,2019.0,Yes,1,2020.0,Placed,Finland,3,-0.25171552597325353,-1.0376309663674925,1,4,1,0.6617700326918035,-0.28549519127799955,1.0,0,1,1,0
S01959,1,0,50,39,6,0,2023.0,Yes,0,2026.0,Not Placed,UK,9,-0.8785035087145754,-1.1072986826537479,2,1,0,-1.8941056906833906,-0.28549519127799955,3.0,0,0,1,0
S04585,9,4,13,51,12,2,2020.0,Yes,4,2023.0,Placed,Ireland,2,1.0076379233532007,-1.4324146919896081,0,3,2,0.5608802015059405,-0.28549519127799955,3.0,1,1,1,0
S00658,0,3,47,31,11,6,2020.0,No,2,2021.0,Placed,India,11,-0.10733758500266939,1.4239616757468772,0,2,2,-0.07808872933785782,-0.28549519127799955,1.0,0,1,0,0
S01605,3,2,20,9,1,3,2023.0,Yes,3,2025.0,Placed,Germany,4,1.5338621941374098,-0.01583779416907404,2,1,2,0.09006098930524706,-0.28549519127799955,2.0,1,1,1,0
S03701,5,0,25,35,3,3,2020.0,No,1,2023.0,Placed,Canada,7,-0.15578563211612545,0.6576167965980638,2,3,2,1.0653293574352556,3.6188888512806643,3.0,1,1,0,1
S02178,1,2,34,22,1,7,2023.0,No,1,2026.0,Not Placed,UK,9,-0.8785035087145754,-0.06228293835991124,3,0,2,0.9308095825207715,-0.28549519127799955,3.0,0,0,0,0
S02636,1,4,30,27,6,1,2019.0,Yes,0,2021.0,Not Placed,UK,9,-0.8785035087145754,-1.130521254749167,3,2,0,0.7962898076062874,-0.28549519127799955,2.0,0,0,1,0
S02570,8,1,49,0,7,6,2022.0,Yes,0,2025.0,Placed,Finland,6,0.08588277057924185,0.030607350021762136,5,0,1,1.0989593011638763,-0.28549519127799955,3.0,0,1,1,0
S03384,0,8,15,60,5,1,2022.0,Yes,0,2024.0,Placed,UK,0,1.032423920594395,-1.2930792594170966,2,1,1,0.32547059540559364,-0.5064980616115089,2.0,0,1,1,0
S04134,8,9,5,8,5,7,2023.0,No,0,2025.0,Placed,USA,7,1.7047613493398208,-1.2234115431308403,3,3,1,0.5945101452345617,-0.8380023671117728,2.0,0,1,0,0
S00586,7,3,47,31,0,5,2020.0,No,4,2023.0,Not Placed,UK,9,-0.8785035087145754,1.1685133826972731,4,0,3,-0.11171867306647898,-0.28549519127799955,3.0,0,0,0,0
S00364,6,1,46,43,1,5,2019.0,Yes,0,2022.0,Not Placed,UK,9,-0.8785035087145754,-0.5035118081728652,0,4,2,-0.11171867306647898,-0.28549519127799955,3.0,0,0,1,0
S01333,4,5,32,11,13,1,2020.0,No,2,2023.0,Not Placed,UK,9,-0.8785035087145754,-0.2712860872186792,5,1,0,0.25821070794835194,-0.28549519127799955,3.0,0,0,0,0
S00074,4,1,26,23,11,2,2023.0,Yes,3,2026.0,Placed,Finland,1,0.5730252223244319,0.4021685035484598,0,1,2,0.2918406516769728,-0.28549519127799955,3.0,1,1,1,0
S02935,9,7,12,10,4,7,2021.0,No,0,2024.0,Not Placed,UK,9,-0.8785035087145754,1.7258551129873196,4,4,2,0.45999037032007767,-0.28549519127799955,3.0,0,0,0,0
S03509,3,5,32,30,10,7,2020.0,No,4,2021.0,Placed,Russia,6,1.4120026372952614,-0.29450865931409725,4,4,3,1.0653293574352556,-0.28549519127799955,1.0,0,1,0,0
S02466,3,6,19,37,14,7,2021.0,Yes,0,2024.0,Not Placed,UK,9,-0.8785035087145754,-1.385969547798771,0,2,2,0.09006098930524706,-0.28549519127799955,3.0,0,0,1,0
S04948,6,2,45,68,0,1,2020.0,No,1,2021.0,Placed,Germany,9,1.513276210748542,0.5647265082163905,5,1,2,-0.010828841880616107,4.8344046381149655,1.0,0,1,0,0
S04010,6,9,35,5,14,2,2021.0,Yes,3,2022.0,Not Placed,UK,9,-0.8785035087145754,1.4007391036514591,4,0,2,-0.07808872933785782,-0.580165685056012,1.0,1,0,1,0
S02602,3,2,3,12,7,1,2019.0,No,4,2020.0,Not Placed,UK,9,-0.8785035087145754,1.6794099687964823,3,0,1,1.031699413706634,-0.28549519127799955,1.0,0,0,0,0
S00025,7,5,32,30,1,4,2020.0,No,0,2022.0,Placed,Russia,2,0.668383283309647,-1.339524403607934,4,3,0,0.7626598638776666,-0.28549519127799955,2.0,0,1,0,0
S04335,2,0,50,39,0,3,2022.0,No,3,2023.0,Placed,Canada,2,2.0702611463666916,-0.9447406779858181,1,1,0,-1.8941056906833906,-0.28549519127799955,1.0,1,1,0,1
S00001,1,5,32,24,4,3,2021.0,No,0,2024.0,Placed,Russia,9,-0.1604391685910036,1.5632971083193887,5,4,3,0.7290299201490454,0.6906008193616664,3.0,1,1,0,0
S02306,0,1,49,70,13,2,2019.0,No,2,2020.0,Not Placed,UK,9,-0.8785035087145754,0.913065089647669,1,3,0,-1.8941056906833906,-0.28549519127799955,1.0,1,0,0,0
S03767,8,6,23,62,11,7,2020.0,Yes,2,2022.0,Placed,South Africa,6,0.5224081539726851,0.7505070849797383,0,3,2,0.8299197513349084,-0.28549519127799955,2.0,0,1,1,0
S01642,8,5,24,19,9,3,2020.0,No,4,2021.0,Not Placed,UK,9,-0.8785035087145754,-0.41062151979119077,2,0,3,0.19095082049110992,-0.28549519127799955,1.0,1,0,0,0
S00967,2,7,43,2,4,3,2022.0,Yes,4,2023.0,Placed,UAE,5,1.4105631959280323,-1.385969547798771,1,2,1,0.12369093303386793,-0.28549519127799955,1.0,1,1,1,0
S01160,7,9,5,8,9,2,2022.0,Yes,1,2025.0,Placed,USA,2,-0.19612942714833184,0.3092782151667854,5,0,0,-1.8941056906833906,-0.8380023671117728,3.0,1,1,1,0
S01534,1,0,48,69,8,6,2022.0,Yes,2,2023.0,Not Placed,UK,9,-0.8785035087145754,-0.6428472407453758,0,3,2,0.02280110184800505,-0.5249149674726347,1.0,0,0,1,0
S04745,5,7,1,73,4,3,2021.0,No,2,2024.0,Not Placed,UK,9,-0.8785035087145754,1.4239616757468772,2,2,3,0.6953999764204246,-0.28549519127799955,3.0,1,0,0,0
S00906,0,4,13,45,11,0,2022.0,No,3,2023.0,Not Placed,UK,9,-0.8785035087145754,-1.339524403607934,4,2,1,0.42636042659145684,-0.28549519127799955,1.0,0,0,0,0
S02364,2,1,21,61,6,3,2019.0,No,0,2020.0,Not Placed,UK,9,-0.8785035087145754,0.5182813640255532,1,1,0,0.49362031404869855,0.966854407278553,1.0,1,0,0,0
S01670,2,4,18,33,10,4,2023.0,No,4,2024.0,Not Placed,UK,9,-0.8785035087145754,1.37751653155604,2,4,0,0.49362031404869855,-0.28549519127799955,1.0,0,0,0,0
S00308,6,7,1,20,5,1,2019.0,Yes,4,2022.0,Placed,UAE,6,0.4458022675112375,-1.2466341152262594,0,1,0,0.02280110184800505,-0.28549519127799955,3.0,0,1,1,0
S02145,2,5,41,38,5,0,2019.0,Yes,2,2020.0,Not Placed,UK,9,-0.8785035087145754,1.2614036710789476,1,0,3,-0.04445878560923697,-0.28549519127799955,1.0,0,0,1,0
S01245,4,9,35,5,6,5,2020.0,Yes,4,2021.0,Placed,USA,1,0.6614818520969039,-0.3641763756003536,3,0,0,-1.8941056906833906,-0.580165685056012,1.0,0,1,1,0
S03226,4,5,41,38,9,6,2021.0,Yes,3,2022.0,Placed,Russia,6,-0.03542467176588704,-0.039060366264493156,2,3,0,-1.8941056906833906,-0.28549519127799955,1.0,0,1,1,0
S01494,3,7,1,73,4,3,2021.0,Yes,3,2022.0,Not Placed,UK,9,-0.8785035087145754,1.4239616757468772,4,3,1,0.49362031404869855,-0.28549519127799955,1.0,1,0,1,0
S01483,3,2,34,22,14,4,2019.0,Yes,2,2020.0,Not Placed,UK,9,-0.8785035087145754,-0.8750729616995618,2,4,0,0.056431045576625906,-0.28549519127799955,1.0,0,0,1,0
S03897,3,7,12,29,14,2,2021.0,Yes,1,2023.0,Placed,UAE,3,1.7453220464958563,-1.4324146919896081,0,2,3,0.49362031404869855,-0.28549519127799955,2.0,1,1,1,0
S00326,9,4,10,50,8,4,2023.0,Yes,2,2024.0,Not Placed,UK,9,-0.8785035087145754,-0.6428472407453758,4,1,0,-0.178978560523721,-0.28549519127799955,1.0,0,0,1,0
S02515,3,4,30,27,9,1,2023.0,No,1,2026.0,Placed,Ireland,0,1.129852410943433,-1.1072986826537479,5,2,0,-0.14534861679509983,-0.28549519127799955,3.0,0,1,0,0
S02649,9,3,33,14,7,4,2020.0,Yes,3,2023.0,Placed,India,8,0.48381929430600484,1.3078488152697847,0,0,0,0.45999037032007767,-0.08290922680561606,3.0,0,1,1,0
S02339,4,6,14,63,9,3,2020.0,Yes,3,2022.0,Placed,South Africa,10,1.1662328126220356,1.354293959460622,1,3,3,0.32547059540559364,-0.28549519127799955,2.0,1,1,1,0
S03940,3,5,41,38,8,6,2020.0,Yes,4,2023.0,Not Placed,UK,9,-0.8785035087145754,-0.039060366264493156,0,3,0,0.8971796387921507,-0.28549519127799955,3.0,0,0,1,0
S00394,4,9,28,49,13,6,2019.0,Yes,3,2021.0,Not Placed,UK,9,-0.8785035087145754,1.7490776850827376,2,1,1,0.49362031404869855,-0.3407459088613769,2.0,0,0,1,0
S04242,3,9,28,49,7,1,2019.0,No,4,2021.0,Placed,USA,7,1.9245226375284523,0.8898425175522499,2,4,2,0.7290299201490454,-0.3407459088613769,2.0,0,1,0,0
S03485,3,1,17,1,0,6,2021.0,Yes,0,2022.0,Not Placed,UK,9,-0.8785035087145754,0.913065089647669,2,4,3,0.8299197513349084,0.8747698779729242,1.0,0,0,1,0
S00961,5,7,12,58,2,6,2023.0,Yes,3,2024.0,Not Placed,UK,9,-0.8785035087145754,0.7969522291705755,2,0,1,0.7962898076062874,-0.28549519127799955,1.0,0,0,1,0
S02737,2,1,17,1,2,7,2023.0,No,3,2024.0,Not Placed,UK,9,-0.8785035087145754,1.1685133826972731,2,0,3,0.8971796387921507,0.8747698779729242,1.0,0,0,0,0
S00555,0,3,33,14,3,3,2021.0,No,4,2023.0,Not Placed,UK,9,-0.8785035087145754,0.12349763840343654,1,1,3,0.9308095825207715,-0.08290922680561606,2.0,1,0,0,0
S03306,9,8,27,48,0,6,2020.0,No,4,2023.0,Placed,UK,10,1.2962360582952206,-1.641417840848375,3,1,2,0.056431045576625906,-0.7459178378061438,3.0,0,1,0,0
S04825,6,3,2,13,6,0,2023.0,No,0,2025.0,Placed,India,3,0.24518752134424449,1.122068238506436,1,0,0,0.5608802015059405,0.5800993841949118,2.0,0,1,0,0
S01239,0,7,1,20,12,0,2023.0,Yes,0,2024.0,Not Placed,UK,9,-0.8785035087145754,0.7272845128843202,2,0,1,0.19095082049110992,-0.28549519127799955,1.0,0,0,1,0
S00764,3,9,35,32,1,1,2022.0,No,1,2024.0,Not Placed,UK,9,-0.8785035087145754,1.122068238506436,0,4,1,0.9644395262493923,-0.1197430385278676,2.0,0,0,0,0
S00330,7,1,46,43,0,4,2022.0,Yes,4,2023.0,Placed,Finland,8,1.515563542236194,0.19316535468969287,5,0,3,-0.04445878560923697,-0.28549519127799955,1.0,0,1,1,0
S01658,3,1,46,43,7,0,2019.0,No,2,2021.0,Not Placed,UK,9,-0.8785035087145754,1.7026325408919005,5,1,2,0.09006098930524706,-0.28549519127799955,2.0,0,0,0,0
S04941,2,3,39,3,11,2,2021.0,Yes,3,2022.0,Not Placed,UK,9,-0.8785035087145754,-1.385969547798771,5,1,1,0.2245807642197308,-0.28549519127799955,1.0,1,0,1,0
S03043,0,9,35,32,6,2,2021.0,No,3,2023.0,Not Placed,UK,9,-0.8785035087145754,0.7272845128843202,2,0,0,-1.8941056906833906,-0.1197430385278676,2.0,1,0,0,0
S03474,1,5,24,19,2,3,2019.0,No,2,2022.0,Not Placed,UK,9,-0.8785035087145754,-1.0608535384629105,4,0,0,0.5272502577773197,-0.28549519127799955,3.0,1,0,0,0
S03483,8,6,19,37,10,0,2020.0,Yes,1,2021.0,Not Placed,UK,9,-0.8785035087145754,0.7505070849797383,4,4,3,1.031699413706634,-0.28549519127799955,1.0,0,0,1,0
S01418,4,5,32,4,12,1,2023.0,No,3,2026.0,Placed,Russia,6,0.7118622999499281,-0.5499569523637023,3,4,0,0.5608802015059405,-0.28549519127799955,3.0,0,1,0,0
S01422,7,0,25,35,2,7,2022.0,No,1,2025.0,Placed,Canada,11,1.3670447425379642,-0.921518105890399,5,0,1,-0.178978560523721,3.6188888512806643,3.0,0,1,0,1
S02077,0,1,17,1,1,6,2020.0,Yes,2,2022.0,Placed,Finland,3,1.6569640085978519,-0.24806351512326005,1,4,3,0.3927304828628357,0.8747698779729242,2.0,0,1,1,0
S04433,1,4,13,46,13,3,2023.0,No,0,2026.0,Not Placed,UK,9,-0.8785035087145754,0.6111716524072267,3,3,2,0.6281400889631826,1.279941806917691,3.0,1,0,0,0
S01838,2,1,46,43,14,3,2022.0,Yes,0,2025.0,Placed,Finland,11,1.6617752920718785,0.4950587919301342,3,0,3,0.5608802015059405,-0.28549519127799955,3.0,1,1,1,0
S01623,7,2,0,36,10,5,2020.0,No,4,2023.0,Not Placed,UK,9,-0.8785035087145754,-1.2001889710354223,0,1,0,0.1573208767624888,1.040522030723056,3.0,0,0,0,0
S00899,4,7,12,29,3,0,2023.0,Yes,1,2024.0,Not Placed,UK,9,-0.8785035087145754,-0.7125149570316321,1,3,0,0.19095082049110992,-0.28549519127799955,1.0,0,0,1,0
S02622,8,6,44,41,7,6,2019.0,No,3,2020.0,Not Placed,UK,9,-0.8785035087145754,-1.7110855571346315,1,0,1,0.45999037032007767,-0.28549519127799955,1.0,0,0,0,0
S04749,2,8,38,66,14,2,2021.0,No,3,2022.0,Placed,UK,3,1.4468252873572736,0.3092782151667854,5,0,2,0.25821070794835194,-0.8564192729728985,1.0,1,1,0,0
S02167,9,5,32,24,0,7,2019.0,Yes,3,2020.0,Placed,Russia,11,0.608064774510273,-1.5485275524667008,2,0,3,0.056431045576625906,0.6906008193616664,1.0,0,1,1,0
S00801,7,2,0,36,5,0,2023.0,Yes,3,2024.0,Placed,Germany,8,0.44515156113975035,0.7969522291705755,3,4,0,0.5945101452345617,1.040522030723056,1.0,0,1,1,0
S01918,5,1,49,0,7,3,2019.0,No,3,2022.0,Placed,Finland,6,0.48565310317110516,0.5647265082163905,3,3,1,-0.14534861679509983,-0.28549519127799955,3.0,1,1,0,0
S03035,1,5,24,19,2,6,2021.0,Yes,3,2023.0,Not Placed,UK,9,-0.8785035087145754,1.1917359547926911,0,4,0,-0.010828841880616107,-0.28549519127799955,2.0,0,0,1,0
S02170,9,2,3,42,7,0,2019.0,Yes,4,2021.0,Placed,Germany,10,1.8369533346261901,0.7505070849797383,3,2,2,0.42636042659145684,-0.28549519127799955,2.0,0,1,1,0
S02929,5,6,23,71,2,0,2021.0,No,1,2024.0,Placed,South Africa,7,1.8753450105439349,-0.7357375291270501,3,1,0,-1.8941056906833906,-0.28549519127799955,3.0,0,1,0,0
S02290,3,5,24,19,8,0,2020.0,No,4,2021.0,Placed,Russia,3,1.923655029033136,-0.22484094302784197,0,3,1,0.8635496950635292,-0.28549519127799955,1.0,0,1,0,0
S01157,4,6,23,71,0,6,2023.0,No,3,2024.0,Placed,South Africa,12,0.7015101531308136,0.16994278259427376,1,4,3,0.6953999764204246,-0.28549519127799955,1.0,0,1,0,0
S02723,3,8,29,64,7,2,2021.0,Yes,4,2022.0,Not Placed,UK,9,-0.8785035087145754,-1.0840761105583296,4,2,3,0.32547059540559364,-0.41441353230587996,1.0,1,0,1,0
S04656,1,2,45,68,4,5,2019.0,No,4,2021.0,Not Placed,UK,9,-0.8785035087145754,0.23961049888053007,3,3,3,0.9980694699780132,4.8344046381149655,2.0,0,0,0,0
S03165,5,4,10,50,12,5,2020.0,Yes,2,2023.0,Placed,Ireland,11,1.8753450105439349,1.7258551129873196,3,1,0,-1.8941056906833906,-0.28549519127799955,3.0,0,1,1,0
S04865,7,6,23,71,14,5,2023.0,Yes,1,2024.0,Placed,South Africa,8,0.5710731032099703,0.21638792678511096,3,2,2,0.1573208767624888,-0.28549519127799955,1.0,0,1,1,0
S02686,5,0,16,52,13,4,2021.0,No,1,2023.0,Placed,Canada,1,0.6166225492140742,-0.10872808255074845,0,3,1,0.3591005391342148,1.114189654167559,2.0,0,1,0,1
S01382,5,8,27,48,9,6,2023.0,Yes,4,2026.0,Not Placed,UK,9,-0.8785035087145754,0.9595102338385062,4,0,3,0.19095082049110992,-0.7459178378061438,3.0,0,0,1,0
S04884,9,7,12,26,3,6,2022.0,Yes,0,2025.0,Not Placed,UK,9,-0.8785035087145754,-0.06228293835991124,4,3,1,-0.07808872933785782,-0.28549519127799955,3.0,0,0,1,0
S01404,6,2,34,22,4,5,2020.0,Yes,2,2022.0,Not Placed,UK,9,-0.8785035087145754,1.1452908106018551,5,3,1,0.6281400889631826,-0.28549519127799955,2.0,0,0,1,0
S03057,2,5,32,11,4,1,2021.0,Yes,1,2024.0,Not Placed,UK,9,-0.8785035087145754,-0.7125149570316321,5,2,0,-1.8941056906833906,-0.28549519127799955,3.0,0,0,1,0
S02458,0,4,13,7,6,7,2020.0,No,0,2021.0,Not Placed,UK,9,-0.8785035087145754,0.16994278259427376,5,2,3,0.02280110184800505,-0.28549519127799955,1.0,0,0,0,0
S01499,6,4,13,46,4,4,2019.0,Yes,4,2022.0,Placed,Ireland,9,0.18648591928614164,0.44861364773929696,4,1,0,-0.07808872933785782,1.279941806917691,3.0,0,1,1,0
S02071,5,4,10,50,5,0,2022.0,No,1,2023.0,Not Placed,UK,9,-0.8785035087145754,0.7737296570751574,0,4,0,0.8299197513349084,-0.28549519127799955,1.0,0,0,0,0
S04257,8,9,42,40,0,1,2019.0,Yes,3,2020.0,Placed,USA,10,1.8598858046273905,0.10027506630801845,5,2,0,-1.8941056906833906,-0.819585461250647,1.0,0,1,1,0
S04705,5,7,12,29,2,4,2023.0,Yes,2,2025.0,Placed,UAE,7,1.903167637518736,1.0756230943155987,0,3,0,-1.8941056906833906,-0.28549519127799955,2.0,0,1,1,0
S02078,2,5,32,4,9,2,2023.0,No,4,2025.0,Placed,Russia,11,1.0651564229176904,1.3078488152697847,1,2,0,-1.8941056906833906,-0.28549519127799955,2.0,1,1,0,0
S04091,1,0,37,65,14,1,2020.0,Yes,3,2023.0,Not Placed,UK,9,-0.8785035087145754,-0.01583779416907404,2,4,1,-0.010828841880616107,-0.28549519127799955,3.0,0,0,1,0
S02558,9,0,25,35,14,6,2022.0,No,4,2025.0,Placed,Canada,6,0.12610825536208692,1.4936293920331336,2,4,3,-0.010828841880616107,3.6188888512806643,3.0,0,1,0,1
S00514,5,9,35,5,3,7,2021.0,Yes,1,2023.0,Not Placed,UK,9,-0.8785035087145754,-0.9447406779858181,4,4,0,-1.8941056906833906,-0.580165685056012,2.0,0,0,1,0
S04147,0,7,1,73,4,7,2019.0,Yes,1,2021.0,Not Placed,UK,9,-0.8785035087145754,0.8201748012659946,4,3,1,-0.11171867306647898,-0.28549519127799955,2.0,0,0,1,0
S02203,7,1,22,59,5,4,2022.0,Yes,3,2025.0,Placed,Finland,10,1.0154661181859406,0.9362876617430871,0,2,0,-1.8941056906833906,-0.28549519127799955,3.0,0,1,1,0
S03158,5,4,13,45,0,5,2022.0,Yes,0,2024.0,Placed,Ireland,11,0.7272031956171111,-1.4324146919896081,0,4,3,0.42636042659145684,-0.28549519127799955,2.0,0,1,1,0
S01957,1,4,10,50,7,5,2019.0,No,1,2021.0,Not Placed,UK,9,-0.8785035087145754,1.37751653155604,5,3,2,0.3591005391342148,-0.28549519127799955,2.0,0,0,0,0
S01785,3,7,1,20,5,3,2022.0,No,1,2024.0,Placed,UAE,11,1.4509464277100257,1.4471842478422963,1,3,2,0.2918406516769728,-0.28549519127799955,2.0,1,1,0,0
S02191,2,5,41,38,12,4,2020.0,No,4,2022.0,Placed,Russia,7,1.1919061367334396,0.07705249421259934,1,1,2,0.9308095825207715,-0.28549519127799955,2.0,0,1,0,0
S01123,8,3,11,15,1,4,2019.0,No,1,2022.0,Not Placed,UK,9,-0.8785035087145754,1.5632971083193887,1,0,1,0.7962898076062874,2.348122346862986,3.0,0,0,0,0
S03087,6,1,22,59,11,0,2022.0,No,1,2023.0,Not Placed,UK,9,-0.8785035087145754,0.26283307097594816,3,3,0,-1.8941056906833906,-0.28549519127799955,1.0,0,0,0,0
S01836,3,8,38,66,14,4,2022.0,Yes,4,2023.0,Not Placed,UK,9,-0.8785035087145754,0.6808393686934829,2,2,0,-1.8941056906833906,-0.8564192729728985,1.0,0,0,1,0
S03708,8,5,32,30,3,7,2020.0,No,2,2021.0,Placed,Russia,1,1.3595911968282015,-0.8518503896041437,0,2,3,1.031699413706634,-0.28549519127799955,1.0,0,1,0,0
S02422,2,7,1,20,8,1,2023.0,Yes,4,2024.0,Not Placed,UK,9,-0.8785035087145754,0.4253910756438789,4,1,3,0.42636042659145684,-0.28549519127799955,1.0,0,0,1,0
S02212,2,0,48,69,8,2,2021.0,No,1,2022.0,Not Placed,UK,9,-0.8785035087145754,0.6343942245026458,0,1,1,0.5272502577773197,-0.5249149674726347,1.0,1,0,0,0
S01872,7,9,5,25,4,5,2020.0,No,1,2022.0,Not Placed,UK,9,-0.8785035087145754,-0.5499569523637023,4,0,1,0.42636042659145684,-0.8932530846951501,2.0,0,0,0,0
S03769,9,0,37,65,10,5,2023.0,No,3,2024.0,Placed,Canada,4,0.6469691281752501,1.2846262431743656,2,3,1,0.5945101452345617,-0.28549519127799955,1.0,0,1,0,1
S01373,2,5,32,30,5,1,2023.0,Yes,4,2024.0,Not Placed,UK,9,-0.8785035087145754,0.28605564307136727,3,0,1,0.8971796387921507,-0.28549519127799955,1.0,0,0,1,0
S02392,2,1,49,70,4,7,2023.0,Yes,1,2024.0,Placed,Finland,0,1.1752835466981757,-0.5267343802682832,0,1,1,0.09006098930524706,-0.28549519127799955,1.0,0,1,1,0
S01828,1,7,12,29,0,2,2021.0,No,1,2022.0,Not Placed,UK,9,-0.8785035087145754,1.4471842478422963,5,3,3,0.3927304828628357,-0.28549519127799955,1.0,1,0,0,0
S03353,6,9,42,47,1,2,2023.0,No,4,2026.0,Not Placed,UK,9,-0.8785035087145754,0.6111716524072267,2,3,1,0.42636042659145684,-0.7275009319450181,3.0,1,0,0,0
S03132,8,3,11,6,13,6,2021.0,Yes,2,2022.0,Not Placed,UK,9,-0.8785035087145754,-0.8286278175087246,5,1,3,0.42636042659145684,-0.28549519127799955,1.0,0,0,1,0
S04453,0,5,41,38,13,3,2023.0,No,0,2025.0,Placed,Russia,9,0.02976427563219425,0.4950587919301342,0,1,1,0.3591005391342148,-0.28549519127799955,2.0,1,1,0,0
S04957,9,7,12,26,10,2,2021.0,Yes,2,2024.0,Placed,UAE,1,0.41551484367474245,0.8201748012659946,0,1,3,-0.07808872933785782,-0.28549519127799955,3.0,1,1,1,0
S00420,2,3,8,16,2,0,2020.0,Yes,2,2021.0,Placed,India,5,0.9054770230297103,0.6808393686934829,2,4,1,0.9980694699780132,-0.28549519127799955,1.0,0,1,1,0
S04220,2,8,15,60,8,4,2022.0,No,3,2024.0,Placed,UK,11,1.4126139069169616,-0.15517322674158565,5,3,0,1.0653293574352556,-0.5064980616115089,2.0,0,1,0,0
S00674,5,4,13,7,1,5,2023.0,Yes,2,2025.0,Not Placed,UK,9,-0.8785035087145754,1.37751653155604,5,1,0,0.5272502577773197,-0.28549519127799955,2.0,0,0,1,0
S04489,2,4,13,45,1,4,2020.0,No,1,2022.0,Placed,Ireland,12,-0.20628439021851086,-0.5267343802682832,1,4,1,0.6281400889631826,-0.28549519127799955,2.0,0,1,0,0
S04819,7,8,15,60,5,1,2023.0,No,1,2025.0,Placed,UK,1,1.4378928635304946,1.354293959460622,0,2,2,0.6953999764204246,-0.5064980616115089,2.0,0,1,0,0
S03511,1,3,11,6,11,4,2022.0,Yes,1,2023.0,Placed,India,4,0.6203098853191684,1.4007391036514591,1,4,0,-1.8941056906833906,-0.28549519127799955,1.0,0,1,1,0
S00694,9,2,20,9,14,1,2023.0,Yes,2,2025.0,Placed,Germany,2,0.4794812518294235,0.5647265082163905,2,1,0,-1.8941056906833906,-0.28549519127799955,2.0,0,1,1,0
S00709,5,6,23,62,6,6,2023.0,Yes,4,2026.0,Placed,South Africa,7,1.9137761232114667,1.4471842478422963,3,4,3,0.6281400889631826,-0.28549519127799955,3.0,0,1,1,0
S02681,3,6,14,63,12,7,2019.0,No,4,2021.0,Not Placed,UK,9,-0.8785035087145754,0.10027506630801845,0,3,0,-0.04445878560923697,-0.28549519127799955,2.0,0,0,0,0
S02577,8,6,19,37,12,3,2021.0,Yes,2,2023.0,Not Placed,UK,9,-0.8785035087145754,0.23961049888053007,3,0,3,0.8299197513349084,-0.28549519127799955,2.0,1,0,1,0
S01590,1,7,12,10,6,3,2022.0,No,1,2024.0,Not Placed,UK,9,-0.8785035087145754,-1.362746975703352,1,1,0,0.6617700326918035,-0.28549519127799955,2.0,1,0,0,0
S00566,5,6,19,37,7,1,2019.0,No,4,2020.0,Not Placed,UK,9,-0.8785035087145754,0.5647265082163905,0,1,2,-0.04445878560923697,-0.28549519127799955,1.0,0,0,0,0
S03490,1,6,44,41,8,1,2021.0,No,3,2022.0,Placed,South Africa,0,0.2724777521969198,1.2381810989835285,0,2,3,0.8635496950635292,-0.28549519127799955,1.0,0,1,0,0
S04890,6,1,46,43,9,3,2021.0,No,2,2022.0,Placed,Finland,4,1.377416607731972,-0.3409538035049345,1,4,0,-1.8941056906833906,-0.28549519127799955,1.0,1,1,0,0
S00116,9,5,36,34,6,4,2022.0,Yes,1,2023.0,Placed,Russia,8,1.0676606565291715,1.3078488152697847,0,0,3,0.2918406516769728,-0.28549519127799955,1.0,0,1,1,0
S00090,9,8,6,55,5,1,2022.0,No,2,2023.0,Not Placed,UK,9,-0.8785035087145754,-0.9911858221766553,2,2,1,0.25821070794835194,-0.8748361788340243,1.0,0,0,0,0
S01522,9,0,31,28,5,2,2022.0,No,0,2024.0,Placed,Canada,3,0.27835382791519814,-0.15517322674158565,2,3,0,0.5945101452345617,-0.41441353230587996,2.0,1,1,0,1
S03703,0,4,13,7,1,5,2023.0,Yes,1,2024.0,Placed,Ireland,7,0.8324401624239955,-0.689292384936213,3,0,1,0.6953999764204246,-0.28549519127799955,1.0,0,1,1,0
S00787,8,1,49,70,1,6,2019.0,Yes,4,2020.0,Not Placed,UK,9,-0.8785035087145754,-0.457066663982028,3,3,3,-0.21260850425234185,-0.28549519127799955,1.0,0,0,1,0
S02529,0,3,2,13,11,3,2023.0,No,2,2025.0,Placed,India,3,-0.08491779274870133,-0.31773123140951637,3,3,0,0.5272502577773197,0.5800993841949118,2.0,1,1,0,0
S01972,4,1,22,59,2,5,2019.0,No,1,2020.0,Placed,Finland,10,0.962206787598458,-0.8286278175087246,1,3,0,-0.178978560523721,-0.28549519127799955,1.0,0,1,0,0
S04270,8,2,0,36,7,1,2020.0,Yes,3,2022.0,Placed,Germany,0,1.4938536114783938,1.2149585268881102,1,2,3,0.32547059540559364,1.040522030723056,2.0,0,1,1,0
S02511,5,0,37,65,4,0,2021.0,No,3,2023.0,Placed,Canada,8,1.0025308642557709,-1.6878629850392124,4,1,3,-0.14534861679509983,-0.28549519127799955,2.0,0,1,0,1
S03077,5,9,9,57,13,4,2021.0,No,4,2023.0,Not Placed,UK,9,-0.8785035087145754,1.1685133826972731,5,2,1,0.8971796387921507,-0.5617487791948862,2.0,0,0,0,0
S03323,0,1,46,43,13,6,2022.0,No,3,2024.0,Placed,Finland,3,-0.22633797748525275,-0.3409538035049345,5,0,1,0.3927304828628357,-0.28549519127799955,2.0,0,1,0,0
S02399,7,3,11,15,0,0,2020.0,Yes,3,2021.0,Not Placed,UK,9,-0.8785035087145754,0.8898425175522499,0,0,2,0.9980694699780132,2.348122346862986,1.0,0,0,1,0
S02172,1,7,12,58,4,6,2021.0,No,0,2023.0,Placed,UAE,6,1.364501072176696,-0.6428472407453758,5,1,2,0.7290299201490454,-0.28549519127799955,2.0,0,1,0,0
S00265,3,9,42,40,10,6,2022.0,Yes,2,2023.0,Not Placed,UK,9,-0.8785035087145754,-0.5731795244591205,2,0,3,-0.010828841880616107,-0.819585461250647,1.0,0,0,1,0
S03453,0,2,20,9,9,2,2022.0,No,1,2025.0,Placed,Germany,9,0.6603184679781844,-0.3641763756003536,3,2,3,0.3927304828628357,-0.28549519127799955,3.0,1,1,0,0
S00818,7,8,27,48,1,2,2020.0,Yes,0,2021.0,Not Placed,UK,9,-0.8785035087145754,-0.7821826733178874,3,4,2,0.6617700326918035,-0.7459178378061438,1.0,1,0,1,0
S00369,4,5,24,19,1,7,2020.0,Yes,0,2021.0,Placed,Russia,10,0.16337598391089928,-1.0376309663674925,5,4,3,-0.04445878560923697,-0.28549519127799955,1.0,0,1,1,0
S00462,1,5,32,11,9,7,2020.0,Yes,0,2021.0,Not Placed,UK,9,-0.8785035087145754,-0.10872808255074845,3,0,0,0.09006098930524706,-0.28549519127799955,1.0,0,0,1,0
S00513,7,5,24,19,3,3,2023.0,Yes,2,2024.0,Placed,Russia,9,1.70831065682066,0.4021685035484598,5,0,2,0.5272502577773197,-0.28549519127799955,1.0,1,1,1,0
S04983,3,7,12,29,4,3,2020.0,No,1,2021.0,Not Placed,UK,9,-0.8785035087145754,-0.7357375291270501,0,0,0,-1.8941056906833906,-0.28549519127799955,1.0,1,0,0,0
S01504,3,4,13,46,7,2,2021.0,Yes,4,2023.0,Placed,Ireland,9,1.9195338886803839,-0.5499569523637023,0,1,1,0.42636042659145684,1.279941806917691,2.0,1,1,1,0
S00161,3,2,20,9,1,0,2023.0,Yes,2,2024.0,Not Placed,UK,9,-0.8785035087145754,0.3092782151667854,2,3,0,0.9308095825207715,-0.28549519127799955,1.0,0,0,1,0
S02426,2,5,32,11,1,0,2021.0,Yes,3,2022.0,Placed,Russia,2,0.34385826931157626,-1.0608535384629105,4,4,1,-0.010828841880616107,-0.28549519127799955,1.0,0,1,1,0
S01392,0,9,35,32,12,5,2021.0,Yes,0,2024.0,Not Placed,UK,9,-0.8785035087145754,0.28605564307136727,1,1,0,-1.8941056906833906,-0.1197430385278676,3.0,0,0,1,0
S02307,0,5,32,4,4,6,2023.0,Yes,0,2025.0,Placed,Russia,11,0.758910342445942,1.3078488152697847,0,2,0,0.32547059540559364,-0.28549519127799955,2.0,0,1,1,0
S00797,7,8,27,21,0,5,2022.0,Yes,1,2024.0,Not Placed,UK,9,-0.8785035087145754,-0.10872808255074845,4,1,2,-0.11171867306647898,-0.35916281472250267,2.0,0,0,1,0
S03364,4,3,11,6,10,3,2020.0,Yes,0,2022.0,Placed,India,2,0.40366410036371797,-1.4556372640850264,5,0,0,-0.14534861679509983,-0.28549519127799955,2.0,1,1,1,0
S04364,7,4,13,45,8,6,2021.0,No,3,2022.0,Placed,Ireland,7,-0.25757188331663833,1.4936293920331336,1,0,0,1.0653293574352556,-0.28549519127799955,1.0,0,1,0,0
S00092,2,5,32,30,14,5,2022.0,No,0,2023.0,Placed,Russia,12,1.7671502875030178,-0.06228293835991124,3,4,1,0.5272502577773197,-0.28549519127799955,1.0,0,1,0,0
S02033,9,1,46,43,5,1,2021.0,Yes,3,2023.0,Placed,Finland,0,1.2691232928165872,1.4007391036514591,4,4,0,0.49362031404869855,-0.28549519127799955,2.0,0,1,1,0
S04613,9,6,23,71,14,3,2020.0,Yes,3,2023.0,Not Placed,UK,9,-0.8785035087145754,1.0059553780293433,0,1,1,-0.07808872933785782,-0.28549519127799955,3.0,1,0,1,0
S03349,5,2,34,44,12,0,2019.0,No,1,2020.0,Not Placed,UK,9,-0.8785035087145754,-0.039060366264493156,3,3,0,0.5272502577773197,-0.08290922680561606,1.0,0,0,0,0
S01048,9,8,27,48,6,5,2019.0,Yes,2,2021.0,Not Placed,UK,9,-0.8785035087145754,-0.689292384936213,1,2,0,0.32547059540559364,-0.7459178378061438,2.0,0,0,1,0
S00195,3,1,17,1,8,4,2022.0,Yes,4,2024.0,Placed,Finland,10,1.472261990969955,-0.2712860872186792,4,2,3,0.7290299201490454,0.8747698779729242,2.0,0,1,1,0
S02564,2,1,21,61,13,7,2021.0,No,2,2023.0,Placed,Finland,6,0.06062353234060236,1.6329648246056452,2,4,2,0.1573208767624888,0.966854407278553,2.0,0,1,0,0
S03823,0,4,13,45,10,5,2021.0,No,2,2024.0,Placed,Ireland,6,-0.18948433480920499,1.4936293920331336,3,3,1,0.6953999764204246,-0.28549519127799955,3.0,0,1,0,0
S02560,8,2,0,36,14,7,2022.0,Yes,1,2023.0,Placed,Germany,7,0.2959623366951396,-0.921518105890399,0,1,2,0.7626598638776666,1.040522030723056,1.0,0,1,1,0
S00835,0,2,34,44,4,6,2023.0,Yes,1,2025.0,Not Placed,UK,9,-0.8785035087145754,1.6329648246056452,1,2,3,0.12369093303386793,-0.08290922680561606,2.0,0,0,1,0
S03255,0,2,45,68,11,2,2023.0,Yes,2,2025.0,Placed,Germany,1,1.2743092254135913,-1.1769663989400032,5,4,1,0.6281400889631826,4.8344046381149655,2.0,1,1,1,0
S04454,4,5,32,30,5,3,2020.0,Yes,2,2022.0,Not Placed,UK,9,-0.8785035087145754,0.26283307097594816,2,1,0,0.02280110184800505,-0.28549519127799955,2.0,1,0,1,0
S01984,4,6,7,56,12,2,2019.0,Yes,2,2021.0,Not Placed,UK,9,-0.8785035087145754,1.5400745362239707,1,1,3,0.25821070794835194,3.195300016474772,2.0,1,0,1,0
S04138,9,2,3,12,8,0,2019.0,No,1,2022.0,Not Placed,UK,9,-0.8785035087145754,-0.921518105890399,2,4,3,-0.07808872933785782,-0.28549519127799955,3.0,0,0,0,0
S01296,9,1,49,70,0,6,2022.0,Yes,3,2025.0,Placed,Finland,6,-0.106036172259695,-1.2466341152262594,1,2,2,-0.07808872933785782,-0.28549519127799955,3.0,0,1,1,0
S02782,0,8,4,53,6,7,2020.0,No,2,2023.0,Not Placed,UK,9,-0.8785035087145754,-0.10872808255074845,5,0,0,-1.8941056906833906,0.6353501017782891,3.0,0,0,0,0
S04133,3,2,34,44,6,4,2021.0,No,0,2022.0,Not Placed,UK,9,-0.8785035087145754,-0.9447406779858181,4,0,1,-0.07808872933785782,-0.08290922680561606,1.0,0,0,0,0
S04081,9,7,1,20,8,0,2020.0,No,3,2021.0,Placed,UAE,7,0.9820631911162644,0.44861364773929696,0,2,0,-1.8941056906833906,-0.28549519127799955,1.0,0,1,0,0
S02590,3,1,26,23,5,7,2023.0,Yes,2,2025.0,Placed,Finland,6,0.9069361827718332,1.7490776850827376,5,4,2,0.32547059540559364,-0.28549519127799955,2.0,0,1,1,0
S04830,8,0,50,39,1,0,2022.0,Yes,4,2025.0,Placed,Canada,7,0.9163812843458443,0.10027506630801845,1,2,2,0.25821070794835194,-0.28549519127799955,3.0,0,1,1,1
S01710,3,0,48,69,1,5,2022.0,Yes,2,2024.0,Not Placed,UK,9,-0.8785035087145754,-0.17839579883700477,1,2,2,0.02280110184800505,-0.5249149674726347,2.0,0,0,1,0
S02404,8,2,20,9,4,7,2019.0,Yes,3,2020.0,Not Placed,UK,9,-0.8785035087145754,0.07705249421259934,4,3,0,0.45999037032007767,-0.28549519127799955,1.0,0,0,1,0
S01956,9,0,16,52,12,5,2023.0,Yes,2,2024.0,Placed,Canada,6,1.1252974663430226,-0.3641763756003536,4,4,0,0.32547059540559364,1.114189654167559,1.0,0,1,1,1
S00303,3,2,20,9,11,7,2023.0,Yes,3,2026.0,Not Placed,UK,9,-0.8785035087145754,1.2846262431743656,0,0,1,0.6953999764204246,-0.28549519127799955,3.0,0,0,1,0
S00501,6,7,1,20,13,4,2023.0,No,4,2024.0,Not Placed,UK,9,-0.8785035087145754,-0.457066663982028,0,2,2,1.031699413706634,-0.28549519127799955,1.0,0,0,0,0
S01458,9,2,20,9,1,7,2022.0,No,0,2023.0,Not Placed,UK,9,-0.8785035087145754,-1.2234115431308403,5,4,3,0.9644395262493923,-0.28549519127799955,1.0,0,0,0,0
S00969,9,6,19,37,14,7,2023.0,Yes,0,2025.0,Not Placed,UK,9,-0.8785035087145754,-0.22484094302784197,3,2,0,-1.8941056906833906,-0.28549519127799955,2.0,0,0,1,0
S00528,4,6,19,37,2,2,2023.0,Yes,4,2026.0,Placed,South Africa,3,0.5200813857352461,-0.5731795244591205,3,3,1,0.8971796387921507,-0.28549519127799955,3.0,1,1,1,0
S04837,5,4,30,27,10,3,2020.0,Yes,0,2021.0,Not Placed,UK,9,-0.8785035087145754,-1.362746975703352,1,3,0,-1.8941056906833906,-0.28549519127799955,1.0,1,0,1,0
S01229,9,5,36,34,3,5,2023.0,No,0,2024.0,Not Placed,UK,9,-0.8785035087145754,0.913065089647669,2,1,1,1.0989593011638763,-0.28549519127799955,1.0,0,0,0,0
S04853,5,1,21,61,5,4,2021.0,No,4,2024.0,Placed,Finland,4,2.051469535093137,0.4253910756438789,3,1,0,-1.8941056906833906,0.966854407278553,3.0,0,1,0,0
S01789,9,7,12,10,7,1,2019.0,Yes,4,2021.0,Not Placed,UK,9,-0.8785035087145754,-0.5964020965545386,3,3,3,0.1573208767624888,-0.28549519127799955,2.0,0,0,1,0
S04522,3,4,30,27,4,0,2021.0,No,0,2024.0,Not Placed,UK,9,-0.8785035087145754,0.3789459314530417,1,3,3,0.056431045576625906,-0.28549519127799955,3.0,0,0,0,0
S00075,9,7,12,58,6,2,2021.0,Yes,4,2023.0,Not Placed,UK,9,-0.8785035087145754,-1.5020824082758635,3,0,0,-1.8941056906833906,-0.28549519127799955,2.0,1,0,1,0
S03871,9,0,27,72,4,1,2021.0,Yes,1,2024.0,Placed,Canada,0,1.8540097289091122,0.7272845128843202,4,4,0,0.9980694699780132,1.611446112417955,3.0,0,1,1,1
S01149,4,5,24,19,11,2,2019.0,No,2,2021.0,Placed,Russia,9,1.4499013538406675,0.3092782151667854,1,2,3,0.9644395262493923,-0.28549519127799955,2.0,1,1,0,0
S01938,2,0,50,54,7,3,2019.0,No,1,2022.0,Not Placed,UK,9,-0.8785035087145754,-0.41062151979119077,2,1,1,0.09006098930524706,-0.28549519127799955,3.0,1,0,0,0
S00631,0,8,27,17,0,3,2023.0,No,3,2026.0,Not Placed,UK,9,-0.8785035087145754,1.609742252510226,5,4,0,0.25821070794835194,-0.8011685553895213,3.0,1,0,0,0
S03187,5,4,10,50,9,0,2020.0,Yes,4,2023.0,Not Placed,UK,9,-0.8785035087145754,-0.01583779416907404,5,2,3,0.5945101452345617,-0.28549519127799955,3.0,0,0,1,0
S02127,3,0,25,35,12,2,2022.0,Yes,3,2023.0,Placed,Canada,3,1.880964747388597,-0.06228293835991124,1,0,0,0.7626598638776666,3.6188888512806643,1.0,1,1,1,1
S03248,5,1,49,0,9,1,2021.0,No,2,2023.0,Not Placed,UK,9,-0.8785035087145754,-1.1769663989400032,3,0,1,0.8635496950635292,-0.28549519127799955,2.0,0,0,0,0
S01672,0,6,23,71,2,5,2022.0,Yes,0,2023.0,Placed,South Africa,4,1.0491451025041267,1.4936293920331336,3,3,2,0.3591005391342148,-0.28549519127799955,1.0,0,1,1,0
S01375,0,4,10,50,7,1,2020.0,No,1,2023.0,Placed,Ireland,3,1.4790056751835496,-0.3641763756003536,4,4,0,-1.8941056906833906,-0.28549519127799955,3.0,0,1,0,0
S03269,3,1,46,43,2,1,2023.0,No,3,2024.0,Not Placed,UK,9,-0.8785035087145754,1.2149585268881102,3,4,0,0.25821070794835194,-0.28549519127799955,1.0,0,0,0,0
S01935,2,9,9,57,8,0,2020.0,Yes,3,2023.0,Not Placed,UK,9,-0.8785035087145754,0.7505070849797383,3,0,1,-0.07808872933785782,-0.5617487791948862,3.0,0,0,1,0
S00684,2,5,32,30,9,1,2022.0,No,0,2025.0,Placed,Russia,11,1.369154608651574,1.0524005222201807,5,4,0,0.9980694699780132,-0.28549519127799955,3.0,0,1,0,0
S02642,2,3,11,18,8,0,2019.0,No,2,2021.0,Placed,India,10,-0.07888397003127456,-1.5020824082758635,0,0,2,-0.07808872933785782,-0.28549519127799955,2.0,0,1,0,0
S01307,3,6,19,37,8,6,2021.0,No,0,2023.0,Not Placed,UK,9,-0.8785035087145754,-0.08550551045533036,5,3,2,0.9644395262493923,-0.28549519127799955,2.0,0,0,0,0
S03512,6,0,25,35,4,4,2022.0,No,0,2024.0,Not Placed,UK,9,-0.8785035087145754,0.19316535468969287,1,3,3,-0.010828841880616107,3.6188888512806643,2.0,0,0,0,0
S04083,6,0,50,54,1,7,2022.0,No,1,2023.0,Not Placed,UK,9,-0.8785035087145754,-0.4338440918866089,0,1,0,-1.8941056906833906,-0.28549519127799955,1.0,0,0,0,0
S02554,2,5,32,30,6,6,2019.0,No,0,2022.0,Not Placed,UK,9,-0.8785035087145754,-0.8054052454133065,4,0,1,0.6281400889631826,-0.28549519127799955,3.0,0,0,0,0
S04140,6,5,32,30,9,6,2023.0,No,2,2024.0,Placed,Russia,3,0.8868431587553042,-0.22484094302784197,3,4,0,0.5945101452345617,-0.28549519127799955,1.0,0,1,0,0
S00706,6,9,35,5,12,4,2022.0,Yes,2,2025.0,Placed,USA,11,-0.25057186022942757,-0.5964020965545386,3,0,3,0.6281400889631826,-0.580165685056012,3.0,0,1,1,0
S03803,7,2,3,42,3,5,2020.0,Yes,0,2022.0,Not Placed,UK,9,-0.8785035087145754,-1.385969547798771,3,2,2,0.45999037032007767,-0.28549519127799955,2.0,0,0,1,0
S00779,1,5,32,24,5,1,2023.0,Yes,4,2026.0,Not Placed,UK,9,-0.8785035087145754,-1.153743826844585,1,4,3,-0.07808872933785782,0.6906008193616664,3.0,0,0,1,0
S03461,5,1,46,43,1,6,2023.0,Yes,1,2025.0,Placed,Finland,11,-0.049897958937753846,-0.5731795244591205,4,0,2,0.8299197513349084,-0.28549519127799955,2.0,0,1,1,0
S02353,3,1,49,0,0,5,2019.0,No,2,2020.0,Not Placed,UK,9,-0.8785035087145754,1.1917359547926911,0,0,2,0.45999037032007767,-0.28549519127799955,1.0,0,0,0,0
S03916,9,7,12,26,0,6,2019.0,No,2,2022.0,Placed,UAE,10,0.9408912243385289,1.0988456664110178,4,4,0,-0.14534861679509983,-0.28549519127799955,3.0,0,1,0,0
S02493,5,2,34,44,6,2,2023.0,No,1,2026.0,Placed,Germany,12,1.1348017230417144,1.0988456664110178,0,1,0,-1.8941056906833906,-0.08290922680561606,3.0,1,1,0,0
S00078,1,7,12,29,6,3,2023.0,Yes,0,2025.0,Not Placed,UK,9,-0.8785035087145754,-0.15517322674158565,5,0,3,0.2245807642197308,-0.28549519127799955,2.0,1,0,1,0
S01405,8,1,46,43,12,0,2019.0,No,0,2022.0,Not Placed,UK,9,-0.8785035087145754,1.0524005222201807,5,4,0,0.6281400889631826,-0.28549519127799955,3.0,0,0,0,0
S02283,5,3,11,18,7,0,2021.0,No,3,2022.0,Placed,India,3,0.7330989897102831,0.5879490803118086,0,3,0,0.5945101452345617,-0.28549519127799955,1.0,0,1,0,0
S04565,0,7,12,29,13,4,2020.0,Yes,3,2022.0,Not Placed,UK,9,-0.8785035087145754,1.4704068199377145,5,1,3,0.3591005391342148,-0.28549519127799955,2.0,0,0,1,0
S04991,1,8,15,60,11,7,2019.0,No,0,2020.0,Placed,UK,9,0.8371922907733415,0.7272845128843202,2,0,3,0.5272502577773197,-0.5064980616115089,1.0,0,1,0,0
S02095,0,2,3,12,11,1,2020.0,Yes,4,2023.0,Not Placed,UK,9,-0.8785035087145754,0.8898425175522499,2,2,3,0.9980694699780132,-0.28549519127799955,3.0,0,0,1,0
S03135,6,3,39,3,9,7,2022.0,No,1,2025.0,Placed,India,1,0.5001855454676526,-1.385969547798771,2,3,3,-0.178978560523721,-0.28549519127799955,3.0,0,1,0,0
S01632,1,0,16,52,8,2,2022.0,Yes,3,2023.0,Placed,Canada,4,-0.03905285274630052,-0.38739894769577166,4,4,2,0.2245807642197308,1.114189654167559,1.0,1,1,1,1
S02933,9,6,19,37,8,0,2022.0,No,3,2025.0,Placed,South Africa,8,0.6482311041684373,-1.641417840848375,5,4,3,1.031699413706634,-0.28549519127799955,3.0,0,1,0,0
S01450,0,4,18,33,9,3,2023.0,Yes,2,2025.0,Placed,Ireland,1,1.2943036575556526,-0.8518503896041437,0,2,0,1.031699413706634,-0.28549519127799955,2.0,1,1,1,0
S02114,7,8,27,21,0,6,2023.0,Yes,0,2026.0,Placed,UK,9,0.8523162843166955,-1.4556372640850264,0,2,3,0.8299197513349084,-0.35916281472250267,3.0,0,1,1,0
S00652,1,5,32,11,1,1,2021.0,No,2,2023.0,Placed,Russia,9,-0.2677268463868174,-0.31773123140951637,4,0,2,0.7290299201490454,-0.28549519127799955,2.0,0,1,0,0
S00374,4,5,32,11,12,2,2022.0,Yes,4,2025.0,Placed,Russia,8,-0.1635349534492912,0.19316535468969287,2,3,1,0.2918406516769728,-0.28549519127799955,3.0,1,1,1,0
S02335,7,8,27,17,3,7,2022.0,No,2,2025.0,Not Placed,UK,9,-0.8785035087145754,1.2846262431743656,5,2,2,0.7962898076062874,-0.8011685553895213,3.0,0,0,0,0
S02940,9,0,25,35,10,2,2023.0,Yes,0,2025.0,Placed,Canada,9,1.9507086393870887,-1.2698566873216774,5,0,1,0.19095082049110992,3.6188888512806643,2.0,1,1,1,1
S02059,5,7,1,73,13,2,2019.0,Yes,1,2022.0,Not Placed,UK,9,-0.8785035087145754,1.4471842478422963,0,4,0,-1.8941056906833906,-0.28549519127799955,3.0,1,0,1,0
S03322,2,4,13,45,13,0,2020.0,Yes,0,2021.0,Not Placed,UK,9,-0.8785035087145754,-0.38739894769577166,0,3,0,-0.010828841880616107,-0.28549519127799955,1.0,0,0,1,0
S02505,2,0,50,39,11,6,2020.0,No,2,2023.0,Not Placed,UK,9,-0.8785035087145754,-1.2001889710354223,5,3,0,0.5608802015059405,-0.28549519127799955,3.0,0,0,0,0
S01467,1,3,11,6,10,3,2023.0,No,1,2026.0,Not Placed,UK,9,-0.8785035087145754,-1.57175012456212,1,4,2,-0.04445878560923697,-0.28549519127799955,3.0,1,0,0,0
S00272,2,8,6,55,12,1,2022.0,Yes,1,2024.0,Not Placed,UK,9,-0.8785035087145754,1.354293959460622,0,2,0,0.6281400889631826,-0.8748361788340243,2.0,0,0,1,0
S00081,2,3,39,3,14,5,2023.0,No,3,2026.0,Placed,India,12,0.9405165752155513,-0.3641763756003536,1,1,0,0.6953999764204246,-0.28549519127799955,3.0,0,1,0,0
S02895,4,8,27,48,2,0,2021.0,No,2,2024.0,Placed,UK,7,1.9921961001631212,-0.7125149570316321,0,3,0,-1.8941056906833906,-0.7459178378061438,3.0,0,1,0,0
S03484,7,5,32,30,0,7,2019.0,Yes,3,2020.0,Placed,Russia,10,-0.1370137392174644,-1.7110855571346315,5,0,1,-0.010828841880616107,-0.28549519127799955,1.0,0,1,1,0
S01661,7,2,34,22,10,7,2020.0,Yes,1,2023.0,Not Placed,UK,9,-0.8785035087145754,-0.7357375291270501,0,0,1,0.5608802015059405,-0.28549519127799955,3.0,0,0,1,0
S00219,1,2,3,42,11,0,2023.0,No,0,2024.0,Placed,Germany,2,0.04534179179809994,-0.31773123140951637,2,1,0,-1.8941056906833906,-0.28549519127799955,1.0,0,1,0,0
S00617,8,1,17,1,9,0,2021.0,Yes,1,2022.0,Not Placed,UK,9,-0.8785035087145754,0.10027506630801845,3,1,2,1.031699413706634,0.8747698779729242,1.0,0,0,1,0
S03697,3,2,20,9,0,3,2020.0,Yes,0,2021.0,Not Placed,UK,9,-0.8785035087145754,1.0291779501247615,0,1,2,-0.010828841880616107,-0.28549519127799955,1.0,1,0,1,0
S01890,6,3,11,6,12,7,2021.0,No,4,2022.0,Not Placed,UK,9,-0.8785035087145754,-1.5020824082758635,5,1,2,0.45999037032007767,-0.28549519127799955,1.0,0,0,0,0
S00624,3,2,0,36,9,3,2020.0,Yes,3,2023.0,Not Placed,UK,9,-0.8785035087145754,0.5647265082163905,5,3,0,0.7626598638776666,1.040522030723056,3.0,1,0,1,0
S03438,9,5,41,38,8,5,2019.0,No,2,2022.0,Not Placed,UK,9,-0.8785035087145754,-1.3163018315125148,3,2,2,-0.178978560523721,-0.28549519127799955,3.0,0,0,0,0
S03712,2,0,37,65,14,0,2023.0,No,0,2025.0,Not Placed,UK,9,-0.8785035087145754,0.913065089647669,0,2,2,0.12369093303386793,-0.28549519127799955,2.0,0,0,0,0
S00875,0,7,43,2,11,6,2022.0,Yes,3,2024.0,Placed,UAE,4,0.05249956188445914,0.5647265082163905,0,3,0,-0.010828841880616107,-0.28549519127799955,2.0,0,1,1,0
S02265,0,8,27,48,14,7,2020.0,No,2,2021.0,Placed,UK,10,1.9786495766112513,-0.457066663982028,4,4,2,0.7962898076062874,-0.7459178378061438,1.0,0,1,0,0
S00059,5,1,17,1,5,2,2020.0,No,1,2022.0,Not Placed,UK,9,-0.8785035087145754,0.21638792678511096,5,4,0,0.1573208767624888,0.8747698779729242,2.0,1,0,0,0
S04439,3,6,7,56,8,0,2021.0,Yes,0,2022.0,Placed,South Africa,10,0.3369962748486203,-0.4338440918866089,5,3,1,0.7626598638776666,3.195300016474772,1.0,0,1,1,0
S02861,8,9,35,5,8,0,2020.0,Yes,4,2023.0,Placed,USA,3,-0.09091217871634098,-0.7589601012224693,4,2,0,-1.8941056906833906,-0.580165685056012,3.0,0,1,1,0
S04126,3,0,25,35,11,5,2020.0,No,2,2021.0,Not Placed,UK,9,-0.8785035087145754,-1.2698566873216774,0,3,0,-1.8941056906833906,3.6188888512806643,1.0,0,0,0,0
S02692,9,5,24,19,2,0,2021.0,No,1,2023.0,Not Placed,UK,9,-0.8785035087145754,1.7258551129873196,0,3,3,0.6617700326918035,-0.28549519127799955,2.0,0,0,0,0
S04576,6,3,47,31,8,1,2023.0,Yes,4,2025.0,Placed,India,9,-0.11005872073797951,0.7505070849797383,0,4,0,-1.8941056906833906,-0.28549519127799955,2.0,0,1,1,0
S04695,1,4,13,45,6,0,2023.0,Yes,2,2024.0,Placed,Ireland,8,0.9346602178721666,1.2614036710789476,4,2,1,-0.04445878560923697,-0.28549519127799955,1.0,0,1,1,0
S03495,4,2,34,22,11,1,2020.0,Yes,0,2022.0,Not Placed,UK,9,-0.8785035087145754,0.9595102338385062,0,3,2,0.42636042659145684,-0.28549519127799955,2.0,0,0,1,0
S00848,3,8,27,17,14,4,2019.0,No,1,2021.0,Not Placed,UK,9,-0.8785035087145754,0.26283307097594816,2,1,0,-1.8941056906833906,-0.8011685553895213,2.0,0,0,0,0
S00163,5,1,49,0,9,5,2019.0,No,4,2021.0,Not Placed,UK,9,-0.8785035087145754,-0.17839579883700477,5,3,0,-1.8941056906833906,-0.28549519127799955,2.0,0,0,0,0
S03271,6,2,34,44,8,1,2020.0,No,3,2022.0,Not Placed,UK,9,-0.8785035087145754,-0.06228293835991124,4,0,0,-1.8941056906833906,-0.08290922680561606,2.0,0,0,0,0
S03406,3,9,35,32,9,1,2020.0,Yes,4,2023.0,Not Placed,UK,9,-0.8785035087145754,-1.0376309663674925,0,2,1,-0.11171867306647898,-0.1197430385278676,3.0,0,0,1,0
S03029,5,6,23,62,2,2,2022.0,Yes,4,2024.0,Not Placed,UK,9,-0.8785035087145754,0.7969522291705755,2,2,0,0.2918406516769728,-0.28549519127799955,2.0,1,0,1,0
S02524,1,8,27,17,5,3,2020.0,Yes,2,2021.0,Not Placed,UK,9,-0.8785035087145754,-0.9679632500812362,2,0,0,-1.8941056906833906,-0.8011685553895213,1.0,1,0,1,0
S01744,5,8,27,21,8,7,2022.0,No,4,2025.0,Not Placed,UK,9,-0.8785035087145754,-0.9911858221766553,1,1,0,-1.8941056906833906,-0.35916281472250267,3.0,0,0,0,0
S02815,0,3,11,6,1,3,2022.0,No,1,2023.0,Not Placed,UK,9,-0.8785035087145754,0.26283307097594816,1,0,2,0.5945101452345617,-0.28549519127799955,1.0,1,0,0,0
S01337,9,7,12,29,2,6,2022.0,No,3,2024.0,Not Placed,UK,9,-0.8785035087145754,1.586519680414808,1,1,2,-0.07808872933785782,-0.28549519127799955,2.0,0,0,0,0
S00613,6,4,10,50,8,6,2019.0,No,4,2022.0,Placed,Ireland,1,0.22410857858303793,0.7505070849797383,0,4,0,-1.8941056906833906,-0.28549519127799955,3.0,0,1,0,0
S04873,5,9,5,8,5,1,2020.0,Yes,3,2022.0,Not Placed,UK,9,-0.8785035087145754,0.5415039361209714,0,3,0,0.7626598638776666,-0.8380023671117728,2.0,0,0,1,0
S02591,8,6,44,41,5,5,2021.0,Yes,0,2022.0,Placed,South Africa,7,0.48890663502854115,0.44861364773929696,1,1,3,0.9980694699780132,-0.28549519127799955,1.0,0,1,1,0
S03166,6,4,13,7,6,3,2021.0,Yes,1,2022.0,Not Placed,UK,9,-0.8785035087145754,-0.17839579883700477,4,1,3,0.9980694699780132,-0.28549519127799955,1.0,1,0,1,0
S02233,5,7,43,2,13,4,2020.0,Yes,0,2023.0,Placed,UAE,6,1.9099507584821178,-0.6428472407453758,3,1,1,0.42636042659145684,-0.28549519127799955,3.0,0,1,1,0
S04015,7,2,34,22,2,4,2023.0,No,3,2024.0,Placed,Germany,0,0.2452663948438187,1.4936293920331336,2,2,0,1.0989593011638763,-0.28549519127799955,1.0,0,1,0,0
S00284,9,3,11,15,12,6,2022.0,No,2,2024.0,Not Placed,UK,9,-0.8785035087145754,-0.38739894769577166,3,2,0,-1.8941056906833906,2.348122346862986,2.0,0,0,0,0
S03714,9,0,50,39,3,1,2022.0,No,1,2024.0,Not Placed,UK,9,-0.8785035087145754,-1.339524403607934,3,2,0,-1.8941056906833906,-0.28549519127799955,2.0,0,0,0,0
S04490,4,0,50,39,1,6,2021.0,No,4,2024.0,Placed,Canada,7,0.6963833756584902,-1.618195268752957,5,2,1,0.3591005391342148,-0.28549519127799955,3.0,0,1,0,1
S03085,6,4,13,51,0,2,2019.0,Yes,2,2021.0,Placed,Ireland,0,0.38534573008760864,0.8433973733614127,1,4,0,-0.07808872933785782,-0.28549519127799955,2.0,1,1,1,0
S00345,7,6,23,62,8,2,2023.0,No,2,2026.0,Not Placed,UK,9,-0.8785035087145754,0.35572335935762256,4,0,2,0.12369093303386793,-0.28549519127799955,3.0,1,0,0,0
S00654,1,0,16,52,4,3,2022.0,No,2,2024.0,Placed,Canada,11,0.27372000981521355,-1.385969547798771,5,1,0,-1.8941056906833906,1.114189654167559,2.0,1,1,0,1
S04282,8,2,0,36,13,2,2023.0,No,3,2024.0,Placed,Germany,4,-0.13358274198598646,1.5400745362239707,5,0,0,-1.8941056906833906,1.040522030723056,1.0,1,1,0,0
S02779,9,0,48,69,10,2,2022.0,No,0,2023.0,Not Placed,UK,9,-0.8785035087145754,1.7258551129873196,1,2,3,-0.178978560523721,-0.5249149674726347,1.0,1,0,0,0
S01801,4,1,49,0,0,1,2023.0,Yes,3,2026.0,Placed,Finland,8,0.5065742989331633,-1.5020824082758635,1,0,3,0.5945101452345617,-0.28549519127799955,3.0,0,1,1,0
S04086,9,1,49,70,11,6,2020.0,Yes,0,2023.0,Not Placed,UK,9,-0.8785035087145754,0.12349763840343654,0,4,2,0.5608802015059405,-0.28549519127799955,3.0,0,0,1,0
S00242,5,6,7,56,4,2,2021.0,No,3,2023.0,Not Placed,UK,9,-0.8785035087145754,0.6808393686934829,5,4,3,0.3927304828628357,3.195300016474772,2.0,1,0,0,0
S01158,0,9,28,49,9,3,2023.0,No,4,2025.0,Not Placed,UK,9,-0.8785035087145754,-1.5020824082758635,5,1,2,1.0989593011638763,-0.3407459088613769,2.0,1,0,0,0
S00472,4,5,24,19,2,5,2019.0,No,0,2021.0,Not Placed,UK,9,-0.8785035087145754,1.1452908106018551,0,0,1,0.2245807642197308,-0.28549519127799955,2.0,0,0,0,0
S02941,0,7,1,20,5,0,2022.0,No,1,2023.0,Not Placed,UK,9,-0.8785035087145754,-0.4338440918866089,4,0,1,-0.11171867306647898,-0.28549519127799955,1.0,0,0,0,0
S03212,4,0,31,28,10,3,2019.0,Yes,1,2021.0,Placed,Canada,2,-0.11768973182178394,1.4704068199377145,2,1,2,0.02280110184800505,-0.41441353230587996,2.0,1,1,1,1
S03595,0,1,49,70,6,6,2019.0,No,2,2022.0,Placed,Finland,5,1.0624747239321675,0.8898425175522499,5,0,1,0.1573208767624888,-0.28549519127799955,3.0,0,1,0,0
S02714,9,4,10,50,11,1,2019.0,No,0,2022.0,Not Placed,UK,9,-0.8785035087145754,-0.5499569523637023,2,1,0,-1.8941056906833906,-0.28549519127799955,3.0,0,0,0,0
S03849,6,8,27,48,11,6,2022.0,Yes,1,2024.0,Not Placed,UK,9,-0.8785035087145754,-1.6878629850392124,2,4,0,0.8635496950635292,-0.7459178378061438,2.0,0,0,1,0
S03819,8,5,32,11,0,1,2019.0,Yes,0,2021.0,Not Placed,UK,9,-0.8785035087145754,1.1685133826972731,4,3,0,-1.8941056906833906,-0.28549519127799955,2.0,0,0,1,0
S03939,5,2,45,68,12,4,2021.0,No,2,2024.0,Placed,Germany,5,1.542735462839508,-0.8054052454133065,5,3,3,0.12369093303386793,4.8344046381149655,3.0,0,1,0,0
S00425,8,0,31,28,13,7,2020.0,No,2,2023.0,Not Placed,UK,9,-0.8785035087145754,0.3789459314530417,5,2,1,-0.14534861679509983,-0.41441353230587996,3.0,0,0,0,0
S04879,4,7,1,73,11,5,2020.0,No,3,2023.0,Not Placed,UK,9,-0.8785035087145754,-0.8054052454133065,5,1,2,0.09006098930524706,-0.28549519127799955,3.0,0,0,0,0
S03661,9,3,11,15,6,5,2020.0,No,0,2022.0,Placed,India,6,0.5990534771839199,-0.8286278175087246,3,1,1,0.19095082049110992,2.348122346862986,2.0,0,1,0,0
S02463,8,6,40,67,3,4,2022.0,No,3,2025.0,Not Placed,UK,9,-0.8785035087145754,0.6808393686934829,2,1,2,-0.178978560523721,-0.28549519127799955,3.0,0,0,0,0
S03315,0,4,13,7,11,3,2020.0,Yes,2,2021.0,Not Placed,UK,9,-0.8785035087145754,-0.8054052454133065,0,0,3,0.9644395262493923,-0.28549519127799955,1.0,1,0,1,0
S02371,8,2,3,12,5,4,2019.0,Yes,3,2021.0,Placed,Germany,8,1.7519868572098767,0.8666199454568319,2,4,1,0.42636042659145684,-0.28549519127799955,2.0,0,1,1,0
S00050,6,8,27,17,3,4,2019.0,No,2,2020.0,Not Placed,UK,9,-0.8785035087145754,-0.38739894769577166,3,1,0,-1.8941056906833906,-0.8011685553895213,1.0,0,0,0,0
S00126,7,6,44,41,0,1,2019.0,No,1,2021.0,Placed,South Africa,2,0.08815038369200028,-0.457066663982028,4,4,0,-1.8941056906833906,-0.28549519127799955,2.0,0,1,0,0
S00723,1,3,39,3,7,6,2022.0,No,4,2024.0,Not Placed,UK,9,-0.8785035087145754,-0.5499569523637023,1,4,0,-1.8941056906833906,-0.28549519127799955,2.0,0,0,0,0
S00416,2,3,8,16,1,4,2022.0,Yes,3,2025.0,Not Placed,UK,9,-0.8785035087145754,-1.0376309663674925,3,3,3,0.6953999764204246,-0.28549519127799955,3.0,0,0,1,0
S01406,9,6,23,62,14,5,2022.0,Yes,2,2024.0,Not Placed,UK,9,-0.8785035087145754,0.21638792678511096,4,3,0,-1.8941056906833906,-0.28549519127799955,2.0,0,0,1,0
S00570,4,9,42,40,4,2,2023.0,No,2,2026.0,Not Placed,UK,9,-0.8785035087145754,-0.7589601012224693,3,2,2,0.42636042659145684,-0.819585461250647,3.0,1,0,0,0
S04931,7,5,32,24,7,7,2021.0,Yes,0,2022.0,Placed,Russia,10,0.1604379460517601,0.030607350021762136,3,3,3,0.9644395262493923,0.6906008193616664,1.0,0,1,1,0
S01287,2,9,5,8,5,6,2020.0,No,3,2022.0,Not Placed,UK,9,-0.8785035087145754,0.3092782151667854,5,3,0,-1.8941056906833906,-0.8380023671117728,2.0,0,0,0,0
S01676,9,4,18,33,12,1,2019.0,No,4,2021.0,Placed,Ireland,11,0.9015136296761065,-1.4788598361804455,5,4,2,0.49362031404869855,-0.28549519127799955,2.0,0,1,0,0
S02133,4,6,19,37,10,5,2019.0,No,1,2022.0,Placed,South Africa,9,0.7455807210179012,1.6561873967010632,4,2,1,0.6617700326918035,-0.28549519127799955,3.0,0,1,0,0
S04286,0,4,13,7,8,3,2020.0,Yes,4,2023.0,Placed,Ireland,4,0.2540805084212362,0.8201748012659946,5,4,1,0.3591005391342148,-0.28549519127799955,3.0,1,1,1,0
S04800,4,0,25,35,8,6,2023.0,No,4,2025.0,Not Placed,UK,9,-0.8785035087145754,1.4007391036514591,0,0,3,0.32547059540559364,3.6188888512806643,2.0,0,0,0,0
S03780,4,1,49,0,9,4,2019.0,No,3,2020.0,Placed,Finland,0,1.2773064183974112,-1.7110855571346315,0,2,3,0.02280110184800505,-0.28549519127799955,1.0,0,1,0,0
S04209,4,5,32,24,4,0,2020.0,Yes,1,2022.0,Not Placed,UK,9,-0.8785035087145754,0.44861364773929696,2,1,2,0.9308095825207715,0.6906008193616664,2.0,0,0,1,0
S01759,3,2,45,68,1,4,2019.0,No,1,2021.0,Placed,Germany,9,1.927795887760782,-1.153743826844585,1,0,0,-1.8941056906833906,4.8344046381149655,2.0,0,1,0,0
S02386,9,6,7,56,6,2,2021.0,No,3,2024.0,Not Placed,UK,9,-0.8785035087145754,0.9362876617430871,4,4,0,-0.14534861679509983,3.195300016474772,3.0,1,0,0,0
S00790,0,8,6,55,11,5,2022.0,Yes,2,2024.0,Placed,UK,10,1.691865532159438,0.21638792678511096,0,3,3,0.6953999764204246,-0.8748361788340243,2.0,0,1,1,0
S03410,7,0,31,28,7,1,2019.0,Yes,3,2021.0,Placed,Canada,10,1.041178879047132,1.2614036710789476,1,2,1,0.02280110184800505,-0.41441353230587996,2.0,0,1,1,1
S04927,8,9,9,57,10,2,2021.0,No,3,2023.0,Not Placed,UK,9,-0.8785035087145754,-1.1072986826537479,2,4,0,0.02280110184800505,-0.5617487791948862,2.0,1,0,0,0
S04680,7,3,8,16,12,7,2023.0,No,2,2024.0,Not Placed,UK,9,-0.8785035087145754,-0.5964020965545386,0,3,0,-1.8941056906833906,-0.28549519127799955,1.0,0,0,0,0
S01651,2,4,13,46,14,7,2021.0,Yes,3,2022.0,Not Placed,UK,9,-0.8785035087145754,1.609742252510226,3,3,0,-1.8941056906833906,1.279941806917691,1.0,0,0,1,0
S04984,6,8,38,66,12,4,2020.0,Yes,3,2022.0,Not Placed,UK,9,-0.8785035087145754,-1.7110855571346315,3,3,1,1.031699413706634,-0.8564192729728985,2.0,0,0,1,0
S04233,8,0,48,69,4,2,2020.0,Yes,2,2022.0,Placed,Canada,3,1.1165227895153922,-1.2234115431308403,2,2,2,0.6281400889631826,-0.5249149674726347,2.0,1,1,1,1
S02746,9,2,20,9,11,3,2023.0,No,2,2025.0,Not Placed,UK,9,-0.8785035087145754,-1.130521254749167,1,0,0,-1.8941056906833906,-0.28549519127799955,2.0,1,0,0,0
S03727,7,4,30,27,6,7,2023.0,Yes,2,2025.0,Placed,Ireland,2,1.920578962549742,-0.5731795244591205,1,0,3,0.19095082049110992,-0.28549519127799955,2.0,0,1,1,0
S00098,5,3,39,3,6,0,2021.0,Yes,4,2024.0,Not Placed,UK,9,-0.8785035087145754,0.44861364773929696,5,1,2,0.02280110184800505,-0.28549519127799955,3.0,0,0,1,0
S04411,6,4,18,33,12,0,2020.0,No,4,2023.0,Placed,Ireland,0,1.8583280530108,-1.641417840848375,3,1,0,-1.8941056906833906,-0.28549519127799955,3.0,0,1,0,0
S04292,0,8,27,21,2,0,2020.0,Yes,1,2021.0,Not Placed,UK,9,-0.8785035087145754,-1.3163018315125148,3,2,1,0.6953999764204246,-0.35916281472250267,1.0,0,0,1,0
S01886,0,4,13,7,4,2,2019.0,No,2,2022.0,Not Placed,UK,9,-0.8785035087145754,-0.9679632500812362,4,1,2,0.7962898076062874,-0.28549519127799955,3.0,1,0,0,0
S02433,2,9,5,25,9,5,2021.0,No,1,2022.0,Not Placed,UK,9,-0.8785035087145754,1.122068238506436,3,3,2,0.42636042659145684,-0.8932530846951501,1.0,0,0,0,0
S00741,6,5,36,34,5,5,2021.0,No,0,2022.0,Placed,Russia,12,0.8899192252386982,-0.039060366264493156,1,3,3,-0.04445878560923697,-0.28549519127799955,1.0,0,1,0,0
S04136,6,7,12,58,6,2,2020.0,Yes,3,2022.0,Placed,UAE,2,0.565197027491692,0.9827328059339243,1,2,3,0.3927304828628357,-0.28549519127799955,2.0,1,1,1,0
S01535,6,0,50,54,1,3,2023.0,No,0,2026.0,Placed,Canada,2,0.92984893439814,0.8201748012659946,2,1,0,0.12369093303386793,-0.28549519127799955,3.0,1,1,0,1
S02389,7,5,32,24,1,3,2022.0,Yes,4,2024.0,Placed,Russia,3,0.4100528538292287,-0.15517322674158565,1,0,3,0.6617700326918035,0.6906008193616664,2.0,1,1,1,0
S00410,2,6,23,71,11,3,2019.0,No,2,2021.0,Not Placed,UK,9,-0.8785035087145754,1.7490776850827376,4,4,1,0.7962898076062874,-0.28549519127799955,2.0,1,0,0,0
S04434,5,1,26,23,12,0,2019.0,No,2,2020.0,Not Placed,UK,9,-0.8785035087145754,1.5168519641285516,0,4,2,1.1325892448924972,-0.28549519127799955,1.0,0,0,0,0
S03580,0,1,21,61,13,6,2021.0,No,0,2022.0,Not Placed,UK,9,-0.8785035087145754,1.122068238506436,1,0,0,0.32547059540559364,0.966854407278553,1.0,0,0,0,0
S04858,7,8,27,48,14,3,2022.0,No,4,2025.0,Not Placed,UK,9,-0.8785035087145754,-1.2234115431308403,4,3,1,0.19095082049110992,-0.7459178378061438,3.0,1,0,0,0
S00882,1,6,23,71,8,4,2021.0,No,3,2023.0,Not Placed,UK,9,-0.8785035087145754,0.9362876617430871,4,3,0,-1.8941056906833906,-0.28549519127799955,2.0,0,0,0,0
S00679,4,1,49,70,8,5,2022.0,Yes,1,2025.0,Not Placed,UK,9,-0.8785035087145754,-0.38739894769577166,3,4,0,-1.8941056906833906,-0.28549519127799955,3.0,0,0,1,0
S03825,0,8,15,60,2,3,2022.0,No,3,2025.0,Placed,UK,4,1.2312442946460749,0.5879490803118086,1,1,0,-1.8941056906833906,-0.5064980616115089,3.0,1,1,0,0
S04468,3,6,7,56,2,7,2021.0,No,3,2023.0,Placed,South Africa,5,1.2329400748869201,-1.618195268752957,0,1,3,0.3927304828628357,3.195300016474772,2.0,0,1,0,0
S04382,1,2,20,9,14,1,2021.0,Yes,3,2023.0,Placed,Germany,6,-0.1747152720139349,0.030607350021762136,0,2,0,-1.8941056906833906,-0.28549519127799955,2.0,0,1,1,0
S04143,4,8,38,66,6,1,2019.0,Yes,4,2021.0,Not Placed,UK,9,-0.8785035087145754,-1.6878629850392124,4,2,0,-0.07808872933785782,-0.8564192729728985,2.0,0,0,1,0
S02360,7,6,14,63,5,4,2022.0,Yes,4,2024.0,Not Placed,UK,9,-0.8785035087145754,0.3325007872622045,0,0,1,-0.07808872933785782,-0.28549519127799955,2.0,0,0,1,0
S04900,8,0,48,69,0,2,2021.0,Yes,0,2024.0,Placed,Canada,12,0.2681988648450191,0.3092782151667854,3,4,3,0.49362031404869855,-0.5249149674726347,3.0,1,1,1,1
S02459,0,6,14,63,3,4,2022.0,Yes,4,2023.0,Not Placed,UK,9,-0.8785035087145754,0.7505070849797383,1,2,3,-0.010828841880616107,-0.28549519127799955,1.0,0,0,1,0
S00061,6,0,27,72,0,3,2020.0,Yes,2,2022.0,Not Placed,UK,9,-0.8785035087145754,-0.8750729616995618,0,0,3,0.6281400889631826,1.611446112417955,2.0,1,0,1,0
S01270,3,1,46,43,14,3,2021.0,No,1,2024.0,Not Placed,UK,9,-0.8785035087145754,-1.0376309663674925,4,3,0,0.7290299201490454,-0.28549519127799955,3.0,1,0,0,0
S04781,0,4,18,33,12,1,2023.0,No,0,2025.0,Not Placed,UK,9,-0.8785035087145754,0.6343942245026458,3,2,2,-0.07808872933785782,-0.28549519127799955,2.0,0,0,0,0
S03377,1,0,27,72,1,4,2020.0,Yes,2,2021.0,Not Placed,UK,9,-0.8785035087145754,1.5168519641285516,4,3,0,-1.8941056906833906,1.611446112417955,1.0,0,0,1,0
S00728,3,4,18,33,5,3,2020.0,Yes,0,2023.0,Placed,Ireland,7,1.9678241887946915,-0.3409538035049345,0,0,1,0.1573208767624888,-0.28549519127799955,3.0,1,1,1,0
S04624,5,2,3,42,12,2,2021.0,No,1,2023.0,Not Placed,UK,9,-0.8785035087145754,-0.01583779416907404,1,2,0,-1.8941056906833906,-0.28549519127799955,2.0,1,0,0,0
S00910,0,1,22,59,5,6,2021.0,Yes,1,2022.0,Placed,Finland,4,-0.06693463484578235,1.7026325408919005,2,4,0,-0.07808872933785782,-0.28549519127799955,1.0,0,1,1,0
S04247,9,6,7,56,10,0,2022.0,Yes,2,2023.0,Not Placed,UK,9,-0.8785035087145754,0.3092782151667854,1,0,2,0.8971796387921507,3.195300016474772,1.0,0,0,1,0
S04798,2,3,11,15,3,3,2020.0,Yes,1,2021.0,Placed,India,10,-0.1544645009982575,1.7258551129873196,0,1,2,0.8635496950635292,2.348122346862986,1.0,1,1,1,0
S04966,7,6,23,71,11,3,2023.0,Yes,0,2025.0,Placed,South Africa,4,-0.11841931169284534,-0.3641763756003536,5,2,3,0.5272502577773197,-0.28549519127799955,2.0,1,1,1,0
S03507,0,6,14,63,1,1,2019.0,No,4,2022.0,Placed,South Africa,8,0.8301922676861306,-1.4556372640850264,3,3,3,0.7290299201490454,-0.28549519127799955,3.0,0,1,0,0
S03639,2,5,41,38,0,2,2022.0,No,0,2025.0,Placed,Russia,11,1.864913990225246,0.7505070849797383,3,1,0,0.19095082049110992,-0.28549519127799955,3.0,1,1,0,0
S04474,4,1,21,61,9,4,2022.0,No,0,2024.0,Not Placed,UK,9,-0.8785035087145754,1.7026325408919005,3,1,0,-1.8941056906833906,0.966854407278553,2.0,0,0,0,0
S00668,6,2,0,36,2,0,2020.0,No,0,2023.0,Placed,Germany,12,1.6180990916826619,-0.31773123140951637,1,1,2,1.1325892448924972,1.040522030723056,3.0,0,1,0,0
S02573,0,9,5,8,13,5,2022.0,Yes,2,2024.0,Not Placed,UK,9,-0.8785035087145754,1.1917359547926911,5,4,1,0.5272502577773197,-0.8380023671117728,2.0,0,0,1,0
S04591,4,1,49,70,13,3,2021.0,Yes,2,2024.0,Not Placed,UK,9,-0.8785035087145754,0.5415039361209714,5,3,3,0.42636042659145684,-0.28549519127799955,3.0,1,0,1,0
S04586,5,4,13,45,6,3,2021.0,No,0,2022.0,Not Placed,UK,9,-0.8785035087145754,-0.7125149570316321,5,4,1,0.056431045576625906,-0.28549519127799955,1.0,1,0,0,0
S03460,3,5,32,30,4,4,2020.0,No,4,2022.0,Not Placed,UK,9,-0.8785035087145754,0.8898425175522499,1,3,1,0.5608802015059405,-0.28549519127799955,2.0,0,0,0,0
S04197,2,0,50,54,10,1,2021.0,No,0,2023.0,Placed,Canada,10,1.6288850427494346,-0.9447406779858181,2,0,1,-0.010828841880616107,-0.28549519127799955,2.0,0,1,0,1
S00322,8,7,1,73,14,7,2019.0,No,0,2022.0,Not Placed,UK,9,-0.8785035087145754,-0.5964020965545386,3,1,2,0.19095082049110992,-0.28549519127799955,3.0,0,0,0,0
S02892,7,1,46,43,14,2,2020.0,No,4,2023.0,Placed,Finland,6,0.01769663019734073,0.26283307097594816,3,3,0,0.3591005391342148,-0.28549519127799955,3.0,1,1,0,0
S00107,3,9,28,49,7,3,2021.0,No,0,2023.0,Placed,USA,4,1.9727143457682923,0.5182813640255532,1,0,0,-0.14534861679509983,-0.3407459088613769,2.0,1,1,0,0
S00987,4,0,31,28,3,0,2020.0,No,3,2022.0,Not Placed,UK,9,-0.8785035087145754,-1.6646404129437942,5,4,2,0.8299197513349084,-0.41441353230587996,2.0,0,0,0,0
S00355,9,4,10,50,10,2,2020.0,No,4,2021.0,Not Placed,UK,9,-0.8785035087145754,1.0059553780293433,2,0,3,0.42636042659145684,-0.28549519127799955,1.0,1,0,0,0
S01343,7,1,46,43,5,1,2023.0,Yes,1,2026.0,Not Placed,UK,9,-0.8785035087145754,0.3325007872622045,1,0,0,-1.8941056906833906,-0.28549519127799955,3.0,0,0,1,0
S02479,9,1,22,59,9,0,2020.0,Yes,0,2022.0,Placed,Finland,3,0.9326292252581307,-0.5267343802682832,3,3,0,-1.8941056906833906,-0.28549519127799955,2.0,0,1,1,0
S00202,7,0,37,65,8,5,2023.0,No,1,2025.0,Not Placed,UK,9,-0.8785035087145754,-1.0144083942720734,1,1,0,-1.8941056906833906,-0.28549519127799955,2.0,0,0,0,0
S02149,0,7,12,29,13,3,2020.0,Yes,1,2023.0,Placed,UAE,9,1.9157479607008219,0.7737296570751574,0,4,0,0.6281400889631826,-0.28549519127799955,3.0,1,1,1,0
S01950,8,4,10,50,11,2,2022.0,No,0,2023.0,Placed,Ireland,2,0.38017951586549814,1.2381810989835285,4,4,0,0.8635496950635292,-0.28549519127799955,1.0,1,1,0,0
S01598,8,2,45,68,14,1,2022.0,Yes,3,2023.0,Not Placed,UK,9,-0.8785035087145754,-0.5731795244591205,4,1,3,0.5945101452345617,4.8344046381149655,1.0,0,0,1,0
S00870,4,8,29,64,10,5,2022.0,Yes,1,2025.0,Not Placed,UK,9,-0.8785035087145754,0.35572335935762256,4,0,3,0.2245807642197308,-0.41441353230587996,3.0,0,0,1,0
S04244,5,0,48,69,8,7,2019.0,No,4,2022.0,Not Placed,UK,9,-0.8785035087145754,-1.57175012456212,2,1,0,0.45999037032007767,-0.5249149674726347,3.0,0,0,0,0
S04990,0,4,13,7,12,0,2019.0,No,1,2021.0,Placed,Ireland,4,0.13318715194887193,0.7737296570751574,1,0,3,0.9308095825207715,-0.28549519127799955,2.0,0,1,0,0
S03202,6,8,6,55,4,3,2023.0,No,1,2024.0,Placed,UK,7,1.260171150614915,1.2149585268881102,5,4,3,0.5945101452345617,-0.8748361788340243,1.0,1,1,0,0
S02858,8,1,46,43,3,7,2020.0,No,0,2022.0,Not Placed,UK,9,-0.8785035087145754,-0.48028923607744606,0,0,0,0.6617700326918035,-0.28549519127799955,2.0,0,0,0,0
S02798,1,0,16,52,7,6,2022.0,Yes,4,2023.0,Not Placed,UK,9,-0.8785035087145754,0.07705249421259934,5,4,0,1.031699413706634,1.114189654167559,1.0,0,0,1,0
S04982,7,0,31,28,4,3,2022.0,No,4,2025.0,Placed,Canada,0,1.5944764785601873,0.16994278259427376,4,2,0,-1.8941056906833906,-0.41441353230587996,3.0,1,1,0,1
S04344,6,2,3,12,3,3,2019.0,No,0,2021.0,Not Placed,UK,9,-0.8785035087145754,-1.1769663989400032,1,2,2,-0.04445878560923697,-0.28549519127799955,2.0,1,0,0,0
S01428,8,3,11,18,10,0,2023.0,Yes,3,2026.0,Not Placed,UK,9,-0.8785035087145754,-1.362746975703352,4,2,0,-1.8941056906833906,-0.28549519127799955,3.0,0,0,1,0
S04125,4,6,40,67,3,6,2022.0,Yes,0,2023.0,Not Placed,UK,9,-0.8785035087145754,-0.41062151979119077,0,0,1,1.0653293574352556,-0.28549519127799955,1.0,0,0,1,0
S04116,3,8,29,64,3,4,2023.0,No,2,2024.0,Placed,UK,11,0.6060337818962371,-0.039060366264493156,2,0,1,0.6953999764204246,-0.41441353230587996,1.0,0,1,0,0
S02630,0,7,12,58,14,7,2022.0,Yes,1,2023.0,Placed,UAE,12,0.3816583939825145,-1.641417840848375,4,0,1,1.0989593011638763,-0.28549519127799955,1.0,0,1,1,0
S03872,9,3,11,6,2,1,2023.0,Yes,3,2026.0,Placed,India,8,0.48786156115918294,0.26283307097594816,4,3,0,-1.8941056906833906,-0.28549519127799955,3.0,0,1,1,0
S01175,8,4,10,50,11,1,2022.0,No,3,2025.0,Not Placed,UK,9,-0.8785035087145754,1.4239616757468772,2,3,0,-1.8941056906833906,-0.28549519127799955,3.0,0,0,0,0
S00714,3,4,13,7,6,5,2022.0,Yes,0,2024.0,Not Placed,UK,9,-0.8785035087145754,-0.6428472407453758,2,3,3,0.5945101452345617,-0.28549519127799955,2.0,0,0,1,0
S03176,8,2,3,42,14,5,2023.0,No,1,2025.0,Not Placed,UK,9,-0.8785035087145754,-0.9447406779858181,4,1,0,-1.8941056906833906,-0.28549519127799955,2.0,0,0,0,0
S03240,0,3,39,3,6,7,2023.0,No,0,2025.0,Not Placed,UK,9,-0.8785035087145754,-0.13195065464616756,5,1,3,0.9644395262493923,-0.28549519127799955,2.0,0,0,0,0
S00452,9,2,3,42,8,3,2023.0,Yes,4,2024.0,Not Placed,UK,9,-0.8785035087145754,-0.7357375291270501,5,3,2,0.6281400889631826,-0.28549519127799955,1.0,1,0,1,0
S04648,0,8,27,48,9,1,2023.0,Yes,1,2024.0,Not Placed,UK,9,-0.8785035087145754,-0.5499569523637023,3,3,1,0.8635496950635292,-0.7459178378061438,1.0,0,0,1,0
S00517,8,7,12,10,10,1,2021.0,Yes,0,2023.0,Not Placed,UK,9,-0.8785035087145754,1.7258551129873196,2,1,1,0.8635496950635292,-0.28549519127799955,2.0,0,0,1,0
S04988,8,9,28,49,6,3,2021.0,No,3,2024.0,Not Placed,UK,9,-0.8785035087145754,-1.6646404129437942,4,4,2,1.031699413706634,-0.3407459088613769,3.0,1,0,0,0
S03560,5,8,6,55,9,2,2020.0,Yes,1,2023.0,Placed,UK,11,1.4972057352102977,1.4007391036514591,1,2,0,-0.21260850425234185,-0.8748361788340243,3.0,1,1,1,0
S02357,5,2,3,12,9,1,2020.0,Yes,4,2023.0,Not Placed,UK,9,-0.8785035087145754,-0.01583779416907404,5,0,3,0.49362031404869855,-0.28549519127799955,3.0,0,0,1,0
S01393,3,7,12,58,10,6,2019.0,No,4,2020.0,Not Placed,UK,9,-0.8785035087145754,0.3092782151667854,1,0,3,0.09006098930524706,-0.28549519127799955,1.0,0,0,0,0
S03606,7,2,0,36,11,4,2022.0,No,2,2023.0,Not Placed,UK,9,-0.8785035087145754,-0.898295533794981,3,4,1,1.0989593011638763,1.040522030723056,1.0,0,0,0,0
S04592,6,8,4,53,7,4,2023.0,Yes,4,2026.0,Placed,UK,7,0.2745284631858491,-0.921518105890399,4,3,2,0.6281400889631826,0.6353501017782891,3.0,0,1,1,0
S00667,3,2,34,44,13,6,2022.0,Yes,1,2023.0,Placed,Germany,1,1.067463472780236,0.5879490803118086,4,2,0,0.9644395262493923,-0.08290922680561606,1.0,0,1,1,0
S02476,1,9,35,5,4,5,2022.0,No,1,2023.0,Not Placed,UK,9,-0.8785035087145754,0.05382992211718125,1,2,0,-1.8941056906833906,-0.580165685056012,1.0,0,0,0,0
S01680,0,5,32,30,9,5,2021.0,No,1,2024.0,Placed,Russia,8,0.2036211870686379,1.0059553780293433,5,4,3,1.0653293574352556,-0.28549519127799955,3.0,0,1,0,0
S03006,7,2,3,12,13,1,2022.0,Yes,2,2025.0,Placed,Germany,2,1.1864638652628194,1.4007391036514591,1,4,0,-1.8941056906833906,-0.28549519127799955,3.0,0,1,1,0
S04712,5,1,49,0,0,1,2020.0,Yes,1,2023.0,Placed,Finland,6,0.7780371660926869,-0.3409538035049345,3,4,3,0.9980694699780132,-0.28549519127799955,3.0,0,1,1,0
S01109,5,7,1,20,4,3,2019.0,No,2,2022.0,Placed,UAE,7,0.4648304992835148,-0.8750729616995618,2,2,0,0.6953999764204246,-0.28549519127799955,3.0,1,1,0,0
S03440,5,1,22,59,10,0,2020.0,No,3,2022.0,Not Placed,UK,9,-0.8785035087145754,-1.4788598361804455,3,4,2,0.2918406516769728,-0.28549519127799955,2.0,0,0,0,0
S03055,0,2,34,44,3,6,2020.0,Yes,0,2023.0,Not Placed,UK,9,-0.8785035087145754,-1.4556372640850264,5,3,2,0.7290299201490454,-0.08290922680561606,3.0,0,0,1,0
S03729,5,0,25,35,11,4,2023.0,Yes,3,2025.0,Not Placed,UK,9,-0.8785035087145754,-1.2001889710354223,4,2,0,0.7626598638776666,3.6188888512806643,2.0,0,0,1,0
S02926,4,8,27,21,0,7,2021.0,Yes,3,2022.0,Placed,UK,11,1.7416544287656557,0.6576167965980638,5,4,1,0.45999037032007767,-0.35916281472250267,1.0,0,1,1,0
S04989,9,1,26,23,8,7,2020.0,Yes,3,2023.0,Placed,Finland,10,0.5212644882288592,0.21638792678511096,5,1,1,-0.21260850425234185,-0.28549519127799955,3.0,0,1,1,0
S04005,3,5,36,34,11,7,2022.0,No,0,2024.0,Not Placed,UK,9,-0.8785035087145754,-1.2930792594170966,4,1,0,0.09006098930524706,-0.28549519127799955,2.0,0,0,0,0
S01216,8,7,12,26,5,0,2020.0,Yes,0,2022.0,Placed,UAE,7,2.0568526514390766,-0.689292384936213,4,3,1,0.7290299201490454,-0.28549519127799955,2.0,0,1,1,0
S00949,0,6,19,37,9,5,2020.0,No,0,2023.0,Not Placed,UK,9,-0.8785035087145754,-1.57175012456212,2,1,2,0.6953999764204246,-0.28549519127799955,3.0,0,0,0,0
S04101,1,6,23,62,6,1,2022.0,No,0,2024.0,Not Placed,UK,9,-0.8785035087145754,-1.409192119894189,3,0,2,1.1325892448924972,-0.28549519127799955,2.0,0,0,0,0
S01236,4,6,23,62,10,3,2022.0,Yes,3,2023.0,Placed,South Africa,11,1.7649221111400464,-1.409192119894189,4,3,2,0.8299197513349084,-0.28549519127799955,1.0,1,1,1,0
S04310,3,8,27,17,10,7,2021.0,No,4,2023.0,Not Placed,UK,9,-0.8785035087145754,-1.2001889710354223,2,4,0,-1.8941056906833906,-0.8011685553895213,2.0,0,0,0,0
S04012,2,1,49,0,4,3,2020.0,No,3,2022.0,Not Placed,UK,9,-0.8785035087145754,1.0291779501247615,5,1,0,-1.8941056906833906,-0.28549519127799955,2.0,1,0,0,0
S01614,1,3,47,31,9,5,2021.0,No,1,2022.0,Not Placed,UK,9,-0.8785035087145754,-1.2234115431308403,4,1,3,0.32547059540559364,-0.28549519127799955,1.0,0,0,0,0
S04635,0,2,45,68,2,7,2019.0,No,3,2021.0,Not Placed,UK,9,-0.8785035087145754,1.1685133826972731,2,3,0,0.7626598638776666,4.8344046381149655,2.0,0,0,0,0
S02427,6,5,32,24,10,0,2020.0,Yes,4,2021.0,Not Placed,UK,9,-0.8785035087145754,-0.5964020965545386,1,1,1,0.056431045576625906,0.6906008193616664,1.0,0,0,1,0
S03493,1,0,27,72,14,5,2019.0,Yes,3,2021.0,Not Placed,UK,9,-0.8785035087145754,0.5647265082163905,5,1,0,0.49362031404869855,1.611446112417955,2.0,0,0,1,0
S02272,6,2,45,68,13,4,2021.0,No,1,2024.0,Not Placed,UK,9,-0.8785035087145754,-1.409192119894189,3,3,2,0.42636042659145684,4.8344046381149655,3.0,0,0,0,0
S00238,0,1,17,1,7,0,2019.0,Yes,1,2020.0,Not Placed,UK,9,-0.8785035087145754,1.7258551129873196,4,0,2,-0.14534861679509983,0.8747698779729242,1.0,0,0,1,0
S03350,7,6,7,56,8,0,2022.0,No,3,2023.0,Not Placed,UK,9,-0.8785035087145754,-0.5964020965545386,5,3,1,-0.21260850425234185,3.195300016474772,1.0,0,0,0,0
S03976,4,9,5,8,9,6,2022.0,No,3,2024.0,Placed,USA,9,-0.27640293133998006,-0.10872808255074845,1,2,1,0.7290299201490454,-0.8380023671117728,2.0,0,1,0,0
S03124,8,5,32,4,6,0,2021.0,Yes,0,2023.0,Not Placed,UK,9,-0.8785035087145754,-1.385969547798771,5,3,3,0.49362031404869855,-0.28549519127799955,2.0,0,0,1,0
S03653,9,4,10,50,12,0,2022.0,No,1,2025.0,Placed,Ireland,2,1.1987681311963956,0.21638792678511096,3,0,0,0.42636042659145684,-0.28549519127799955,3.0,0,1,0,0
S04784,4,2,3,12,9,1,2019.0,No,0,2022.0,Not Placed,UK,9,-0.8785035087145754,0.9362876617430871,3,1,0,-0.11171867306647898,-0.28549519127799955,3.0,0,0,0,0
S02500,4,5,32,30,1,0,2021.0,No,0,2022.0,Not Placed,UK,9,-0.8785035087145754,0.5182813640255532,2,4,0,0.5272502577773197,-0.28549519127799955,1.0,0,0,0,0
S01479,9,8,38,66,10,7,2022.0,Yes,1,2024.0,Placed,UK,1,1.3300925079874486,-1.385969547798771,2,1,0,-1.8941056906833906,-0.8564192729728985,2.0,0,1,1,0
S00286,3,5,41,38,2,2,2019.0,No,4,2021.0,Not Placed,UK,9,-0.8785035087145754,1.0059553780293433,1,0,1,-0.07808872933785782,-0.28549519127799955,2.0,1,0,0,0
S03225,5,1,17,1,12,3,2020.0,No,1,2023.0,Not Placed,UK,9,-0.8785035087145754,1.2381810989835285,5,1,2,-0.11171867306647898,0.8747698779729242,3.0,1,0,0,0
S03898,8,7,12,10,7,5,2021.0,No,4,2024.0,Not Placed,UK,9,-0.8785035087145754,1.2846262431743656,0,1,0,-1.8941056906833906,-0.28549519127799955,3.0,0,0,0,0
S03896,5,4,30,27,14,2,2021.0,Yes,2,2024.0,Not Placed,UK,9,-0.8785035087145754,1.37751653155604,0,2,2,0.6281400889631826,-0.28549519127799955,3.0,1,0,1,0
S00930,8,2,3,12,7,4,2021.0,No,3,2024.0,Not Placed,UK,9,-0.8785035087145754,-0.3409538035049345,2,1,1,0.6617700326918035,-0.28549519127799955,3.0,0,0,0,0
S01616,2,3,11,18,7,3,2021.0,Yes,0,2024.0,Not Placed,UK,9,-0.8785035087145754,1.331071387365203,5,2,2,0.9644395262493923,-0.28549519127799955,3.0,1,0,1,0
S03326,1,8,27,48,7,4,2023.0,No,0,2026.0,Not Placed,UK,9,-0.8785035087145754,1.1452908106018551,2,0,3,1.0989593011638763,-0.7459178378061438,3.0,0,0,0,0
S00178,5,2,34,44,11,7,2023.0,No,1,2025.0,Not Placed,UK,9,-0.8785035087145754,-0.17839579883700477,1,1,3,0.12369093303386793,-0.08290922680561606,2.0,0,0,0,0
S04720,0,8,6,55,12,7,2021.0,No,4,2023.0,Placed,UK,7,1.9235564371586684,1.2149585268881102,1,4,0,-1.8941056906833906,-0.8748361788340243,2.0,0,1,0,0
S03293,2,7,1,73,5,0,2021.0,No,2,2023.0,Placed,UAE,8,0.8095668475474758,0.4950587919301342,1,3,2,0.9644395262493923,-0.28549519127799955,2.0,0,1,0,0
S02182,5,0,25,35,13,0,2022.0,No,2,2023.0,Placed,Canada,8,1.0262915060025004,0.26283307097594816,5,4,0,-1.8941056906833906,3.6188888512806643,1.0,0,1,0,1
S04330,8,2,34,22,6,7,2020.0,Yes,1,2023.0,Placed,Germany,9,-0.19794351763853857,0.8433973733614127,0,3,3,0.19095082049110992,-0.28549519127799955,3.0,0,1,1,0
S00933,0,4,13,46,10,6,2019.0,Yes,2,2022.0,Not Placed,UK,9,-0.8785035087145754,1.7026325408919005,3,2,3,0.49362031404869855,1.279941806917691,3.0,0,0,1,0
S02277,5,1,22,59,10,4,2019.0,No,4,2022.0,Not Placed,UK,9,-0.8785035087145754,0.10027506630801845,4,2,0,-0.178978560523721,-0.28549519127799955,3.0,0,0,0,0
S00568,8,3,11,18,4,6,2020.0,Yes,4,2021.0,Not Placed,UK,9,-0.8785035087145754,0.28605564307136727,4,2,1,0.3927304828628357,-0.28549519127799955,1.0,0,0,1,0
S04920,4,9,35,5,10,0,2020.0,Yes,2,2021.0,Not Placed,UK,9,-0.8785035087145754,-1.409192119894189,2,1,0,0.8971796387921507,-0.580165685056012,1.0,0,0,1,0
S03646,6,4,10,50,9,4,2019.0,Yes,4,2022.0,Placed,Ireland,10,0.6514254809011927,0.10027506630801845,1,4,3,-0.07808872933785782,-0.28549519127799955,3.0,0,1,1,0
S03224,4,3,11,18,11,6,2019.0,Yes,3,2021.0,Not Placed,UK,9,-0.8785035087145754,1.2846262431743656,1,0,2,0.09006098930524706,-0.28549519127799955,2.0,0,0,1,0
S03680,0,5,41,38,14,5,2020.0,No,3,2023.0,Placed,Russia,0,1.6790880252284166,-1.0840761105583296,0,3,2,0.7290299201490454,-0.28549519127799955,3.0,0,1,0,0
S00998,5,6,23,71,5,7,2019.0,No,0,2021.0,Not Placed,UK,9,-0.8785035087145754,0.3789459314530417,5,4,2,0.9308095825207715,-0.28549519127799955,2.0,0,0,0,0
S04003,2,5,36,34,9,6,2019.0,Yes,4,2021.0,Not Placed,UK,9,-0.8785035087145754,-0.48028923607744606,4,0,0,0.9980694699780132,-0.28549519127799955,2.0,0,0,1,0
S04115,5,4,18,33,11,6,2020.0,Yes,1,2021.0,Placed,Ireland,3,1.2714106243042393,0.10027506630801845,3,0,3,-0.07808872933785782,-0.28549519127799955,1.0,0,1,1,0
S02464,1,7,12,10,10,6,2023.0,No,0,2026.0,Not Placed,UK,9,-0.8785035087145754,-0.9911858221766553,1,3,1,0.5608802015059405,-0.28549519127799955,3.0,0,0,0,0
S02659,8,1,21,61,1,6,2020.0,No,4,2021.0,Placed,Finland,9,1.9928468065346083,-0.41062151979119077,5,3,0,0.7962898076062874,0.966854407278553,1.0,0,1,0,0
S02677,0,1,46,43,14,3,2019.0,Yes,3,2021.0,Placed,Finland,6,1.1809427202926248,-0.29450865931409725,2,0,2,0.7626598638776666,-0.28549519127799955,2.0,1,1,1,0
S04997,3,4,30,27,13,4,2023.0,Yes,3,2026.0,Placed,Ireland,2,-0.23483659706437346,1.586519680414808,0,2,3,0.6281400889631826,-0.28549519127799955,3.0,0,1,1,0
S01026,2,4,13,46,12,3,2021.0,No,2,2023.0,Placed,Ireland,12,0.7586145668225387,-0.2712860872186792,5,0,0,-1.8941056906833906,1.279941806917691,2.0,1,1,0,0
S01124,2,3,47,31,9,5,2021.0,Yes,2,2024.0,Placed,India,4,1.8676351259605561,-1.362746975703352,1,1,2,0.25821070794835194,-0.28549519127799955,3.0,0,1,1,0
S04803,5,7,12,29,3,7,2022.0,No,1,2024.0,Placed,UAE,8,1.4733267832142067,-0.24806351512326005,1,2,0,-1.8941056906833906,-0.28549519127799955,2.0,0,1,0,0
S00962,3,7,12,29,8,0,2022.0,Yes,3,2023.0,Placed,UAE,9,1.4850197795260827,0.7737296570751574,1,3,1,0.9980694699780132,-0.28549519127799955,1.0,0,1,1,0
S02120,0,3,39,3,0,6,2022.0,No,0,2024.0,Not Placed,UK,9,-0.8785035087145754,0.6808393686934829,3,3,0,-1.8941056906833906,-0.28549519127799955,2.0,0,0,0,0
S02356,5,8,15,60,1,1,2019.0,No,4,2022.0,Placed,UK,4,0.07507710113757562,1.1685133826972731,5,4,0,-1.8941056906833906,-0.5064980616115089,3.0,0,1,0,0
S01878,7,4,13,7,13,4,2022.0,No,0,2025.0,Placed,Ireland,12,0.3880077106982381,1.4007391036514591,5,3,0,-1.8941056906833906,-0.28549519127799955,3.0,0,1,0,0
S01440,8,7,12,10,13,5,2019.0,Yes,4,2022.0,Placed,UAE,3,0.21868602548731125,-0.689292384936213,4,2,1,-0.11171867306647898,-0.28549519127799955,3.0,0,1,1,0
S01565,4,5,32,30,6,2,2020.0,Yes,4,2023.0,Placed,Russia,8,1.8582294611363321,-1.2001889710354223,4,3,0,-1.8941056906833906,-0.28549519127799955,3.0,1,1,1,0
S03813,9,4,13,46,0,7,2021.0,No,0,2024.0,Not Placed,UK,9,-0.8785035087145754,1.1685133826972731,2,3,2,0.9980694699780132,1.279941806917691,3.0,0,0,0,0
S01437,5,4,13,46,13,6,2021.0,Yes,0,2024.0,Placed,Ireland,3,-0.15095463026720532,1.5632971083193887,5,1,0,-1.8941056906833906,1.279941806917691,3.0,0,1,1,0
S00685,3,5,41,38,11,3,2022.0,Yes,2,2025.0,Not Placed,UK,9,-0.8785035087145754,-0.5499569523637023,1,1,1,0.1573208767624888,-0.28549519127799955,3.0,1,0,1,0
S00372,3,4,18,33,10,1,2020.0,Yes,3,2022.0,Placed,Ireland,11,2.0172384362779314,-0.457066663982028,2,1,1,0.7626598638776666,-0.28549519127799955,2.0,0,1,1,0
S04864,2,1,21,61,2,6,2019.0,No,0,2022.0,Not Placed,UK,9,-0.8785035087145754,-0.6428472407453758,4,1,0,0.12369093303386793,0.966854407278553,3.0,0,0,0,0
S00780,5,6,40,67,13,6,2022.0,Yes,2,2025.0,Placed,South Africa,1,0.8790346822974577,1.1685133826972731,5,4,0,-0.04445878560923697,-0.28549519127799955,3.0,0,1,1,0
S01182,8,7,1,20,8,7,2019.0,No,4,2020.0,Not Placed,UK,9,-0.8785035087145754,-0.8054052454133065,1,0,1,0.45999037032007767,-0.28549519127799955,1.0,0,0,0,0
S03637,9,2,3,12,7,3,2023.0,Yes,0,2024.0,Placed,Germany,1,0.9429813720772453,0.7272845128843202,5,0,1,0.7962898076062874,-0.28549519127799955,1.0,1,1,1,0
S00027,3,4,18,33,12,5,2020.0,No,3,2022.0,Placed,Ireland,0,0.6439719351914303,-0.7589601012224693,4,1,2,0.5608802015059405,-0.28549519127799955,2.0,0,1,0,0
S03186,3,0,25,35,2,1,2019.0,Yes,4,2020.0,Not Placed,UK,9,-0.8785035087145754,-0.5267343802682832,2,0,2,0.9644395262493923,3.6188888512806643,1.0,0,0,1,0
S00283,5,1,49,0,0,1,2022.0,Yes,0,2025.0,Not Placed,UK,9,-0.8785035087145754,-0.13195065464616756,5,0,1,0.8971796387921507,-0.28549519127799955,3.0,0,0,1,0
S03575,8,0,27,72,3,4,2022.0,No,3,2025.0,Placed,Canada,7,-0.03530636151652573,-1.2001889710354223,2,4,2,0.2918406516769728,1.611446112417955,3.0,0,1,0,1
S02674,6,7,12,10,2,1,2021.0,Yes,0,2022.0,Placed,UAE,8,1.4871296456396927,-0.8054052454133065,2,4,2,0.6953999764204246,-0.28549519127799955,1.0,0,1,1,0
S02694,5,4,13,51,4,6,2019.0,No,4,2022.0,Placed,Ireland,4,0.36541045307022807,-0.24806351512326005,0,0,0,-1.8941056906833906,-0.28549519127799955,3.0,0,1,0,0
S00660,6,1,49,70,10,4,2021.0,Yes,1,2024.0,Not Placed,UK,9,-0.8785035087145754,0.4253910756438789,4,0,3,1.031699413706634,-0.28549519127799955,3.0,0,0,1,0
S00492,6,9,35,32,6,6,2019.0,No,4,2021.0,Placed,USA,3,0.47386151498476137,-0.31773123140951637,3,1,3,0.7290299201490454,-0.1197430385278676,2.0,0,1,0,0
S02193,0,4,13,46,12,2,2021.0,No,2,2022.0,Placed,Ireland,2,1.8966802921787576,-0.9447406779858181,0,1,3,0.45999037032007767,1.279941806917691,1.0,1,1,0,0
S03815,2,1,21,61,13,3,2019.0,No,3,2022.0,Placed,Finland,1,1.34076014880486,-1.0376309663674925,3,2,2,0.7626598638776666,0.966854407278553,3.0,1,1,0,0
S04113,4,7,12,58,4,5,2023.0,Yes,1,2025.0,Placed,UAE,4,1.5899018155848832,1.0524005222201807,2,2,0,-1.8941056906833906,-0.28549519127799955,2.0,0,1,1,0
S04191,2,9,42,40,2,2,2022.0,No,0,2025.0,Placed,USA,7,0.004623347642916076,-0.9679632500812362,0,0,2,0.6953999764204246,-0.819585461250647,3.0,1,1,0,0
S02263,4,5,24,19,0,6,2019.0,Yes,4,2020.0,Not Placed,UK,9,-0.8785035087145754,0.44861364773929696,2,2,2,0.6953999764204246,-0.28549519127799955,1.0,0,0,1,0
S03294,4,8,15,60,7,6,2022.0,No,2,2024.0,Not Placed,UK,9,-0.8785035087145754,-0.7357375291270501,3,2,1,-0.178978560523721,-0.5064980616115089,2.0,0,0,0,0
S03527,8,0,37,65,13,3,2023.0,Yes,3,2026.0,Not Placed,UK,9,-0.8785035087145754,-0.13195065464616756,3,3,0,0.25821070794835194,-0.28549519127799955,3.0,1,0,1,0
S04354,3,7,12,29,12,5,2020.0,No,2,2023.0,Placed,UAE,12,1.1623088560182187,0.8433973733614127,5,3,1,0.19095082049110992,-0.28549519127799955,3.0,0,1,0,0
S02932,5,6,19,37,1,2,2020.0,Yes,4,2023.0,Not Placed,UK,9,-0.8785035087145754,0.26283307097594816,4,2,1,0.6617700326918035,-0.28549519127799955,3.0,1,0,1,0
S02773,9,4,13,7,9,6,2022.0,Yes,1,2023.0,Placed,Ireland,10,1.1479538790957133,-1.4788598361804455,1,4,0,1.1325892448924972,-0.28549519127799955,1.0,0,1,1,0
S04514,9,6,44,41,12,3,2020.0,Yes,3,2023.0,Placed,South Africa,5,0.8326570645478246,0.3092782151667854,5,3,2,0.9644395262493923,-0.28549519127799955,3.0,1,1,1,0
S04629,4,9,42,40,4,2,2021.0,No,4,2022.0,Not Placed,UK,9,-0.8785035087145754,0.3325007872622045,5,3,2,0.09006098930524706,-0.819585461250647,1.0,1,0,0,0
S02614,7,3,47,31,12,1,2022.0,Yes,0,2024.0,Not Placed,UK,9,-0.8785035087145754,1.4471842478422963,4,0,2,0.3591005391342148,-0.28549519127799955,2.0,0,0,1,0
S01328,6,8,27,21,2,5,2022.0,No,3,2023.0,Not Placed,UK,9,-0.8785035087145754,0.26283307097594816,4,3,1,0.056431045576625906,-0.35916281472250267,1.0,0,0,0,0
S04836,7,4,13,51,11,1,2022.0,Yes,0,2023.0,Not Placed,UK,9,-0.8785035087145754,-1.2930792594170966,1,3,0,0.8971796387921507,-0.28549519127799955,1.0,0,0,1,0
S03094,1,2,3,42,9,6,2023.0,Yes,1,2026.0,Placed,Germany,11,1.7740911554655479,0.5182813640255532,4,2,0,0.9308095825207715,-0.28549519127799955,3.0,0,1,1,0
S03966,4,8,27,17,5,5,2023.0,Yes,1,2026.0,Not Placed,UK,9,-0.8785035087145754,0.913065089647669,5,4,3,0.42636042659145684,-0.8011685553895213,3.0,0,0,1,0
S00315,1,7,43,2,9,1,2023.0,No,4,2025.0,Placed,UAE,9,0.16102949729856664,1.7026325408919005,2,0,0,0.8971796387921507,-0.28549519127799955,2.0,0,1,0,0
S01351,6,0,16,52,1,5,2023.0,Yes,1,2026.0,Not Placed,UK,9,-0.8785035087145754,-1.385969547798771,2,1,0,0.45999037032007767,1.114189654167559,3.0,0,0,1,0
S03723,3,9,5,25,13,0,2021.0,No,0,2022.0,Placed,USA,2,-0.006971056794492211,1.0988456664110178,3,4,0,-1.8941056906833906,-0.8932530846951501,1.0,0,1,0,0
S03075,3,4,30,27,1,1,2023.0,Yes,4,2024.0,Placed,Ireland,4,-0.25025636623113073,0.3092782151667854,2,0,1,0.056431045576625906,-0.28549519127799955,1.0,0,1,1,0
S02733,5,7,12,58,7,6,2020.0,No,0,2021.0,Placed,UAE,11,1.470585929104003,0.5182813640255532,4,4,2,-0.21260850425234185,-0.28549519127799955,1.0,0,1,0,0
S01247,3,5,32,24,9,6,2022.0,Yes,2,2024.0,Not Placed,UK,9,-0.8785035087145754,0.5879490803118086,4,3,0,-1.8941056906833906,0.6906008193616664,2.0,0,0,1,0
S00109,3,1,22,59,14,7,2022.0,Yes,2,2024.0,Not Placed,UK,9,-0.8785035087145754,1.1685133826972731,1,2,2,-0.14534861679509983,-0.28549519127799955,2.0,0,0,1,0
S03806,6,3,47,31,0,1,2023.0,No,3,2025.0,Not Placed,UK,9,-0.8785035087145754,-1.618195268752957,3,4,3,-0.04445878560923697,-0.28549519127799955,2.0,0,0,0,0
S02759,2,3,8,16,7,0,2023.0,Yes,0,2025.0,Not Placed,UK,9,-0.8785035087145754,1.4936293920331336,5,4,3,0.2918406516769728,-0.28549519127799955,2.0,0,0,1,0
S04676,3,9,9,57,2,7,2021.0,No,2,2023.0,Placed,USA,5,1.3129572402049523,-1.5485275524667008,2,3,1,0.7290299201490454,-0.5617487791948862,2.0,0,1,0,0
S01368,8,9,5,25,14,5,2019.0,No,1,2021.0,Placed,USA,12,1.147697540222097,-0.9679632500812362,4,1,1,0.6281400889631826,-0.8932530846951501,2.0,0,1,0,0
S00288,1,0,37,65,3,1,2022.0,Yes,0,2023.0,Not Placed,UK,9,-0.8785035087145754,1.7490776850827376,1,2,0,0.9980694699780132,-0.28549519127799955,1.0,0,0,1,0
S02662,5,4,13,45,1,1,2022.0,Yes,1,2025.0,Placed,Ireland,0,1.6446400242893822,1.4936293920331336,4,1,0,-1.8941056906833906,-0.28549519127799955,3.0,0,1,1,0
S04903,5,6,23,71,9,0,2022.0,Yes,2,2023.0,Not Placed,UK,9,-0.8785035087145754,-0.8054052454133065,0,0,3,0.3591005391342148,-0.28549519127799955,1.0,0,0,1,0
S01512,0,5,32,30,10,2,2022.0,No,1,2024.0,Placed,Russia,9,-0.2200675342691034,0.7505070849797383,3,1,1,0.3591005391342148,-0.28549519127799955,2.0,1,1,0,0
S04145,8,9,35,5,0,7,2022.0,No,1,2025.0,Not Placed,UK,9,-0.8785035087145754,-1.153743826844585,3,3,2,1.0989593011638763,-0.580165685056012,3.0,0,0,0,0
S03881,1,2,34,22,1,4,2020.0,No,3,2021.0,Placed,Germany,9,1.4123575680433453,0.913065089647669,3,2,1,-0.07808872933785782,-0.28549519127799955,1.0,0,1,0,0
S03784,2,1,17,1,9,6,2020.0,No,0,2023.0,Not Placed,UK,9,-0.8785035087145754,0.05382992211718125,5,0,3,0.2918406516769728,0.8747698779729242,3.0,0,0,0,0
S03447,9,0,48,69,7,0,2021.0,Yes,0,2023.0,Placed,Canada,0,1.0325225124688626,0.7272845128843202,1,0,3,0.3591005391342148,-0.5249149674726347,2.0,0,1,1,1
S02362,7,9,35,32,14,2,2021.0,No,1,2022.0,Placed,USA,12,-0.13344471336173158,0.9595102338385062,2,3,0,-1.8941056906833906,-0.1197430385278676,1.0,1,1,0,0
S02771,7,3,2,13,6,2,2023.0,No,2,2025.0,Placed,India,0,-0.11922776506348096,-0.6196246686499577,5,3,0,-1.8941056906833906,0.5800993841949118,2.0,1,1,0,0
S01506,9,6,23,62,0,2,2019.0,Yes,3,2021.0,Not Placed,UK,9,-0.8785035087145754,-0.2712860872186792,4,2,3,0.5945101452345617,-0.28549519127799955,2.0,1,0,1,0
S02042,4,1,26,23,5,3,2023.0,No,3,2024.0,Placed,Finland,0,1.2748613399106108,-0.9447406779858181,1,0,0,0.49362031404869855,-0.28549519127799955,1.0,1,1,0,0
S02785,4,3,39,3,9,3,2022.0,No,2,2024.0,Placed,India,1,0.9281728725321882,-1.2234115431308403,1,3,2,-0.04445878560923697,-0.28549519127799955,2.0,1,1,0,0
S02206,6,4,13,46,3,0,2020.0,No,2,2022.0,Placed,Ireland,5,1.2656922955851093,1.4471842478422963,5,0,3,0.6617700326918035,1.279941806917691,2.0,0,1,0,0
S03948,0,6,7,56,0,5,2020.0,Yes,4,2021.0,Placed,South Africa,1,1.8259701998104818,-0.5731795244591205,4,2,0,0.6617700326918035,3.195300016474772,1.0,0,1,1,0
S01057,6,1,17,1,6,0,2020.0,Yes,1,2023.0,Not Placed,UK,9,-0.8785035087145754,1.7026325408919005,2,3,3,0.02280110184800505,0.8747698779729242,3.0,0,0,1,0
S03207,5,9,9,57,6,6,2020.0,Yes,1,2021.0,Placed,USA,1,0.6165633940893936,-0.41062151979119077,5,1,3,0.12369093303386793,-0.5617487791948862,1.0,0,1,1,0
S04148,6,5,36,34,9,3,2023.0,Yes,2,2024.0,Placed,Russia,2,0.7006819813852844,-0.8518503896041437,4,4,3,-0.14534861679509983,-0.28549519127799955,1.0,1,1,1,0
S00028,1,8,27,48,8,1,2023.0,Yes,4,2024.0,Placed,UK,0,1.6924570834062447,1.2381810989835285,3,2,0,-1.8941056906833906,-0.7459178378061438,1.0,0,1,1,0
S03931,2,1,49,70,5,4,2021.0,Yes,4,2024.0,Placed,Finland,8,0.235624109520872,-1.153743826844585,1,3,0,0.02280110184800505,-0.28549519127799955,3.0,0,1,1,0
S01088,4,3,11,18,1,1,2020.0,Yes,1,2021.0,Not Placed,UK,9,-0.8785035087145754,-0.5267343802682832,3,2,0,0.2245807642197308,-0.28549519127799955,1.0,0,0,1,0
S01069,6,8,29,64,14,4,2023.0,Yes,0,2026.0,Placed,UK,3,1.0153872446863665,-1.4788598361804455,4,0,1,0.42636042659145684,-0.41441353230587996,3.0,0,1,1,0
S01714,4,8,27,17,11,1,2023.0,No,1,2025.0,Not Placed,UK,9,-0.8785035087145754,1.6561873967010632,0,1,3,0.056431045576625906,-0.8011685553895213,2.0,0,0,0,0
S04312,2,4,13,45,0,3,2019.0,No,4,2020.0,Not Placed,UK,9,-0.8785035087145754,-0.3641763756003536,2,2,2,-0.178978560523721,-0.28549519127799955,1.0,1,0,0,0
S04933,0,7,12,58,0,4,2023.0,Yes,0,2025.0,Placed,UAE,5,0.6874509518317113,-1.0608535384629105,4,4,1,0.02280110184800505,-0.28549519127799955,2.0,0,1,1,0
S02452,3,2,45,68,5,1,2023.0,No,3,2025.0,Not Placed,UK,9,-0.8785035087145754,0.28605564307136727,1,4,0,-0.07808872933785782,4.8344046381149655,2.0,0,0,0,0
S01763,3,0,48,69,11,0,2022.0,Yes,2,2024.0,Not Placed,UK,9,-0.8785035087145754,0.9595102338385062,3,0,0,0.5608802015059405,-0.5249149674726347,2.0,0,0,1,0
S04832,4,6,44,41,6,5,2020.0,Yes,3,2023.0,Not Placed,UK,9,-0.8785035087145754,1.4704068199377145,0,0,3,-0.010828841880616107,-0.28549519127799955,3.0,0,0,1,0
S04469,7,3,11,18,2,1,2021.0,No,4,2022.0,Placed,India,5,1.2688077988182904,0.4718362198347161,4,2,2,0.6281400889631826,-0.28549519127799955,1.0,0,1,0,0
S02319,2,7,43,2,7,5,2019.0,No,2,2021.0,Placed,UAE,0,0.3204525583129306,-0.13195065464616756,4,0,3,0.2245807642197308,-0.28549519127799955,2.0,0,1,0,0
S02110,0,5,36,34,9,4,2021.0,Yes,3,2024.0,Placed,Russia,0,1.6932261000270932,1.7490776850827376,2,0,1,0.1573208767624888,-0.28549519127799955,3.0,0,1,1,0
S00645,0,2,3,42,9,3,2021.0,Yes,2,2022.0,Placed,Germany,9,1.1774328495615727,0.10027506630801845,5,2,2,0.5945101452345617,-0.28549519127799955,1.0,1,1,1,0
S02223,3,2,20,9,14,5,2019.0,Yes,1,2022.0,Placed,Germany,9,0.5313011410496769,-1.362746975703352,4,2,0,0.7626598638776666,-0.28549519127799955,3.0,0,1,1,0
S00737,0,8,15,60,14,6,2021.0,Yes,0,2022.0,Placed,UK,3,0.3298582231371547,0.35572335935762256,5,2,1,1.0989593011638763,-0.5064980616115089,1.0,0,1,1,0
S02403,4,6,40,67,9,4,2019.0,No,3,2021.0,Not Placed,UK,9,-0.8785035087145754,-0.7357375291270501,5,0,2,1.0653293574352556,-0.28549519127799955,2.0,0,0,0,0
S01678,9,7,43,2,5,1,2021.0,No,0,2024.0,Placed,UAE,2,-0.27774378083274154,0.6111716524072267,0,4,2,1.031699413706634,-0.28549519127799955,3.0,0,1,0,0
S03462,8,1,21,61,0,7,2019.0,Yes,4,2020.0,Not Placed,UK,9,-0.8785035087145754,0.35572335935762256,0,0,0,-0.14534861679509983,0.966854407278553,1.0,0,0,1,0
S00576,3,2,20,9,7,7,2021.0,No,3,2023.0,Not Placed,UK,9,-0.8785035087145754,1.2149585268881102,5,1,0,0.5945101452345617,-0.28549519127799955,2.0,0,0,0,0
S04967,5,7,12,29,3,6,2021.0,No,0,2024.0,Placed,UAE,5,1.2642528542178801,1.6561873967010632,2,2,0,0.7290299201490454,-0.28549519127799955,3.0,0,1,0,0
S04578,8,7,12,26,8,5,2020.0,No,1,2023.0,Not Placed,UK,9,-0.8785035087145754,1.0291779501247615,3,4,1,0.6617700326918035,-0.28549519127799955,3.0,0,0,0,0
S04811,9,3,11,15,3,0,2022.0,Yes,1,2025.0,Not Placed,UK,9,-0.8785035087145754,0.8666199454568319,2,1,0,-1.8941056906833906,2.348122346862986,3.0,0,0,1,0
S01969,2,6,40,67,2,3,2022.0,No,4,2024.0,Placed,South Africa,10,-0.17668710950329006,-0.08550551045533036,3,1,3,0.19095082049110992,-0.28549519127799955,2.0,1,1,0,0
S01743,4,7,12,26,5,2,2020.0,No,4,2022.0,Placed,UAE,2,-0.25128172172559543,-0.5731795244591205,5,1,1,1.031699413706634,-0.28549519127799955,2.0,1,1,0,0
S00945,1,3,11,6,9,2,2019.0,No,3,2020.0,Not Placed,UK,9,-0.8785035087145754,-1.7110855571346315,5,3,0,-1.8941056906833906,-0.28549519127799955,1.0,1,0,0,0
S03816,5,2,3,42,3,4,2022.0,Yes,2,2024.0,Placed,Germany,1,1.6269920787596537,-1.6646404129437942,1,3,1,-0.178978560523721,-0.28549519127799955,2.0,0,1,1,0
S01072,4,5,32,4,14,1,2019.0,No,4,2021.0,Placed,Russia,12,1.7166515294006324,-0.8750729616995618,5,0,0,0.8635496950635292,-0.28549519127799955,2.0,0,1,0,0
S03855,9,4,18,33,2,1,2021.0,No,2,2023.0,Not Placed,UK,9,-0.8785035087145754,1.1452908106018551,4,3,3,0.45999037032007767,-0.28549519127799955,2.0,0,0,0,0
S04857,7,1,49,0,3,1,2021.0,Yes,0,2022.0,Not Placed,UK,9,-0.8785035087145754,0.21638792678511096,2,2,0,-1.8941056906833906,-0.28549519127799955,1.0,0,0,1,0
S03859,5,3,8,16,12,6,2019.0,Yes,1,2020.0,Not Placed,UK,9,-0.8785035087145754,1.122068238506436,1,3,0,-1.8941056906833906,-0.28549519127799955,1.0,0,0,1,0
S04276,6,4,13,51,6,0,2019.0,Yes,2,2020.0,Not Placed,UK,9,-0.8785035087145754,-0.31773123140951637,3,3,1,0.32547059540559364,-0.28549519127799955,1.0,0,0,1,0
S01171,0,5,32,4,6,4,2019.0,No,0,2022.0,Not Placed,UK,9,-0.8785035087145754,-0.2712860872186792,0,1,1,0.5945101452345617,-0.28549519127799955,3.0,0,0,0,0
S03107,9,4,30,27,13,2,2022.0,No,2,2024.0,Placed,Ireland,6,1.2517316861604748,0.44861364773929696,0,2,3,-0.04445878560923697,-0.28549519127799955,2.0,1,1,0,0
S03523,6,0,31,28,14,6,2020.0,No,4,2021.0,Placed,Canada,4,0.6005717920507233,-0.8054052454133065,0,4,1,0.5272502577773197,-0.41441353230587996,1.0,0,1,0,1
S03810,8,9,5,8,5,7,2020.0,Yes,0,2022.0,Not Placed,UK,9,-0.8785035087145754,0.4950587919301342,5,3,1,-0.14534861679509983,-0.8380023671117728,2.0,0,0,1,0
S01896,2,3,33,14,2,6,2020.0,Yes,0,2021.0,Placed,India,5,0.5320307209207383,-0.4338440918866089,5,3,0,-1.8941056906833906,-0.08290922680561606,1.0,0,1,1,0
S04252,7,2,45,68,8,7,2021.0,Yes,1,2023.0,Not Placed,UK,9,-0.8785035087145754,1.4704068199377145,4,2,2,-0.07808872933785782,4.8344046381149655,2.0,0,0,1,0
S03842,8,6,40,67,10,7,2022.0,Yes,2,2023.0,Placed,South Africa,4,1.7824517464204137,1.7026325408919005,5,1,0,-1.8941056906833906,-0.28549519127799955,1.0,0,1,1,0
S04530,8,9,28,49,3,0,2019.0,No,4,2021.0,Not Placed,UK,9,-0.8785035087145754,-0.898295533794981,2,0,0,-0.11171867306647898,-0.3407459088613769,2.0,0,0,0,0
S02041,2,9,35,32,14,7,2023.0,No,2,2025.0,Placed,USA,1,0.21890292761114033,1.4239616757468772,1,3,2,0.5608802015059405,-0.1197430385278676,2.0,0,1,0,0
S01376,9,4,13,45,13,2,2021.0,No,4,2023.0,Not Placed,UK,9,-0.8785035087145754,-0.06228293835991124,2,3,1,1.1325892448924972,-0.28549519127799955,2.0,1,0,0,0
S01966,8,0,50,39,4,7,2019.0,Yes,2,2020.0,Not Placed,UK,9,-0.8785035087145754,-0.5035118081728652,4,1,0,-1.8941056906833906,-0.28549519127799955,1.0,0,0,1,0
S03009,7,1,46,43,13,5,2023.0,Yes,1,2026.0,Placed,Finland,0,1.7760432745800094,1.586519680414808,2,2,3,-0.07808872933785782,-0.28549519127799955,3.0,0,1,1,0
S00850,6,4,13,45,1,2,2021.0,No,0,2023.0,Not Placed,UK,9,-0.8785035087145754,1.0291779501247615,5,0,3,0.45999037032007767,-0.28549519127799955,2.0,1,0,0,0
S01965,7,2,20,9,10,7,2019.0,Yes,1,2022.0,Not Placed,UK,9,-0.8785035087145754,0.16994278259427376,1,1,2,-0.010828841880616107,-0.28549519127799955,3.0,0,0,1,0
S02818,5,1,49,0,10,5,2019.0,No,0,2020.0,Placed,Finland,8,0.43180222133681595,-0.898295533794981,2,4,2,0.8299197513349084,-0.28549519127799955,1.0,0,1,0,0
S00002,8,2,0,36,3,4,2023.0,Yes,1,2024.0,Placed,Germany,5,-0.22866474572269183,-1.5020824082758635,4,1,2,0.7626598638776666,1.040522030723056,1.0,0,1,1,0
S03363,6,8,29,64,10,5,2021.0,No,3,2024.0,Placed,UK,4,1.31244456245772,-0.457066663982028,1,0,0,0.7626598638776666,-0.41441353230587996,3.0,0,1,0,0
S02661,3,7,12,58,11,6,2023.0,Yes,3,2025.0,Placed,UAE,2,1.7474319126094662,-0.48028923607744606,0,3,3,1.031699413706634,-0.28549519127799955,2.0,0,1,1,0
S04436,7,8,27,21,14,2,2019.0,Yes,4,2021.0,Not Placed,UK,9,-0.8785035087145754,-1.1072986826537479,5,4,3,0.8299197513349084,-0.35916281472250267,2.0,1,0,1,0
S04502,1,7,12,29,7,2,2019.0,No,0,2020.0,Placed,UAE,10,-0.18709841144708525,1.4936293920331336,5,1,2,-0.21260850425234185,-0.28549519127799955,1.0,1,1,0,0
S01795,5,6,7,56,9,2,2023.0,No,3,2025.0,Not Placed,UK,9,-0.8785035087145754,-0.38739894769577166,1,4,0,0.056431045576625906,3.195300016474772,2.0,1,0,0,0
S04914,6,9,35,32,2,2,2021.0,No,1,2022.0,Not Placed,UK,9,-0.8785035087145754,-1.641417840848375,3,4,2,0.8971796387921507,-0.1197430385278676,1.0,1,0,0,0
S01819,5,4,13,45,0,2,2023.0,No,4,2026.0,Not Placed,UK,9,-0.8785035087145754,0.5647265082163905,4,4,2,1.1325892448924972,-0.28549519127799955,3.0,1,0,0,0
S00520,4,7,12,29,13,5,2020.0,Yes,1,2022.0,Placed,UAE,0,0.47788406346304585,1.2614036710789476,3,3,0,0.25821070794835194,-0.28549519127799955,2.0,0,1,1,0
S02416,7,8,4,53,10,7,2021.0,Yes,3,2023.0,Not Placed,UK,9,-0.8785035087145754,-0.01583779416907404,1,4,1,-0.11171867306647898,0.6353501017782891,2.0,0,0,1,0
S03343,6,3,8,16,9,1,2023.0,Yes,1,2026.0,Placed,India,9,0.3738696358995616,-0.9679632500812362,3,3,1,-0.14534861679509983,-0.28549519127799955,3.0,0,1,1,0
S02653,5,1,49,70,1,0,2021.0,Yes,4,2024.0,Placed,Finland,4,1.7680376143732275,0.007384777926344049,5,0,1,-0.04445878560923697,-0.28549519127799955,3.0,0,1,1,0
S04483,7,4,13,7,0,2,2021.0,No,3,2022.0,Placed,Ireland,6,1.941855089059884,-0.41062151979119077,2,0,1,0.12369093303386793,-0.28549519127799955,1.0,1,1,0,0
S03693,4,6,40,67,14,7,2022.0,Yes,2,2023.0,Placed,South Africa,0,1.9294522312518403,1.2846262431743656,5,4,1,0.7962898076062874,-0.28549519127799955,1.0,0,1,1,0
S02868,6,5,24,19,11,0,2020.0,Yes,0,2023.0,Placed,Russia,0,0.0199445249352056,0.5182813640255532,0,4,3,0.12369093303386793,-0.28549519127799955,3.0,0,1,1,0
S02287,9,2,34,44,7,3,2021.0,No,0,2024.0,Not Placed,UK,9,-0.8785035087145754,-1.2698566873216774,2,0,0,-1.8941056906833906,-0.08290922680561606,3.0,1,0,0,0
S04452,8,2,3,12,10,0,2021.0,Yes,2,2023.0,Not Placed,UK,9,-0.8785035087145754,0.007384777926344049,1,4,1,0.09006098930524706,-0.28549519127799955,2.0,0,0,1,0
S01788,8,2,3,42,12,0,2022.0,Yes,1,2025.0,Not Placed,UK,9,-0.8785035087145754,0.12349763840343654,2,0,3,0.6281400889631826,-0.28549519127799955,3.0,0,0,1,0
S00370,2,7,1,20,0,3,2021.0,No,3,2022.0,Placed,UAE,11,-0.02747816668378578,1.5168519641285516,3,3,3,0.2918406516769728,-0.28549519127799955,1.0,1,1,0,0
S01579,6,8,6,55,13,4,2020.0,No,1,2023.0,Not Placed,UK,9,-0.8785035087145754,0.4718362198347161,0,0,0,0.8971796387921507,-0.8748361788340243,3.0,0,0,0,0
S02751,5,7,12,26,9,7,2019.0,Yes,3,2022.0,Placed,UAE,12,0.4634699314158597,-1.4788598361804455,4,4,1,0.32547059540559364,-0.28549519127799955,3.0,0,1,1,0
S03752,5,6,14,63,8,2,2022.0,No,1,2023.0,Not Placed,UK,9,-0.8785035087145754,0.704061940788901,1,1,2,0.42636042659145684,-0.28549519127799955,1.0,1,0,0,0
S02293,9,8,27,21,0,3,2021.0,Yes,0,2024.0,Placed,UK,5,0.071015115909504,0.3789459314530417,1,3,3,0.45999037032007767,-0.35916281472250267,3.0,1,1,1,0
S01989,5,3,33,14,5,6,2020.0,No,2,2023.0,Not Placed,UK,9,-0.8785035087145754,0.5647265082163905,1,0,3,0.9980694699780132,-0.08290922680561606,3.0,0,0,0,0
S00720,2,7,12,29,6,1,2022.0,No,1,2024.0,Not Placed,UK,9,-0.8785035087145754,-1.5020824082758635,3,3,0,-1.8941056906833906,-0.28549519127799955,2.0,0,0,0,0
S04281,5,8,6,55,3,3,2020.0,No,4,2021.0,Not Placed,UK,9,-0.8785035087145754,-1.1072986826537479,2,2,2,0.5945101452345617,-0.8748361788340243,1.0,1,0,0,0
S02019,9,1,21,61,11,0,2021.0,No,3,2023.0,Placed,Finland,11,2.0346891980587247,-0.20161837093242285,3,4,1,0.49362031404869855,0.966854407278553,2.0,0,1,0,0
S01830,3,7,12,58,5,2,2022.0,No,0,2025.0,Placed,UAE,0,0.5376307393905069,0.5182813640255532,1,0,0,0.02280110184800505,-0.28549519127799955,3.0,1,1,0,0
S04761,4,7,12,10,6,3,2020.0,Yes,3,2023.0,Placed,UAE,0,1.5999976235303817,0.7737296570751574,4,0,2,-0.14534861679509983,-0.28549519127799955,3.0,1,1,1,0
S04918,0,3,11,15,3,2,2021.0,No,4,2024.0,Not Placed,UK,9,-0.8785035087145754,1.7258551129873196,5,0,1,0.1573208767624888,2.348122346862986,3.0,1,0,0,0
S03034,4,2,45,68,9,5,2022.0,Yes,4,2024.0,Placed,Germany,6,1.5914201304516866,-0.8518503896041437,3,0,0,-1.8941056906833906,4.8344046381149655,2.0,0,1,1,0
S00988,0,7,12,29,2,3,2023.0,Yes,2,2026.0,Not Placed,UK,9,-0.8785035087145754,0.14672021049885567,3,3,0,0.09006098930524706,-0.28549519127799955,3.0,1,0,1,0
S03998,1,0,37,65,10,0,2020.0,Yes,0,2021.0,Not Placed,UK,9,-0.8785035087145754,-1.339524403607934,1,2,2,0.6281400889631826,-0.28549519127799955,1.0,0,0,1,0
S04708,9,3,33,14,5,4,2021.0,Yes,0,2023.0,Not Placed,UK,9,-0.8785035087145754,-0.4338440918866089,1,4,0,-1.8941056906833906,-0.08290922680561606,2.0,0,0,1,0
S03513,9,6,7,56,1,2,2022.0,Yes,0,2024.0,Not Placed,UK,9,-0.8785035087145754,-1.0840761105583296,0,4,2,0.5608802015059405,3.195300016474772,2.0,1,0,1,0
S01485,2,3,11,15,1,0,2020.0,Yes,3,2021.0,Not Placed,UK,9,-0.8785035087145754,0.8433973733614127,2,2,2,0.45999037032007767,2.348122346862986,1.0,0,0,1,0
S02344,6,5,36,34,13,4,2020.0,No,3,2022.0,Placed,Russia,5,-0.25780850381536097,-0.7125149570316321,1,4,0,0.9308095825207715,-0.28549519127799955,2.0,0,1,0,0
S04839,1,9,35,32,3,3,2023.0,No,0,2025.0,Placed,USA,12,0.25877348164590147,-0.9911858221766553,0,1,1,0.6953999764204246,-0.1197430385278676,2.0,1,1,0,0
S02472,3,8,4,53,6,6,2022.0,Yes,2,2023.0,Placed,UK,12,1.1548947470582434,0.8201748012659946,1,1,0,1.031699413706634,0.6353501017782891,1.0,0,1,1,0
S00887,6,2,0,36,10,4,2019.0,Yes,3,2022.0,Not Placed,UK,9,-0.8785035087145754,-0.10872808255074845,3,3,2,0.9308095825207715,1.040522030723056,3.0,0,0,1,0
S02576,5,4,10,50,10,6,2020.0,Yes,2,2023.0,Placed,Ireland,8,0.7729301069952571,-0.6428472407453758,0,1,0,1.0653293574352556,-0.28549519127799955,3.0,0,1,1,0
S01929,8,1,21,61,6,1,2022.0,No,0,2024.0,Placed,Finland,4,1.6333413954753773,-1.4556372640850264,5,2,3,0.7626598638776666,0.966854407278553,2.0,0,1,0,0
S03899,3,8,38,66,7,7,2023.0,No,1,2024.0,Not Placed,UK,9,-0.8785035087145754,-0.9911858221766553,4,2,2,0.02280110184800505,-0.8564192729728985,1.0,0,0,0,0
S03656,2,7,12,29,14,0,2021.0,No,0,2023.0,Placed,UAE,8,0.2275395758145159,0.28605564307136727,0,3,1,0.056431045576625906,-0.28549519127799955,2.0,0,1,0,0
S03785,4,1,49,70,9,3,2022.0,Yes,1,2025.0,Placed,Finland,0,1.7916996642454894,-1.1769663989400032,5,2,2,0.32547059540559364,-0.28549519127799955,3.0,1,1,1,0
S03990,3,2,20,9,8,0,2023.0,Yes,2,2026.0,Not Placed,UK,9,-0.8785035087145754,-0.6660698128407949,1,2,0,-1.8941056906833906,-0.28549519127799955,3.0,0,0,1,0
S01647,5,7,1,73,2,5,2020.0,No,1,2022.0,Placed,UAE,9,1.8189898950981647,1.7026325408919005,1,3,1,1.1325892448924972,-0.28549519127799955,2.0,0,1,0,0
S03901,4,6,7,56,0,6,2022.0,Yes,2,2023.0,Placed,South Africa,7,0.6048703977775176,-1.5253049803712826,1,4,0,-1.8941056906833906,3.195300016474772,1.0,0,1,1,0
S00022,0,6,23,62,0,1,2019.0,Yes,4,2020.0,Placed,South Africa,2,0.5322081862947803,-1.1769663989400032,2,1,1,0.2918406516769728,-0.28549519127799955,1.0,0,1,1,0
S02150,2,1,26,23,14,1,2019.0,Yes,1,2020.0,Not Placed,UK,9,-0.8785035087145754,-1.339524403607934,2,3,1,-0.178978560523721,-0.28549519127799955,1.0,0,0,1,0
S00292,7,8,27,48,3,6,2020.0,Yes,3,2022.0,Not Placed,UK,9,-0.8785035087145754,-0.24806351512326005,5,2,0,-1.8941056906833906,-0.7459178378061438,2.0,0,0,1,0
S03759,5,1,22,59,1,3,2021.0,No,1,2024.0,Placed,Finland,9,1.0994663952324701,-0.5267343802682832,4,0,3,0.9308095825207715,-0.28549519127799955,3.0,1,1,0,0
S00033,6,9,28,49,9,6,2021.0,No,1,2023.0,Placed,USA,11,1.7194909753853038,-1.0376309663674925,0,4,2,0.8971796387921507,-0.3407459088613769,2.0,0,1,0,0
S04264,2,7,1,73,5,0,2023.0,Yes,0,2026.0,Placed,UAE,2,0.9330235927560018,-1.153743826844585,2,1,3,0.6617700326918035,-0.28549519127799955,3.0,0,1,1,0
S04001,4,0,37,65,13,3,2020.0,Yes,0,2021.0,Placed,Canada,11,1.257095084131521,-1.4324146919896081,5,3,0,0.9980694699780132,-0.28549519127799955,1.0,1,1,1,1
S00188,0,5,36,34,6,4,2019.0,Yes,4,2020.0,Placed,Russia,9,0.5134165750212257,-0.6196246686499577,5,2,2,1.0653293574352556,-0.28549519127799955,1.0,0,1,1,0
S04834,2,1,26,23,12,2,2021.0,No,1,2023.0,Placed,Finland,0,0.9595842437376156,-1.4788598361804455,1,1,3,-0.11171867306647898,-0.28549519127799955,2.0,1,1,0,0
S02276,4,3,39,3,2,5,2022.0,No,1,2024.0,Placed,India,10,0.33670049922521705,-0.38739894769577166,2,1,0,0.42636042659145684,-0.28549519127799955,2.0,0,1,0,0
S01734,5,9,35,5,3,0,2023.0,Yes,4,2025.0,Placed,USA,3,0.4989432878493589,-1.4788598361804455,0,4,1,0.45999037032007767,-0.580165685056012,2.0,0,1,1,0
S00810,8,6,23,71,7,1,2020.0,Yes,4,2022.0,Not Placed,UK,9,-0.8785035087145754,-1.362746975703352,1,0,1,0.02280110184800505,-0.28549519127799955,2.0,0,0,1,0
S04759,5,7,1,73,1,6,2023.0,Yes,4,2026.0,Not Placed,UK,9,-0.8785035087145754,-1.7110855571346315,2,3,1,0.2245807642197308,-0.28549519127799955,3.0,0,0,1,0
S03319,4,9,28,49,3,7,2023.0,Yes,3,2024.0,Placed,USA,11,-0.10390658777119144,-1.594972696657538,4,0,2,0.5272502577773197,-0.3407459088613769,1.0,0,1,1,0
S03142,9,2,3,42,5,2,2022.0,Yes,3,2025.0,Not Placed,UK,9,-0.8785035087145754,0.35572335935762256,5,3,0,-1.8941056906833906,-0.28549519127799955,3.0,1,0,1,0
S02300,6,7,12,26,5,7,2022.0,No,0,2025.0,Not Placed,UK,9,-0.8785035087145754,0.007384777926344049,0,0,0,-1.8941056906833906,-0.28549519127799955,3.0,0,0,0,0
S01725,7,6,14,63,13,7,2022.0,Yes,3,2024.0,Not Placed,UK,9,-0.8785035087145754,0.9362876617430871,1,1,1,1.1325892448924972,-0.28549519127799955,2.0,0,0,1,0
S01258,5,9,5,8,8,4,2020.0,No,0,2021.0,Not Placed,UK,9,-0.8785035087145754,1.609742252510226,1,4,2,0.9308095825207715,-0.8380023671117728,1.0,0,0,0,0
S02886,5,9,42,40,9,3,2019.0,Yes,4,2022.0,Placed,USA,0,0.5217771659760915,-1.594972696657538,1,1,0,-0.010828841880616107,-0.819585461250647,3.0,1,1,1,0
S00816,0,7,43,2,13,2,2021.0,Yes,2,2022.0,Not Placed,UK,9,-0.8785035087145754,-0.8750729616995618,3,0,0,-1.8941056906833906,-0.28549519127799955,1.0,1,0,1,0
S04491,4,5,32,4,0,1,2022.0,Yes,2,2023.0,Placed,Russia,3,1.880708408514981,-0.7357375291270501,3,0,3,0.9644395262493923,-0.28549519127799955,1.0,0,1,1,0
S00563,5,7,1,73,9,1,2023.0,Yes,4,2026.0,Not Placed,UK,9,-0.8785035087145754,1.37751653155604,4,2,1,0.32547059540559364,-0.28549519127799955,3.0,0,0,1,0
S01909,9,4,13,7,3,5,2020.0,No,2,2023.0,Placed,Ireland,2,-0.020221804722958824,-1.3163018315125148,3,0,3,0.9644395262493923,-0.28549519127799955,3.0,0,1,0,0
S00498,5,7,12,10,3,5,2023.0,No,2,2026.0,Placed,UAE,2,0.3077342065065899,1.0524005222201807,0,1,2,1.1325892448924972,-0.28549519127799955,3.0,0,1,0,0
S02527,4,3,47,31,5,2,2020.0,Yes,4,2023.0,Not Placed,UK,9,-0.8785035087145754,-0.8518503896041437,0,3,0,0.7626598638776666,-0.28549519127799955,3.0,1,0,1,0
S01698,0,1,17,1,10,3,2019.0,Yes,0,2022.0,Not Placed,UK,9,-0.8785035087145754,0.3325007872622045,5,4,3,0.19095082049110992,0.8747698779729242,3.0,1,0,1,0
S04056,0,2,45,68,2,2,2022.0,No,4,2024.0,Not Placed,UK,9,-0.8785035087145754,-1.2698566873216774,4,4,0,1.0989593011638763,4.8344046381149655,2.0,1,0,0,0
S03480,5,2,34,44,11,2,2019.0,No,3,2020.0,Not Placed,UK,9,-0.8785035087145754,-0.01583779416907404,5,1,3,1.031699413706634,-0.08290922680561606,1.0,1,0,0,0
S04488,5,4,13,7,8,4,2020.0,Yes,4,2023.0,Not Placed,UK,9,-0.8785035087145754,-1.153743826844585,4,0,1,0.45999037032007767,-0.28549519127799955,3.0,0,0,1,0
S04472,0,6,23,71,3,7,2023.0,Yes,0,2026.0,Placed,South Africa,9,1.1670609843675646,-0.921518105890399,3,2,1,0.2918406516769728,-0.28549519127799955,3.0,0,1,1,0
S03074,5,4,13,46,7,3,2020.0,Yes,0,2021.0,Not Placed,UK,9,-0.8785035087145754,0.7737296570751574,2,1,3,1.031699413706634,1.279941806917691,1.0,1,0,1,0
S00343,1,2,0,36,11,3,2020.0,No,1,2022.0,Placed,Germany,5,0.36172311696513393,-0.6660698128407949,5,0,0,0.02280110184800505,1.040522030723056,2.0,1,1,0,0
S00702,8,3,2,13,4,5,2022.0,Yes,3,2025.0,Not Placed,UK,9,-0.8785035087145754,0.23961049888053007,4,1,0,-1.8941056906833906,0.5800993841949118,3.0,0,0,1,0
S00129,9,7,12,29,8,0,2021.0,Yes,1,2023.0,Placed,UAE,1,-0.16972652316586637,-0.921518105890399,1,3,3,0.09006098930524706,-0.28549519127799955,2.0,0,1,1,0
S00925,2,7,12,26,2,3,2022.0,Yes,4,2025.0,Not Placed,UK,9,-0.8785035087145754,-0.24806351512326005,1,3,0,-1.8941056906833906,-0.28549519127799955,3.0,1,0,1,0
S00921,9,4,13,45,0,3,2021.0,No,0,2024.0,Placed,Ireland,9,0.19616764135887543,0.14672021049885567,3,4,1,0.09006098930524706,-0.28549519127799955,3.0,1,1,0,0
S01864,1,2,34,44,6,1,2021.0,No,2,2024.0,Not Placed,UK,9,-0.8785035087145754,0.26283307097594816,0,1,3,0.3591005391342148,-0.08290922680561606,3.0,0,0,0,0
S04269,0,7,12,58,14,2,2019.0,Yes,4,2021.0,Not Placed,UK,9,-0.8785035087145754,-0.38739894769577166,0,2,2,0.9644395262493923,-0.28549519127799955,2.0,1,0,1,0
S02340,2,9,9,57,4,0,2022.0,Yes,4,2025.0,Not Placed,UK,9,-0.8785035087145754,-0.5035118081728652,2,2,0,-1.8941056906833906,-0.5617487791948862,3.0,0,0,1,0
S02972,7,0,48,69,5,3,2019.0,Yes,0,2022.0,Placed,Canada,6,0.7876597330407401,1.609742252510226,3,3,2,0.8971796387921507,-0.5249149674726347,3.0,1,1,1,1
S04606,1,5,32,30,7,6,2021.0,No,3,2023.0,Placed,Russia,2,0.8599275770256064,-0.7589601012224693,1,2,0,0.7962898076062874,-0.28549519127799955,2.0,0,1,0,0
S00450,5,6,7,56,8,4,2019.0,Yes,0,2020.0,Placed,South Africa,0,0.7727329232463216,-0.039060366264493156,3,1,3,0.32547059540559364,3.195300016474772,1.0,0,1,1,0
S00224,4,5,36,34,10,0,2022.0,Yes,4,2023.0,Placed,Russia,3,1.9282691287582272,0.5415039361209714,3,0,0,-1.8941056906833906,-0.28549519127799955,1.0,0,1,1,0
S03541,5,4,13,45,10,7,2020.0,Yes,4,2022.0,Placed,Ireland,1,1.03017602585653,1.0059553780293433,2,4,0,0.6617700326918035,-0.28549519127799955,2.0,0,1,1,0
S01571,3,8,15,60,11,1,2023.0,Yes,0,2024.0,Placed,UK,12,0.2853538510024089,1.609742252510226,1,1,3,-0.010828841880616107,-0.5064980616115089,1.0,0,1,1,0
S02990,2,7,1,20,0,5,2019.0,Yes,4,2021.0,Placed,UAE,0,1.1130523555341272,-1.130521254749167,3,2,0,-1.8941056906833906,-0.28549519127799955,2.0,0,1,1,0
S02007,0,9,5,25,13,6,2023.0,No,3,2025.0,Placed,USA,5,0.14647733662712564,-1.362746975703352,3,1,2,0.6617700326918035,-0.8932530846951501,2.0,0,1,0,0
S04741,7,1,49,70,10,7,2019.0,Yes,4,2020.0,Placed,Finland,7,-0.00028652770557824976,0.35572335935762256,2,1,1,0.7962898076062874,-0.28549519127799955,1.0,0,1,1,0
S03649,0,5,32,11,1,5,2021.0,Yes,2,2024.0,Not Placed,UK,9,-0.8785035087145754,-1.57175012456212,3,2,1,0.25821070794835194,-0.28549519127799955,3.0,0,0,1,0
S04582,3,5,41,38,1,3,2019.0,Yes,3,2021.0,Placed,Russia,8,0.1621928814172862,0.16994278259427376,2,1,3,0.7290299201490454,-0.28549519127799955,2.0,1,1,1,0
S02280,3,5,36,34,5,2,2023.0,Yes,4,2025.0,Not Placed,UK,9,-0.8785035087145754,-1.2001889710354223,5,1,1,-0.010828841880616107,-0.28549519127799955,2.0,1,0,1,0
S00819,0,2,34,22,10,3,2022.0,No,2,2025.0,Placed,Germany,6,1.6519161046251027,0.913065089647669,5,1,1,1.0989593011638763,-0.28549519127799955,3.0,1,1,0,0
S00534,4,2,34,22,6,5,2020.0,Yes,0,2023.0,Placed,Germany,10,0.885443154137862,1.2381810989835285,0,2,1,0.9644395262493923,-0.28549519127799955,3.0,0,1,1,0
S03459,9,4,13,7,0,7,2022.0,Yes,4,2025.0,Not Placed,UK,9,-0.8785035087145754,1.5400745362239707,3,2,2,-0.178978560523721,-0.28549519127799955,3.0,0,0,1,0
S00683,2,5,36,34,1,6,2019.0,Yes,1,2020.0,Not Placed,UK,9,-0.8785035087145754,-0.7357375291270501,5,1,3,0.8299197513349084,-0.28549519127799955,1.0,0,0,1,0
S01530,3,5,32,24,4,1,2023.0,Yes,2,2025.0,Placed,Russia,11,1.9896327114269594,-0.5731795244591205,0,3,0,-1.8941056906833906,0.6906008193616664,2.0,0,1,1,0
S02549,8,7,43,2,11,0,2019.0,Yes,1,2021.0,Placed,UAE,11,1.647597780523415,-0.6660698128407949,5,3,0,-1.8941056906833906,-0.28549519127799955,2.0,0,1,1,0
S00548,3,7,12,26,5,1,2020.0,Yes,1,2022.0,Placed,UAE,2,2.060579424293958,0.44861364773929696,3,4,1,0.5272502577773197,-0.28549519127799955,2.0,0,1,1,0
S03536,0,1,46,43,14,1,2023.0,Yes,0,2025.0,Not Placed,UK,9,-0.8785035087145754,0.6343942245026458,2,4,0,-1.8941056906833906,-0.28549519127799955,2.0,0,0,1,0
S00088,5,9,42,47,13,1,2021.0,No,0,2023.0,Not Placed,UK,9,-0.8785035087145754,1.0756230943155987,2,3,2,-0.010828841880616107,-0.7275009319450181,2.0,0,0,0,0
S01254,7,3,11,18,6,3,2023.0,No,0,2026.0,Not Placed,UK,9,-0.8785035087145754,1.5168519641285516,5,3,2,0.32547059540559364,-0.28549519127799955,3.0,1,0,0,0
S01617,1,4,13,51,0,3,2019.0,Yes,3,2020.0,Placed,Ireland,1,0.6649325677032755,1.5400745362239707,5,0,0,-1.8941056906833906,-0.28549519127799955,1.0,1,1,1,0
S04902,8,3,2,13,2,5,2021.0,No,1,2023.0,Not Placed,UK,9,-0.8785035087145754,-0.6428472407453758,3,4,1,0.9980694699780132,0.5800993841949118,2.0,0,0,0,0
S02679,7,8,6,55,4,7,2021.0,No,2,2022.0,Placed,UK,5,-0.1662560891846013,-1.385969547798771,2,2,2,0.9308095825207715,-0.8748361788340243,1.0,0,1,0,0
S04110,2,7,12,10,2,1,2021.0,No,3,2023.0,Not Placed,UK,9,-0.8785035087145754,1.2614036710789476,4,2,1,-0.07808872933785782,-0.28549519127799955,2.0,0,0,0,0
S02975,2,4,13,46,0,1,2021.0,Yes,2,2024.0,Not Placed,UK,9,-0.8785035087145754,1.3078488152697847,3,2,1,0.8299197513349084,1.279941806917691,3.0,0,0,1,0
S04432,2,5,32,11,10,3,2022.0,Yes,0,2023.0,Placed,Russia,11,1.0773423786019054,-0.5964020965545386,0,2,0,0.5608802015059405,-0.28549519127799955,1.0,1,1,1,0
S03115,2,7,12,58,5,0,2019.0,Yes,2,2022.0,Placed,UAE,1,0.18331126092827985,-0.10872808255074845,5,0,1,0.9980694699780132,-0.28549519127799955,3.0,0,1,1,0
S03962,4,3,33,14,5,6,2022.0,Yes,2,2024.0,Placed,India,12,0.443672683022734,-1.0376309663674925,5,1,3,0.8299197513349084,-0.08290922680561606,2.0,0,1,1,0
S00105,8,6,7,56,13,2,2022.0,No,4,2023.0,Placed,South Africa,2,1.7156261739061676,0.10027506630801845,5,2,2,0.8635496950635292,3.195300016474772,1.0,1,1,0,0
S02068,9,5,32,11,1,7,2021.0,No,0,2024.0,Placed,Russia,6,1.4360393362905008,0.3789459314530417,5,1,1,0.7290299201490454,-0.28549519127799955,3.0,0,1,0,0
S01414,5,7,12,10,8,6,2020.0,Yes,4,2021.0,Not Placed,UK,9,-0.8785035087145754,-0.29450865931409725,4,3,2,0.9980694699780132,-0.28549519127799955,1.0,0,0,1,0
S02381,4,6,23,62,0,2,2023.0,Yes,0,2024.0,Placed,South Africa,3,1.0190154256667798,-0.4338440918866089,1,1,0,0.5945101452345617,-0.28549519127799955,1.0,1,1,1,0
S02923,1,5,32,24,6,6,2019.0,Yes,4,2021.0,Placed,Russia,8,0.2585368611471789,1.0756230943155987,0,0,1,0.42636042659145684,0.6906008193616664,2.0,0,1,1,0
S01773,0,2,0,36,3,0,2021.0,Yes,2,2022.0,Placed,Germany,9,1.2858050379765318,-1.6646404129437942,1,4,0,0.7962898076062874,1.040522030723056,1.0,0,1,1,0
S04139,4,9,9,57,11,6,2023.0,Yes,1,2026.0,Not Placed,UK,9,-0.8785035087145754,-0.22484094302784197,4,1,0,0.8635496950635292,-0.5617487791948862,3.0,0,0,1,0
S01892,4,8,29,64,9,6,2020.0,Yes,1,2021.0,Placed,UK,4,0.6016957394196558,1.2381810989835285,5,4,2,0.9644395262493923,-0.41441353230587996,1.0,0,1,1,0
S02408,6,5,41,38,5,3,2020.0,Yes,1,2021.0,Placed,Russia,9,0.47037136262860274,0.35572335935762256,4,3,2,0.49362031404869855,-0.28549519127799955,1.0,1,1,1,0
S00736,6,4,30,27,0,7,2021.0,No,4,2023.0,Not Placed,UK,9,-0.8785035087145754,-1.153743826844585,1,2,2,1.0989593011638763,-0.28549519127799955,2.0,0,0,0,0
S02454,5,3,33,14,13,4,2023.0,No,3,2026.0,Placed,India,0,0.906679843898217,-1.6646404129437942,1,1,3,-0.010828841880616107,-0.08290922680561606,3.0,0,1,0,0
S01055,1,7,12,29,1,5,2019.0,No,3,2022.0,Placed,UAE,2,0.7710765797552632,0.6343942245026458,0,3,1,0.8635496950635292,-0.28549519127799955,3.0,0,1,0,0
S04291,5,9,42,40,5,0,2020.0,No,3,2022.0,Not Placed,UK,9,-0.8785035087145754,1.1685133826972731,4,4,0,0.49362031404869855,-0.819585461250647,2.0,0,0,0,0
S01733,3,8,15,60,4,4,2020.0,Yes,2,2023.0,Not Placed,UK,9,-0.8785035087145754,0.26283307097594816,1,0,0,-1.8941056906833906,-0.5064980616115089,3.0,0,0,1,0
S02115,9,2,34,44,13,3,2020.0,No,4,2023.0,Not Placed,UK,9,-0.8785035087145754,-0.5267343802682832,1,0,2,0.6953999764204246,-0.08290922680561606,3.0,1,0,0,0
S04263,2,7,12,26,14,5,2021.0,No,0,2023.0,Placed,UAE,5,0.3096468888712644,-1.3163018315125148,4,1,1,-0.07808872933785782,-0.28549519127799955,2.0,0,1,0,0
S02672,8,7,43,2,1,3,2023.0,No,3,2025.0,Not Placed,UK,9,-0.8785035087145754,-0.7125149570316321,4,2,3,0.9980694699780132,-0.28549519127799955,2.0,1,0,0,0
S04804,2,3,8,16,13,7,2022.0,No,2,2024.0,Not Placed,UK,9,-0.8785035087145754,0.8201748012659946,3,4,2,0.6953999764204246,-0.28549519127799955,2.0,0,0,0,0
S02745,1,7,12,26,5,3,2022.0,Yes,1,2024.0,Placed,UAE,4,0.9052009657812006,0.9595102338385062,4,3,0,0.5272502577773197,-0.28549519127799955,2.0,1,1,1,0
S01919,6,9,5,25,5,1,2023.0,No,0,2025.0,Placed,USA,4,-0.16879975954586945,-0.8750729616995618,1,2,3,0.2918406516769728,-0.8932530846951501,2.0,0,1,0,0
S00748,0,3,11,15,0,3,2019.0,Yes,3,2021.0,Not Placed,UK,9,-0.8785035087145754,-0.9679632500812362,2,1,1,0.8635496950635292,2.348122346862986,2.0,1,0,1,0
S04570,8,2,45,68,7,2,2021.0,Yes,4,2024.0,Not Placed,UK,9,-0.8785035087145754,-1.130521254749167,1,3,0,0.5945101452345617,4.8344046381149655,3.0,1,0,1,0
S01419,3,9,42,47,12,6,2022.0,Yes,4,2025.0,Placed,USA,10,0.8031583757070716,-1.6878629850392124,1,4,3,0.8299197513349084,-0.7275009319450181,3.0,0,1,1,0
S04103,1,3,8,16,8,3,2021.0,Yes,0,2024.0,Placed,India,12,0.249210069822529,-1.362746975703352,2,1,0,-1.8941056906833906,-0.28549519127799955,3.0,1,1,1,0
S03638,9,7,12,10,2,4,2022.0,No,2,2025.0,Not Placed,UK,9,-0.8785035087145754,0.9362876617430871,5,1,0,-0.010828841880616107,-0.28549519127799955,3.0,0,0,0,0
S02130,2,9,42,47,3,1,2019.0,Yes,2,2020.0,Not Placed,UK,9,-0.8785035087145754,-1.0608535384629105,2,0,2,0.9980694699780132,-0.7275009319450181,1.0,0,0,1,0
S04690,4,2,45,68,7,6,2022.0,No,0,2024.0,Placed,Germany,4,0.26849464046842236,1.2614036710789476,3,4,1,0.6953999764204246,4.8344046381149655,2.0,0,1,0,0
S00550,8,5,32,30,8,1,2022.0,Yes,3,2023.0,Not Placed,UK,9,-0.8785035087145754,-0.17839579883700477,4,2,0,-1.8941056906833906,-0.28549519127799955,1.0,0,0,1,0
S00094,7,6,23,71,7,7,2023.0,No,0,2026.0,Not Placed,UK,9,-0.8785035087145754,-0.01583779416907404,1,4,0,-1.8941056906833906,-0.28549519127799955,3.0,0,0,0,0
S00836,8,4,30,27,0,6,2023.0,No,2,2025.0,Not Placed,UK,9,-0.8785035087145754,-1.618195268752957,1,1,0,-0.010828841880616107,-0.28549519127799955,2.0,0,0,0,0
S03681,6,8,4,53,4,5,2019.0,No,1,2022.0,Placed,UK,6,0.8357331310312186,-1.130521254749167,4,3,3,0.12369093303386793,0.6353501017782891,3.0,0,1,0,0
S01471,3,6,23,62,3,3,2023.0,No,1,2025.0,Not Placed,UK,9,-0.8785035087145754,-1.4788598361804455,5,3,2,0.1573208767624888,-0.28549519127799955,2.0,1,0,0,0
S03809,9,1,22,59,3,3,2020.0,No,3,2023.0,Placed,Finland,8,-0.05275712329731882,-0.01583779416907404,3,1,0,-1.8941056906833906,-0.28549519127799955,3.0,1,1,0,0
S04130,1,3,8,16,13,5,2023.0,Yes,4,2025.0,Placed,India,5,-0.042819062350968856,-1.6878629850392124,4,0,2,1.0653293574352556,-0.28549519127799955,2.0,0,1,1,0
S02954,4,6,44,41,6,5,2020.0,Yes,0,2023.0,Not Placed,UK,9,-0.8785035087145754,-1.641417840848375,0,4,3,1.0989593011638763,-0.28549519127799955,3.0,0,0,1,0
S01884,2,9,42,47,4,5,2019.0,No,0,2022.0,Not Placed,UK,9,-0.8785035087145754,1.5168519641285516,0,1,0,-1.8941056906833906,-0.7275009319450181,3.0,0,0,0,0
S01197,7,5,41,38,4,5,2023.0,No,1,2026.0,Not Placed,UK,9,-0.8785035087145754,0.7272845128843202,1,4,2,0.25821070794835194,-0.28549519127799955,3.0,0,0,0,0
S04574,3,9,5,25,10,5,2022.0,No,3,2024.0,Not Placed,UK,9,-0.8785035087145754,0.4718362198347161,5,0,0,-1.8941056906833906,-0.8932530846951501,2.0,0,0,0,0
S00739,8,0,50,39,8,6,2019.0,No,2,2020.0,Placed,Canada,0,0.8449218937316136,1.7258551129873196,0,4,3,0.6281400889631826,-0.28549519127799955,1.0,0,1,0,1
S04461,9,1,21,61,4,7,2022.0,Yes,1,2024.0,Not Placed,UK,9,-0.8785035087145754,1.6561873967010632,4,1,2,1.1325892448924972,0.966854407278553,2.0,0,0,1,0
S04044,8,7,12,10,8,7,2020.0,Yes,4,2022.0,Placed,UAE,8,0.9928294238081435,0.5182813640255532,2,0,0,-1.8941056906833906,-0.28549519127799955,2.0,0,1,1,0
S03028,6,3,11,15,1,1,2022.0,Yes,0,2023.0,Placed,India,7,1.3979039992463722,0.8898425175522499,4,1,1,0.32547059540559364,2.348122346862986,1.0,0,1,1,0
S01675,5,2,20,9,1,7,2020.0,No,3,2022.0,Not Placed,UK,9,-0.8785035087145754,-0.3641763756003536,0,1,0,-1.8941056906833906,-0.28549519127799955,2.0,0,0,0,0
S01716,9,0,27,72,2,0,2022.0,Yes,2,2023.0,Not Placed,UK,9,-0.8785035087145754,-0.06228293835991124,3,3,1,-0.11171867306647898,1.611446112417955,1.0,0,0,1,0
S02348,8,9,42,40,1,2,2021.0,No,1,2023.0,Placed,USA,8,0.8012062565926099,0.5647265082163905,1,3,1,-0.04445878560923697,-0.819585461250647,2.0,1,1,0,0
S01018,3,6,40,67,5,2,2022.0,Yes,1,2024.0,Placed,South Africa,11,1.6118680852162997,-1.2234115431308403,2,1,0,-1.8941056906833906,-0.28549519127799955,2.0,1,1,1,0
S02790,7,5,36,34,14,7,2020.0,Yes,3,2021.0,Not Placed,UK,9,-0.8785035087145754,-0.31773123140951637,3,3,0,1.0653293574352556,-0.28549519127799955,1.0,0,0,1,0
S04055,5,4,18,33,13,2,2022.0,Yes,1,2025.0,Not Placed,UK,9,-0.8785035087145754,-0.5499569523637023,2,2,0,1.0653293574352556,-0.28549519127799955,3.0,1,0,1,0
S01986,9,0,48,69,0,1,2020.0,No,1,2021.0,Placed,Canada,9,1.1142157396528467,-1.641417840848375,5,4,3,0.5608802015059405,-0.5249149674726347,1.0,0,1,0,1
S01426,9,5,24,19,0,3,2021.0,No,4,2024.0,Placed,Russia,3,0.5862168151282179,-1.7110855571346315,2,4,0,0.25821070794835194,-0.28549519127799955,3.0,1,1,0,0
S01128,0,5,36,34,13,5,2019.0,Yes,4,2022.0,Not Placed,UK,9,-0.8785035087145754,-0.898295533794981,2,0,3,0.3927304828628357,-0.28549519127799955,3.0,0,0,1,0
S00657,3,8,27,17,6,0,2019.0,No,2,2022.0,Placed,UK,0,2.0633005600292678,0.7272845128843202,0,0,2,-0.14534861679509983,-0.8011685553895213,3.0,0,1,0,0
S04608,1,9,35,5,0,4,2020.0,No,0,2021.0,Not Placed,UK,9,-0.8785035087145754,1.2149585268881102,3,1,0,-1.8941056906833906,-0.580165685056012,1.0,0,0,0,0
S03169,5,7,12,29,7,4,2019.0,Yes,3,2022.0,Placed,UAE,7,0.15730272444368543,0.12349763840343654,3,1,2,1.0989593011638763,-0.28549519127799955,3.0,0,1,1,0
S03492,5,8,15,60,2,6,2023.0,No,3,2025.0,Placed,UK,12,0.4322951807091548,0.8201748012659946,3,3,1,0.6281400889631826,-0.5064980616115089,2.0,0,1,0,0
S03448,8,1,21,61,5,2,2019.0,No,1,2022.0,Placed,Finland,1,1.6032511553878177,-1.57175012456212,2,3,3,-0.04445878560923697,0.966854407278553,3.0,1,1,0,0
S01531,1,0,50,39,6,3,2019.0,Yes,0,2021.0,Not Placed,UK,9,-0.8785035087145754,1.1917359547926911,5,4,3,0.7290299201490454,-0.28549519127799955,2.0,1,0,1,0
S01272,6,1,26,23,4,2,2020.0,Yes,0,2022.0,Placed,Finland,12,0.3872584124522831,1.122068238506436,0,1,1,1.0653293574352556,-0.28549519127799955,2.0,1,1,1,0
S02609,9,7,43,2,9,6,2022.0,Yes,0,2025.0,Placed,UAE,2,0.027220605270926106,1.37751653155604,2,2,0,0.6617700326918035,-0.28549519127799955,3.0,0,1,1,0
S00085,7,8,15,60,8,3,2019.0,No,3,2021.0,Placed,UK,5,0.7590483710701968,1.6794099687964823,0,4,0,0.32547059540559364,-0.5064980616115089,2.0,1,1,0,0
S04859,7,0,25,35,2,4,2021.0,Yes,3,2024.0,Placed,Canada,1,1.6740401212556675,0.35572335935762256,1,3,0,-0.178978560523721,3.6188888512806643,3.0,0,1,1,1
S01703,7,4,13,45,10,3,2019.0,No,1,2021.0,Placed,Ireland,9,1.57544824678791,-1.2466341152262594,5,2,1,1.0653293574352556,-0.28549519127799955,2.0,1,1,0,0
S03403,2,7,1,73,14,3,2021.0,No,1,2022.0,Not Placed,UK,9,-0.8785035087145754,0.6343942245026458,1,0,2,0.3927304828628357,-0.28549519127799955,1.0,1,0,0,0
S02597,5,4,30,27,0,6,2022.0,No,3,2024.0,Placed,Ireland,1,0.4675713533937184,-0.38739894769577166,1,1,0,-0.14534861679509983,-0.28549519127799955,2.0,0,1,0,0
S00429,1,9,35,32,10,7,2020.0,No,3,2023.0,Not Placed,UK,9,-0.8785035087145754,-1.594972696657538,0,0,1,0.2918406516769728,-0.1197430385278676,3.0,0,0,0,0
S04543,0,3,11,6,7,5,2019.0,No,1,2021.0,Placed,India,3,0.4855939480464245,1.6329648246056452,1,2,0,0.6953999764204246,-0.28549519127799955,2.0,0,1,0,0
S03607,3,8,4,53,12,4,2020.0,No,2,2023.0,Not Placed,UK,9,-0.8785035087145754,-0.38739894769577166,0,0,0,-1.8941056906833906,0.6353501017782891,3.0,0,0,0,0
S00055,3,1,21,61,9,7,2019.0,Yes,4,2021.0,Not Placed,UK,9,-0.8785035087145754,0.16994278259427376,0,4,0,0.5945101452345617,0.966854407278553,2.0,0,0,1,0
S00396,4,9,42,47,14,0,2019.0,No,4,2022.0,Placed,USA,1,1.9167930345701802,0.12349763840343654,2,3,3,-0.07808872933785782,-0.7275009319450181,3.0,0,1,0,0
S03905,7,1,21,61,8,4,2021.0,Yes,3,2024.0,Not Placed,UK,9,-0.8785035087145754,-0.13195065464616756,4,2,0,0.6281400889631826,0.966854407278553,3.0,0,0,1,0
S02912,1,5,32,24,3,3,2021.0,Yes,4,2024.0,Placed,Russia,4,-0.08255158776147514,-1.130521254749167,4,4,3,0.45999037032007767,0.6906008193616664,3.0,1,1,1,0
S00293,3,2,20,9,4,7,2021.0,Yes,2,2023.0,Not Placed,UK,9,-0.8785035087145754,1.4471842478422963,1,4,0,0.6617700326918035,-0.28549519127799955,2.0,0,0,1,0
S00745,2,1,49,70,7,5,2022.0,Yes,2,2025.0,Not Placed,UK,9,-0.8785035087145754,0.10027506630801845,2,4,0,-1.8941056906833906,-0.28549519127799955,3.0,0,0,1,0
S03824,8,2,34,44,14,6,2019.0,No,4,2021.0,Not Placed,UK,9,-0.8785035087145754,0.4950587919301342,4,0,0,-0.11171867306647898,-0.08290922680561606,2.0,0,0,0,0
S04959,4,9,42,47,1,3,2019.0,No,1,2020.0,Placed,USA,1,1.3070022909870997,-0.17839579883700477,2,2,3,0.7962898076062874,-0.7275009319450181,1.0,1,1,0,0
S02075,4,7,12,58,6,0,2023.0,Yes,2,2024.0,Placed,UAE,12,-0.05987545663389091,0.8433973733614127,2,3,0,1.031699413706634,-0.28549519127799955,1.0,0,1,1,0
S02292,6,4,18,33,4,4,2021.0,No,4,2023.0,Placed,Ireland,4,1.0110492022097852,-0.9679632500812362,4,3,1,0.49362031404869855,-0.28549519127799955,2.0,0,1,0,0
S02424,6,8,27,48,1,4,2022.0,Yes,0,2023.0,Placed,UK,8,1.851604087172099,-1.0608535384629105,5,3,0,0.9644395262493923,-0.7459178378061438,1.0,0,1,1,0
S01021,0,8,6,55,3,1,2020.0,No,3,2021.0,Placed,UK,3,-0.13955740957873256,-1.4556372640850264,4,2,0,-1.8941056906833906,-0.8748361788340243,1.0,0,1,0,0
S02331,4,0,50,54,3,0,2021.0,Yes,4,2022.0,Placed,Canada,10,0.7081946822197275,-1.4324146919896081,1,4,0,-1.8941056906833906,-0.28549519127799955,1.0,0,1,1,1
S02644,9,6,23,71,8,4,2021.0,No,3,2024.0,Not Placed,UK,9,-0.8785035087145754,-1.2234115431308403,0,4,1,0.5945101452345617,-0.28549519127799955,3.0,0,0,0,0
S02552,9,0,27,72,0,7,2021.0,Yes,1,2024.0,Not Placed,UK,9,-0.8785035087145754,1.1452908106018551,1,3,0,1.1325892448924972,1.611446112417955,3.0,0,0,1,0
S00791,8,5,32,24,12,4,2023.0,Yes,4,2026.0,Placed,Russia,2,0.9165390313449927,-0.5499569523637023,0,4,0,0.5608802015059405,0.6906008193616664,3.0,0,1,1,0
S01548,1,7,1,73,9,1,2019.0,Yes,1,2021.0,Not Placed,UK,9,-0.8785035087145754,-0.08550551045533036,0,1,0,-1.8941056906833906,-0.28549519127799955,2.0,0,0,1,0
S00053,6,9,35,32,14,3,2022.0,Yes,3,2025.0,Placed,USA,1,1.7549446134439093,1.354293959460622,2,0,2,0.7626598638776666,-0.1197430385278676,3.0,1,1,1,0
S01033,6,4,30,27,14,2,2021.0,Yes,4,2022.0,Not Placed,UK,9,-0.8785035087145754,-0.5499569523637023,0,0,1,-0.11171867306647898,-0.28549519127799955,1.0,1,0,1,0
S04090,3,5,32,11,3,5,2020.0,Yes,2,2023.0,Not Placed,UK,9,-0.8785035087145754,0.5182813640255532,2,0,0,0.09006098930524706,-0.28549519127799955,3.0,0,0,1,0
S01589,8,4,18,33,13,2,2020.0,No,3,2022.0,Placed,Ireland,1,0.6187718520774714,-1.6646404129437942,2,1,2,-0.07808872933785782,-0.28549519127799955,2.0,1,1,0,0
S01059,4,7,12,29,14,3,2019.0,Yes,0,2022.0,Not Placed,UK,9,-0.8785035087145754,0.28605564307136727,1,1,0,-1.8941056906833906,-0.28549519127799955,3.0,1,0,1,0
S02435,3,8,27,17,14,1,2021.0,Yes,0,2024.0,Placed,UK,8,1.8776520604064804,1.1452908106018551,3,4,1,0.5608802015059405,-0.8011685553895213,3.0,0,1,1,0
S02032,5,1,22,59,3,4,2019.0,No,3,2021.0,Placed,Finland,1,0.4332613810789388,1.1452908106018551,3,2,0,-0.04445878560923697,-0.28549519127799955,2.0,0,1,0,0
S01641,3,9,9,57,2,2,2022.0,No,1,2025.0,Placed,USA,4,1.1800356750475216,1.4471842478422963,5,4,0,0.25821070794835194,-0.5617487791948862,3.0,1,1,0,0
S04542,7,8,27,17,9,5,2021.0,No,4,2023.0,Placed,UK,7,1.4422111876321824,-0.921518105890399,5,0,1,0.5945101452345617,-0.8011685553895213,2.0,0,1,0,0
S00692,8,9,28,49,5,6,2019.0,No,2,2022.0,Placed,USA,11,0.7100679278346149,0.14672021049885567,4,0,0,0.2918406516769728,-0.3407459088613769,3.0,0,1,0,0
S04227,5,3,33,14,1,7,2020.0,Yes,0,2021.0,Placed,India,10,1.5497552043016123,-1.1072986826537479,0,0,3,0.7626598638776666,-0.08290922680561606,1.0,0,1,1,0
S00415,9,4,18,33,7,7,2019.0,Yes,0,2020.0,Not Placed,UK,9,-0.8785035087145754,1.4936293920331336,5,3,2,1.0653293574352556,-0.28549519127799955,1.0,0,0,1,0
S02219,3,9,35,32,6,0,2020.0,No,4,2021.0,Placed,USA,3,1.8506181684274212,0.913065089647669,1,1,1,0.5608802015059405,-0.1197430385278676,1.0,0,1,0,0
S03630,3,4,13,45,11,2,2023.0,No,3,2026.0,Not Placed,UK,9,-0.8785035087145754,-0.2712860872186792,0,3,1,0.7290299201490454,-0.28549519127799955,3.0,1,0,0,0
S03277,0,7,12,29,8,6,2019.0,Yes,1,2020.0,Placed,UAE,8,0.2837566626360312,0.21638792678511096,5,2,2,-0.07808872933785782,-0.28549519127799955,1.0,0,1,1,0
S04940,1,5,32,30,13,0,2020.0,No,3,2021.0,Not Placed,UK,9,-0.8785035087145754,-0.8750729616995618,1,3,1,0.7290299201490454,-0.28549519127799955,1.0,0,0,0,0
S01354,8,3,8,16,9,0,2023.0,Yes,3,2026.0,Not Placed,UK,9,-0.8785035087145754,0.5879490803118086,3,0,1,-0.178978560523721,-0.28549519127799955,3.0,0,0,1,0
S04117,6,3,33,14,7,0,2021.0,Yes,2,2022.0,Not Placed,UK,9,-0.8785035087145754,-0.10872808255074845,5,2,3,0.25821070794835194,-0.08290922680561606,1.0,0,0,1,0
S00123,2,7,12,58,6,7,2022.0,Yes,3,2025.0,Not Placed,UK,9,-0.8785035087145754,1.0756230943155987,5,3,1,0.7962898076062874,-0.28549519127799955,3.0,0,0,1,0
S01002,6,1,17,1,3,4,2020.0,No,2,2021.0,Not Placed,UK,9,-0.8785035087145754,-0.3641763756003536,5,2,0,-1.8941056906833906,0.8747698779729242,1.0,0,0,0,0
S00384,3,9,28,49,3,3,2021.0,Yes,4,2022.0,Not Placed,UK,9,-0.8785035087145754,0.5879490803118086,4,1,0,0.6617700326918035,-0.3407459088613769,1.0,1,0,1,0
S04593,5,6,23,71,14,0,2019.0,Yes,4,2021.0,Placed,South Africa,10,2.0139060309209214,-0.13195065464616756,3,1,0,0.8635496950635292,-0.28549519127799955,2.0,0,1,1,0
S01497,5,4,18,33,2,1,2020.0,No,0,2022.0,Not Placed,UK,9,-0.8785035087145754,-0.41062151979119077,4,0,0,-1.8941056906833906,-0.28549519127799955,2.0,0,0,0,0
S01429,2,0,50,54,13,1,2019.0,Yes,4,2022.0,Not Placed,UK,9,-0.8785035087145754,-0.8054052454133065,5,0,3,0.056431045576625906,-0.28549519127799955,3.0,0,0,1,0
S04615,3,2,20,9,8,4,2022.0,No,3,2025.0,Placed,Germany,0,0.894415014714428,-1.5020824082758635,0,1,0,0.7626598638776666,-0.28549519127799955,3.0,0,1,0,0
S04760,4,8,4,53,2,2,2019.0,Yes,0,2021.0,Placed,UK,6,0.912437609367134,-1.57175012456212,2,3,1,1.0989593011638763,0.6353501017782891,2.0,1,1,1,0
S03672,3,6,19,37,3,6,2021.0,No,2,2024.0,Not Placed,UK,9,-0.8785035087145754,-1.0376309663674925,5,1,2,0.2245807642197308,-0.28549519127799955,3.0,0,0,0,0
S02267,6,0,27,72,7,5,2023.0,Yes,4,2025.0,Not Placed,UK,9,-0.8785035087145754,1.122068238506436,2,3,1,-0.14534861679509983,1.611446112417955,2.0,0,0,1,0
S04478,1,5,36,34,7,7,2019.0,No,0,2022.0,Not Placed,UK,9,-0.8785035087145754,1.4471842478422963,1,4,3,1.0989593011638763,-0.28549519127799955,3.0,0,0,0,0
S04265,8,5,41,38,14,7,2019.0,Yes,1,2020.0,Not Placed,UK,9,-0.8785035087145754,1.1452908106018551,4,4,3,0.6953999764204246,-0.28549519127799955,1.0,0,0,1,0
S01183,8,6,23,71,11,0,2021.0,No,4,2023.0,Not Placed,UK,9,-0.8785035087145754,-0.31773123140951637,1,0,0,-1.8941056906833906,-0.28549519127799955,2.0,0,0,0,0
S00091,1,4,13,45,0,0,2022.0,No,4,2025.0,Not Placed,UK,9,-0.8785035087145754,-1.1072986826537479,5,3,0,0.6953999764204246,-0.28549519127799955,3.0,0,0,0,0
S02610,7,9,9,57,13,6,2020.0,Yes,4,2023.0,Placed,USA,3,-0.12031227568262629,-1.4324146919896081,0,4,2,0.9308095825207715,-0.5617487791948862,3.0,0,1,1,0
S03864,2,4,13,46,13,5,2022.0,No,0,2023.0,Not Placed,UK,9,-0.8785035087145754,-1.5020824082758635,3,0,0,-1.8941056906833906,1.279941806917691,1.0,0,0,0,0
S02567,6,7,12,29,6,1,2022.0,No,4,2025.0,Not Placed,UK,9,-0.8785035087145754,-1.339524403607934,0,2,0,-1.8941056906833906,-0.28549519127799955,3.0,0,0,0,0
S00502,9,5,32,11,7,1,2021.0,No,4,2023.0,Placed,Russia,12,1.7895897981318794,0.4950587919301342,4,1,3,0.7626598638776666,-0.28549519127799955,2.0,0,1,0,0
S02805,2,0,50,54,2,2,2022.0,No,2,2025.0,Placed,Canada,0,1.09824385598907,-0.5267343802682832,2,4,0,1.1325892448924972,-0.28549519127799955,3.0,1,1,0,1
S04551,2,8,4,53,4,1,2022.0,No,2,2023.0,Not Placed,UK,9,-0.8785035087145754,0.14672021049885567,2,4,3,0.056431045576625906,0.6353501017782891,1.0,0,0,0,0
S01858,2,5,24,19,6,5,2023.0,Yes,1,2024.0,Placed,Russia,8,-0.17856035511817744,-1.339524403607934,0,0,2,0.09006098930524706,-0.28549519127799955,1.0,0,1,1,0
S03794,2,9,42,47,11,6,2023.0,Yes,3,2026.0,Placed,USA,2,1.4878789438856477,-0.01583779416907404,2,1,0,-1.8941056906833906,-0.7275009319450181,3.0,0,1,1,0
S03570,4,3,2,13,0,5,2020.0,No,2,2023.0,Not Placed,UK,9,-0.8785035087145754,0.030607350021762136,2,4,0,-1.8941056906833906,0.5800993841949118,3.0,0,0,0,0
S02534,8,5,32,24,5,4,2022.0,No,4,2023.0,Placed,Russia,12,-0.09741924243121299,0.12349763840343654,4,1,0,-1.8941056906833906,0.6906008193616664,1.0,0,1,0,0
S04752,4,6,23,62,5,6,2019.0,Yes,4,2022.0,Not Placed,UK,9,-0.8785035087145754,-1.130521254749167,4,1,2,-0.14534861679509983,-0.28549519127799955,3.0,0,0,1,0
S00931,4,8,38,66,8,2,2021.0,No,2,2024.0,Placed,UK,12,-0.07561071979894501,-0.6196246686499577,5,3,0,0.7962898076062874,-0.8564192729728985,3.0,1,1,0,0
S04985,1,9,9,57,6,7,2021.0,Yes,4,2024.0,Not Placed,UK,9,-0.8785035087145754,-0.08550551045533036,3,4,2,0.7290299201490454,-0.5617487791948862,3.0,0,0,1,0
S00095,6,4,30,27,14,4,2020.0,No,1,2022.0,Placed,Ireland,1,1.5381805182390975,-0.8054052454133065,1,2,2,-0.178978560523721,-0.28549519127799955,2.0,0,1,0,0
S00598,3,9,28,49,9,7,2022.0,Yes,0,2025.0,Not Placed,UK,9,-0.8785035087145754,-0.921518105890399,2,3,1,0.3927304828628357,-0.3407459088613769,3.0,0,0,1,0
S03841,8,5,32,30,10,6,2021.0,Yes,3,2022.0,Placed,Russia,8,0.5859210395048146,1.0524005222201807,3,4,2,0.02280110184800505,-0.28549519127799955,1.0,0,1,1,0
S03416,0,6,23,62,9,2,2022.0,No,0,2024.0,Not Placed,UK,9,-0.8785035087145754,-0.2712860872186792,3,1,0,-1.8941056906833906,-0.28549519127799955,2.0,1,0,0,0
S04440,4,2,34,22,4,1,2023.0,No,1,2024.0,Placed,Germany,7,0.6291042805216924,0.5182813640255532,0,0,1,0.19095082049110992,-0.28549519127799955,1.0,0,1,0,0
S04944,6,0,16,52,7,1,2019.0,Yes,2,2020.0,Not Placed,UK,9,-0.8785035087145754,0.4950587919301342,4,1,2,0.7626598638776666,1.114189654167559,1.0,0,0,1,0
S00069,9,6,44,41,13,6,2020.0,Yes,2,2022.0,Not Placed,UK,9,-0.8785035087145754,1.7258551129873196,0,2,3,0.7290299201490454,-0.28549519127799955,2.0,0,0,1,0
S03943,0,6,23,71,11,7,2022.0,Yes,1,2023.0,Not Placed,UK,9,-0.8785035087145754,0.10027506630801845,1,4,0,-1.8941056906833906,-0.28549519127799955,1.0,0,0,1,0
S04431,7,5,32,30,11,2,2022.0,No,3,2023.0,Not Placed,UK,9,-0.8785035087145754,-0.17839579883700477,2,3,3,0.3927304828628357,-0.28549519127799955,1.0,1,0,0,0
S02139,0,6,19,37,2,7,2020.0,Yes,2,2022.0,Not Placed,UK,9,-0.8785035087145754,-0.5267343802682832,3,1,2,0.19095082049110992,-0.28549519127799955,2.0,0,0,1,0
S00433,3,7,1,73,7,6,2022.0,No,3,2025.0,Not Placed,UK,9,-0.8785035087145754,1.609742252510226,0,1,0,0.09006098930524706,-0.28549519127799955,3.0,0,0,0,0
S03746,2,4,30,27,4,1,2020.0,No,1,2023.0,Not Placed,UK,9,-0.8785035087145754,0.3325007872622045,2,0,0,-0.178978560523721,-0.28549519127799955,3.0,0,0,0,0
S03262,5,2,45,68,4,4,2021.0,No,2,2024.0,Not Placed,UK,9,-0.8785035087145754,-1.4788598361804455,4,3,3,-0.14534861679509983,4.8344046381149655,3.0,0,0,0,0
S01968,4,5,41,38,7,0,2021.0,Yes,0,2024.0,Not Placed,UK,9,-0.8785035087145754,0.14672021049885567,3,2,0,-1.8941056906833906,-0.28549519127799955,3.0,0,0,1,0
S00182,8,2,34,22,14,0,2022.0,No,2,2025.0,Not Placed,UK,9,-0.8785035087145754,-1.1769663989400032,3,3,3,-0.07808872933785782,-0.28549519127799955,3.0,0,0,0,0
S03584,7,1,21,61,11,1,2020.0,No,1,2022.0,Not Placed,UK,9,-0.8785035087145754,-0.08550551045533036,0,1,3,-0.21260850425234185,0.966854407278553,2.0,0,0,0,0
S02821,2,4,13,7,5,4,2023.0,No,2,2024.0,Placed,Ireland,5,-0.08028397464871673,1.6329648246056452,0,1,1,0.3927304828628357,-0.28549519127799955,1.0,0,1,0,0
S02062,1,8,4,53,7,4,2020.0,No,0,2022.0,Placed,UK,1,0.9826744607379645,-1.1072986826537479,5,0,2,0.8971796387921507,0.6353501017782891,2.0,0,1,0,0
S00972,7,4,13,45,10,7,2020.0,Yes,1,2021.0,Not Placed,UK,9,-0.8785035087145754,-0.4338440918866089,3,4,0,-0.14534861679509983,-0.28549519127799955,1.0,0,0,1,0
S00150,2,6,44,41,0,2,2020.0,Yes,1,2023.0,Not Placed,UK,9,-0.8785035087145754,-0.7125149570316321,1,4,0,0.3591005391342148,-0.28549519127799955,3.0,1,0,1,0
S01812,3,4,13,51,7,4,2021.0,Yes,4,2023.0,Placed,Ireland,9,0.3344526044873522,0.704061940788901,3,1,0,-1.8941056906833906,-0.28549519127799955,2.0,0,1,1,0
S03671,9,4,13,51,1,4,2022.0,Yes,0,2023.0,Placed,Ireland,2,1.3557658320988526,1.2381810989835285,2,3,1,0.056431045576625906,-0.28549519127799955,1.0,0,1,1,0
S02148,4,6,44,41,6,2,2023.0,Yes,1,2026.0,Not Placed,UK,9,-0.8785035087145754,-0.4338440918866089,0,1,0,0.8971796387921507,-0.28549519127799955,3.0,1,0,1,0
S03581,6,4,18,33,7,5,2022.0,Yes,0,2025.0,Placed,Ireland,2,0.5350081955296646,-0.3409538035049345,4,0,0,-1.8941056906833906,-0.28549519127799955,3.0,0,1,1,0
S01826,5,3,47,31,1,7,2022.0,Yes,1,2025.0,Placed,India,2,1.2124526833725202,-0.5731795244591205,2,2,0,0.6281400889631826,-0.28549519127799955,3.0,0,1,1,0
S02240,3,5,24,19,7,0,2021.0,Yes,2,2023.0,Placed,Russia,0,1.7655333807617466,-0.7357375291270501,2,1,2,0.7962898076062874,-0.28549519127799955,2.0,0,1,1,0
S03432,6,3,2,13,8,5,2019.0,No,4,2020.0,Placed,India,0,0.9201474939505127,0.4950587919301342,0,2,3,-0.21260850425234185,0.5800993841949118,1.0,0,1,0,0
S03450,4,2,3,12,0,0,2023.0,Yes,0,2025.0,Not Placed,UK,9,-0.8785035087145754,1.331071387365203,2,1,3,0.32547059540559364,-0.28549519127799955,2.0,0,0,1,0
S01910,9,3,11,18,3,2,2019.0,No,4,2020.0,Not Placed,UK,9,-0.8785035087145754,-0.9679632500812362,1,2,0,-1.8941056906833906,-0.28549519127799955,1.0,1,0,0,0
S01412,7,0,27,72,13,4,2021.0,No,4,2022.0,Placed,Canada,6,1.0352239298292794,1.0059553780293433,4,0,2,0.3591005391342148,1.611446112417955,1.0,0,1,0,1
S03926,8,1,21,61,14,1,2023.0,No,1,2024.0,Placed,Finland,11,1.3681292531571094,0.4950587919301342,1,2,2,-0.11171867306647898,0.966854407278553,1.0,0,1,0,0
S04477,3,0,48,69,11,1,2023.0,Yes,4,2025.0,Placed,Canada,7,1.9236353106582424,-1.57175012456212,2,1,0,0.5945101452345617,-0.5249149674726347,2.0,0,1,1,1
S02582,2,8,27,21,6,7,2020.0,No,2,2022.0,Not Placed,UK,9,-0.8785035087145754,-1.4556372640850264,4,4,1,0.6281400889631826,-0.35916281472250267,2.0,0,0,0,0
S02125,4,0,16,52,13,3,2020.0,No,2,2021.0,Not Placed,UK,9,-0.8785035087145754,-1.0840761105583296,4,0,1,0.12369093303386793,1.114189654167559,1.0,1,0,0,0
S00483,0,4,13,7,10,3,2022.0,Yes,2,2023.0,Not Placed,UK,9,-0.8785035087145754,1.3078488152697847,4,4,0,-1.8941056906833906,-0.28549519127799955,1.0,1,0,1,0
S00007,7,8,15,60,0,4,2019.0,Yes,3,2021.0,Not Placed,UK,9,-0.8785035087145754,-0.5964020965545386,4,0,0,-0.010828841880616107,-0.5064980616115089,2.0,0,0,1,0
S04964,9,4,18,33,3,0,2022.0,Yes,3,2025.0,Not Placed,UK,9,-0.8785035087145754,1.4936293920331336,0,4,0,-0.178978560523721,-0.28549519127799955,3.0,0,0,1,0
S02122,5,7,1,20,2,4,2020.0,Yes,4,2021.0,Placed,UAE,5,1.5937271803142323,0.12349763840343654,2,4,0,0.056431045576625906,-0.28549519127799955,1.0,0,1,1,0
S04831,4,6,14,63,7,2,2021.0,Yes,1,2024.0,Placed,South Africa,12,0.9495673092916915,-0.5499569523637023,5,3,2,0.2918406516769728,-0.28549519127799955,3.0,1,1,1,0
S04907,6,1,46,43,5,5,2023.0,Yes,0,2024.0,Placed,Finland,9,0.4695037541332865,0.4021685035484598,2,0,0,-1.8941056906833906,-0.28549519127799955,1.0,0,1,1,0
S01474,4,9,35,32,3,2,2021.0,Yes,0,2024.0,Placed,USA,1,-0.14732644928679187,0.9362876617430871,5,1,0,-1.8941056906833906,-0.1197430385278676,3.0,1,1,1,0
S03488,8,5,32,11,12,6,2021.0,Yes,3,2023.0,Not Placed,UK,9,-0.8785035087145754,0.9362876617430871,0,2,2,0.5272502577773197,-0.28549519127799955,2.0,0,0,1,0
S04146,2,1,21,61,3,0,2021.0,No,0,2024.0,Placed,Finland,5,1.6755189993726838,0.913065089647669,3,4,1,-0.010828841880616107,0.966854407278553,3.0,0,1,0,0
S01900,4,0,37,65,6,1,2021.0,No,2,2023.0,Not Placed,UK,9,-0.8785035087145754,-0.5267343802682832,2,0,0,-1.8941056906833906,-0.28549519127799955,2.0,0,0,0,0
S02465,8,9,28,49,6,6,2020.0,No,0,2023.0,Not Placed,UK,9,-0.8785035087145754,-0.41062151979119077,2,1,0,0.19095082049110992,-0.3407459088613769,3.0,0,0,0,0
S00847,9,6,44,41,14,7,2019.0,No,2,2020.0,Placed,South Africa,1,1.8245504768181462,0.4253910756438789,0,2,2,-0.04445878560923697,-0.28549519127799955,1.0,0,1,0,0
S02016,1,6,23,71,9,7,2021.0,No,0,2024.0,Not Placed,UK,9,-0.8785035087145754,1.2381810989835285,3,4,3,0.8971796387921507,-0.28549519127799955,3.0,0,0,0,0
S01044,1,0,25,35,6,6,2019.0,Yes,1,2022.0,Not Placed,UK,9,-0.8785035087145754,-0.6428472407453758,3,3,3,0.7290299201490454,3.6188888512806643,3.0,0,0,1,0
S02857,0,3,47,31,1,5,2020.0,Yes,1,2023.0,Not Placed,UK,9,-0.8785035087145754,0.5647265082163905,0,2,2,-0.14534861679509983,-0.28549519127799955,3.0,0,0,1,0
S03651,2,4,13,45,5,4,2022.0,Yes,4,2023.0,Not Placed,UK,9,-0.8785035087145754,0.10027506630801845,2,2,0,-1.8941056906833906,-0.28549519127799955,1.0,0,0,1,0
S02394,6,7,12,29,14,1,2023.0,Yes,3,2024.0,Placed,UAE,11,1.3680700980324287,-1.594972696657538,5,4,3,0.19095082049110992,-0.28549519127799955,1.0,0,1,1,0
S01688,9,7,12,10,4,3,2020.0,Yes,3,2023.0,Placed,UAE,12,0.3714639941625484,-1.153743826844585,2,4,2,-0.21260850425234185,-0.28549519127799955,3.0,1,1,1,0
S03159,6,1,49,0,13,4,2021.0,No,2,2022.0,Placed,Finland,2,1.9662072820534202,-1.6878629850392124,4,0,1,0.49362031404869855,-0.28549519127799955,1.0,0,1,0,0
S03678,7,8,27,48,13,0,2023.0,Yes,1,2026.0,Placed,UK,7,1.9291564556284369,-1.0376309663674925,2,4,2,1.0653293574352556,-0.7459178378061438,3.0,0,1,1,0
S01925,2,3,39,3,11,6,2019.0,Yes,0,2022.0,Not Placed,UK,9,-0.8785035087145754,-0.5267343802682832,0,1,0,-1.8941056906833906,-0.28549519127799955,3.0,0,0,1,0
S03925,8,5,32,11,1,4,2022.0,No,2,2024.0,Not Placed,UK,9,-0.8785035087145754,-0.20161837093242285,4,3,2,0.8971796387921507,-0.28549519127799955,2.0,0,0,0,0
S03312,1,9,35,32,9,0,2023.0,No,4,2025.0,Placed,USA,12,0.3019567226627793,-0.06228293835991124,3,4,0,0.056431045576625906,-0.1197430385278676,2.0,0,1,0,0
S02438,5,3,39,3,14,4,2022.0,No,3,2023.0,Not Placed,UK,9,-0.8785035087145754,1.7026325408919005,0,1,2,0.9308095825207715,-0.28549519127799955,1.0,0,0,0,0
S04763,8,0,50,54,2,2,2020.0,No,2,2022.0,Placed,Canada,11,-0.19486745115514453,0.704061940788901,3,0,0,-1.8941056906833906,-0.28549519127799955,2.0,1,1,0,1
S03730,0,9,42,47,9,4,2020.0,Yes,1,2021.0,Placed,USA,8,1.0788212567189217,0.05382992211718125,2,0,0,-1.8941056906833906,-0.7275009319450181,1.0,0,1,1,0
S04201,1,9,42,47,11,1,2023.0,No,4,2024.0,Placed,USA,3,1.603408902386966,-0.9679632500812362,5,3,2,0.49362031404869855,-0.7275009319450181,1.0,0,1,0,0
S01904,9,7,12,26,7,2,2022.0,Yes,2,2023.0,Not Placed,UK,9,-0.8785035087145754,-0.15517322674158565,1,3,0,-0.11171867306647898,-0.28549519127799955,1.0,1,0,1,0
S04402,9,6,40,67,10,4,2019.0,Yes,1,2022.0,Placed,South Africa,6,0.1664520503942933,-1.339524403607934,3,1,3,0.5945101452345617,-0.28549519127799955,3.0,0,1,1,0
S01555,0,6,7,56,5,5,2023.0,No,2,2024.0,Not Placed,UK,9,-0.8785035087145754,1.609742252510226,2,4,0,-1.8941056906833906,3.195300016474772,1.0,0,0,0,0
S04029,8,6,23,71,10,5,2022.0,No,0,2024.0,Placed,South Africa,2,0.7951921522500768,0.7969522291705755,5,4,2,1.1325892448924972,-0.28549519127799955,2.0,0,1,0,0
S02626,1,5,41,38,12,2,2023.0,No,3,2025.0,Placed,Russia,12,0.061195365212515354,-1.385969547798771,1,2,3,0.9644395262493923,-0.28549519127799955,2.0,1,1,0,0
S00278,4,6,19,37,3,4,2019.0,Yes,3,2020.0,Placed,South Africa,6,0.7905780525249857,-1.1769663989400032,1,4,2,-0.178978560523721,-0.28549519127799955,1.0,0,1,1,0
S00973,9,1,46,43,5,6,2022.0,Yes,1,2025.0,Placed,Finland,3,0.6511691420275765,-1.5485275524667008,3,4,2,1.031699413706634,-0.28549519127799955,3.0,0,1,1,0
S00804,3,8,29,64,5,4,2020.0,No,1,2022.0,Placed,UK,4,1.289669839455668,1.2149585268881102,0,1,0,0.2245807642197308,-0.41441353230587996,2.0,0,1,0,0
S01511,9,5,32,4,8,0,2023.0,Yes,0,2025.0,Not Placed,UK,9,-0.8785035087145754,-0.7125149570316321,1,2,2,0.056431045576625906,-0.28549519127799955,2.0,0,0,1,0
S00621,7,9,5,8,5,2,2019.0,Yes,0,2020.0,Placed,USA,10,1.630975190488151,-0.039060366264493156,2,2,0,-1.8941056906833906,-0.8380023671117728,1.0,1,1,1,0
S03368,4,9,35,5,3,7,2019.0,Yes,3,2020.0,Placed,USA,9,0.8196035003682935,0.030607350021762136,0,0,0,-1.8941056906833906,-0.580165685056012,1.0,0,1,1,0
S03979,1,4,30,27,10,0,2021.0,Yes,0,2022.0,Not Placed,UK,9,-0.8785035087145754,0.7272845128843202,1,2,1,0.12369093303386793,-0.28549519127799955,1.0,0,0,1,0
S04603,9,0,50,39,11,3,2023.0,Yes,0,2024.0,Not Placed,UK,9,-0.8785035087145754,0.4950587919301342,0,3,3,0.8971796387921507,-0.28549519127799955,1.0,1,0,1,0
S03332,9,6,40,67,2,0,2021.0,No,4,2024.0,Placed,South Africa,7,0.6087549176315472,-0.38739894769577166,1,3,0,0.6617700326918035,-0.28549519127799955,3.0,0,1,0,0
S03100,2,1,17,1,2,3,2023.0,Yes,0,2026.0,Placed,Finland,12,0.9127333849905372,-0.921518105890399,0,4,2,0.5608802015059405,0.8747698779729242,3.0,1,1,1,0
S00760,4,8,27,48,5,1,2023.0,No,2,2026.0,Placed,UK,3,0.8233894283478554,-1.594972696657538,2,1,2,0.49362031404869855,-0.7459178378061438,3.0,0,1,0,0
S01425,6,7,1,20,2,3,2022.0,No,2,2025.0,Placed,UAE,10,0.9450715198159617,-1.5253049803712826,5,1,0,0.8299197513349084,-0.28549519127799955,3.0,1,1,0,0
S01646,3,7,12,29,11,6,2019.0,Yes,0,2021.0,Placed,UAE,4,2.067382263632233,0.913065089647669,4,0,0,-1.8941056906833906,-0.28549519127799955,2.0,0,1,1,0
S04546,7,9,42,47,8,7,2022.0,No,1,2023.0,Placed,USA,0,2.0194074575162224,-1.0840761105583296,5,2,0,-1.8941056906833906,-0.7275009319450181,1.0,0,1,0,0
S03333,2,8,6,55,2,6,2021.0,Yes,2,2022.0,Not Placed,UK,9,-0.8785035087145754,0.5647265082163905,2,4,0,-1.8941056906833906,-0.8748361788340243,1.0,0,0,1,0
S04979,7,0,37,65,2,5,2021.0,No,3,2023.0,Not Placed,UK,9,-0.8785035087145754,-0.9447406779858181,3,0,3,0.42636042659145684,-0.28549519127799955,2.0,0,0,0,0
S02346,9,5,32,4,3,2,2021.0,No,0,2024.0,Not Placed,UK,9,-0.8785035087145754,-1.339524403607934,1,4,2,0.8635496950635292,-0.28549519127799955,3.0,1,0,0,0
S03983,3,5,41,38,2,2,2021.0,No,1,2023.0,Placed,Russia,4,2.011007429811569,0.4021685035484598,3,1,0,0.3927304828628357,-0.28549519127799955,2.0,1,1,0,0
S01831,6,3,11,18,0,4,2023.0,No,1,2026.0,Placed,India,6,0.42241627488748545,-0.13195065464616756,4,3,3,0.02280110184800505,-0.28549519127799955,3.0,0,1,0,0
S03718,8,1,46,43,4,1,2023.0,No,0,2024.0,Not Placed,UK,9,-0.8785035087145754,1.6794099687964823,5,3,0,0.45999037032007767,-0.28549519127799955,1.0,0,0,0,0
S04427,8,7,12,58,8,4,2022.0,No,4,2025.0,Placed,UAE,3,0.22970859705280655,0.5415039361209714,4,4,0,-1.8941056906833906,-0.28549519127799955,3.0,0,1,0,0
S03054,0,8,27,21,5,0,2019.0,No,1,2020.0,Not Placed,UK,9,-0.8785035087145754,-1.618195268752957,1,0,1,0.5272502577773197,-0.35916281472250267,1.0,0,0,0,0
S04855,1,8,27,21,7,7,2019.0,Yes,0,2020.0,Not Placed,UK,9,-0.8785035087145754,-0.898295533794981,0,1,3,0.09006098930524706,-0.35916281472250267,1.0,0,0,1,0
S00616,5,2,45,68,1,2,2023.0,No,3,2025.0,Placed,Germany,9,0.6980791558993356,-0.5267343802682832,0,1,1,0.25821070794835194,4.8344046381149655,2.0,1,1,0,0
S03776,0,1,46,43,8,1,2019.0,Yes,4,2022.0,Placed,Finland,4,1.630541386240493,1.354293959460622,1,1,0,-0.010828841880616107,-0.28549519127799955,3.0,0,1,1,0
S01292,7,4,30,27,5,3,2020.0,Yes,2,2022.0,Placed,Ireland,1,-0.04307540122458502,-0.41062151979119077,2,0,2,0.3591005391342148,-0.28549519127799955,2.0,1,1,1,0
S04467,4,3,39,3,7,4,2022.0,No,1,2023.0,Not Placed,UK,9,-0.8785035087145754,0.3325007872622045,0,4,0,-1.8941056906833906,-0.28549519127799955,1.0,0,0,0,0
S03737,5,6,40,67,10,7,2023.0,Yes,4,2026.0,Not Placed,UK,9,-0.8785035087145754,-1.130521254749167,4,4,0,0.9308095825207715,-0.28549519127799955,3.0,0,0,1,0
S02717,1,3,39,3,6,0,2020.0,No,3,2022.0,Placed,India,11,0.4273655869857669,-0.898295533794981,1,1,0,-0.14534861679509983,-0.28549519127799955,2.0,0,1,0,0
S00043,9,7,12,10,11,5,2020.0,Yes,4,2023.0,Placed,UAE,3,0.5433293497347433,-1.641417840848375,4,2,1,0.1573208767624888,-0.28549519127799955,3.0,0,1,1,0
S03524,3,7,1,73,3,1,2022.0,No,1,2023.0,Placed,UAE,11,-0.25126200335070187,0.35572335935762256,3,3,2,1.0653293574352556,-0.28549519127799955,1.0,0,1,0,0
S03477,3,0,16,52,2,1,2021.0,No,1,2023.0,Placed,Canada,2,1.1973878449538469,0.16994278259427376,0,4,1,0.8635496950635292,1.114189654167559,2.0,0,1,0,1
S01215,4,0,48,69,11,1,2022.0,No,2,2025.0,Not Placed,UK,9,-0.8785035087145754,-0.3641763756003536,1,0,1,0.12369093303386793,-0.5249149674726347,3.0,0,0,0,0
S04415,9,5,24,19,8,4,2019.0,Yes,3,2021.0,Not Placed,UK,9,-0.8785035087145754,-0.3409538035049345,5,0,0,0.3591005391342148,-0.28549519127799955,2.0,0,0,1,0
S04891,7,4,13,51,12,5,2023.0,Yes,4,2026.0,Not Placed,UK,9,-0.8785035087145754,0.3789459314530417,3,3,2,0.5272502577773197,-0.28549519127799955,3.0,0,0,1,0
S04605,4,8,15,60,3,0,2020.0,Yes,4,2021.0,Placed,UK,7,0.08907714731199719,-0.5499569523637023,3,1,2,0.7626598638776666,-0.5064980616115089,1.0,0,1,1,0
S03879,3,0,31,28,6,1,2019.0,Yes,0,2022.0,Not Placed,UK,9,-0.8785035087145754,0.6343942245026458,2,0,2,0.9980694699780132,-0.41441353230587996,3.0,0,0,1,0
S04187,1,5,32,4,6,3,2023.0,Yes,1,2025.0,Placed,Russia,5,1.9229846042867553,1.1917359547926911,2,4,3,0.9308095825207715,-0.28549519127799955,2.0,1,1,1,0
S00296,4,8,6,55,4,5,2021.0,Yes,1,2023.0,Not Placed,UK,9,-0.8785035087145754,-1.4556372640850264,5,0,0,0.1573208767624888,-0.8748361788340243,2.0,0,0,1,0
S01562,5,7,12,10,10,7,2020.0,No,3,2022.0,Placed,UAE,11,0.9819251624920096,-0.898295533794981,5,0,3,0.6953999764204246,-0.28549519127799955,2.0,0,1,0,0
S03938,7,0,27,72,0,0,2021.0,Yes,4,2023.0,Not Placed,UK,9,-0.8785035087145754,-0.8286278175087246,0,2,3,0.056431045576625906,1.611446112417955,2.0,0,0,1,0
S03927,5,2,34,22,8,7,2020.0,Yes,4,2021.0,Placed,Germany,10,0.7381271753081386,1.1685133826972731,1,0,0,-1.8941056906833906,-0.28549519127799955,1.0,0,1,1,0
S00881,0,6,40,67,4,2,2022.0,No,3,2024.0,Not Placed,UK,9,-0.8785035087145754,-0.5731795244591205,5,0,0,-1.8941056906833906,-0.28549519127799955,2.0,1,0,0,0
S04503,6,5,32,30,4,5,2023.0,Yes,4,2025.0,Placed,Russia,2,1.6777866124854424,1.1685133826972731,2,3,1,0.7962898076062874,-0.28549519127799955,2.0,0,1,1,0
S02793,3,1,46,43,14,1,2023.0,No,0,2026.0,Not Placed,UK,9,-0.8785035087145754,-0.689292384936213,0,3,3,0.8635496950635292,-0.28549519127799955,3.0,0,0,0,0
S01052,4,0,48,69,5,2,2019.0,No,2,2021.0,Not Placed,UK,9,-0.8785035087145754,1.586519680414808,3,2,3,0.32547059540559364,-0.5249149674726347,2.0,1,0,0,0
S00675,2,6,19,37,12,7,2020.0,Yes,1,2021.0,Not Placed,UK,9,-0.8785035087145754,0.10027506630801845,1,4,3,-0.04445878560923697,-0.28549519127799955,1.0,0,0,1,0
S03890,6,8,27,17,1,7,2022.0,No,4,2024.0,Placed,UK,3,0.018682548942018304,-0.8518503896041437,5,4,0,-0.010828841880616107,-0.8011685553895213,2.0,0,1,0,0
S01417,0,9,35,32,14,7,2019.0,Yes,2,2021.0,Placed,USA,5,1.4856507675226764,-1.57175012456212,5,4,1,0.1573208767624888,-0.1197430385278676,2.0,0,1,1,0
S04410,8,0,31,28,2,5,2021.0,Yes,4,2023.0,Not Placed,UK,9,-0.8785035087145754,1.0059553780293433,3,2,2,0.7290299201490454,-0.41441353230587996,2.0,0,0,1,0
S01446,9,2,3,42,5,4,2019.0,No,2,2020.0,Placed,Germany,5,1.1895399317462134,-0.7821826733178874,0,2,0,-1.8941056906833906,-0.28549519127799955,1.0,0,1,0,0
S01285,0,6,40,67,14,5,2023.0,Yes,2,2026.0,Not Placed,UK,9,-0.8785035087145754,-0.8054052454133065,1,1,1,1.031699413706634,-0.28549519127799955,3.0,0,0,1,0
S01146,3,9,35,32,0,6,2020.0,No,4,2021.0,Not Placed,UK,9,-0.8785035087145754,0.3789459314530417,3,4,3,0.9308095825207715,-0.1197430385278676,1.0,0,0,0,0
S02722,4,9,28,49,11,0,2021.0,No,3,2024.0,Placed,USA,7,0.16237034679132814,1.0059553780293433,5,0,2,0.12369093303386793,-0.3407459088613769,3.0,0,1,0,0
S00481,5,4,13,51,10,4,2023.0,Yes,2,2025.0,Placed,Ireland,0,-0.22020556289335824,0.6343942245026458,5,0,0,-1.8941056906833906,-0.28549519127799955,2.0,0,1,1,0
S04639,4,3,11,6,6,5,2019.0,Yes,4,2020.0,Not Placed,UK,9,-0.8785035087145754,-1.5253049803712826,5,4,0,-1.8941056906833906,-0.28549519127799955,1.0,0,0,1,0
S04437,4,3,33,14,5,2,2019.0,Yes,0,2022.0,Placed,India,11,0.24544386021786066,0.7505070849797383,1,4,3,0.8299197513349084,-0.08290922680561606,3.0,1,1,1,0
S02382,1,3,2,13,12,5,2020.0,Yes,0,2023.0,Not Placed,UK,9,-0.8785035087145754,0.8201748012659946,3,2,3,0.6281400889631826,0.5800993841949118,3.0,0,0,1,0
S03476,1,4,30,27,0,3,2023.0,No,3,2025.0,Placed,Ireland,2,1.8722097889358602,-0.6660698128407949,5,4,3,0.49362031404869855,-0.28549519127799955,2.0,1,1,0,0
S01619,0,3,2,13,0,4,2020.0,No,0,2023.0,Not Placed,UK,9,-0.8785035087145754,0.9595102338385062,5,0,2,0.9308095825207715,0.5800993841949118,3.0,0,0,0,0
S00386,1,9,35,5,9,5,2021.0,No,1,2023.0,Not Placed,UK,9,-0.8785035087145754,-1.618195268752957,5,0,0,0.9308095825207715,-0.580165685056012,2.0,0,0,0,0
S02053,9,3,11,18,7,3,2022.0,No,2,2025.0,Placed,India,3,0.1478773412445678,1.5632971083193887,0,1,1,0.9308095825207715,-0.28549519127799955,3.0,1,1,0,0
S04373,6,0,50,39,14,7,2022.0,Yes,1,2023.0,Placed,Canada,3,1.3952223002608493,0.5647265082163905,1,0,2,0.1573208767624888,-0.28549519127799955,1.0,0,1,1,1
S01821,7,9,35,5,0,2,2020.0,Yes,1,2023.0,Not Placed,UK,9,-0.8785035087145754,-1.3163018315125148,0,1,0,-1.8941056906833906,-0.580165685056012,3.0,1,0,1,0
S01036,5,8,27,17,3,6,2020.0,No,0,2023.0,Placed,UK,10,1.4665239438759314,-0.7125149570316321,3,1,0,-1.8941056906833906,-0.8011685553895213,3.0,0,1,0,0
S04579,7,0,50,54,6,5,2021.0,Yes,4,2022.0,Placed,Canada,6,1.2159033989788917,0.3325007872622045,3,2,2,0.8299197513349084,-0.28549519127799955,1.0,0,1,1,1
S03716,2,0,25,35,14,1,2022.0,Yes,1,2024.0,Placed,Canada,0,0.5655519582397759,-1.362746975703352,0,4,2,0.5945101452345617,3.6188888512806643,2.0,0,1,1,1
S02294,5,4,18,33,11,0,2019.0,Yes,4,2020.0,Placed,Ireland,4,-0.18350966721645887,-1.2466341152262594,4,3,1,0.9980694699780132,-0.28549519127799955,1.0,0,1,1,0
S00768,6,0,27,72,9,2,2023.0,No,0,2026.0,Placed,Canada,12,-0.15127012426550215,0.6576167965980638,2,4,0,-1.8941056906833906,1.611446112417955,3.0,1,1,0,1
S03037,3,8,29,64,3,1,2020.0,No,4,2023.0,Placed,UK,8,1.3871180481795995,-1.594972696657538,1,0,0,0.9980694699780132,-0.41441353230587996,3.0,0,1,0,0
S04721,5,4,13,46,7,0,2022.0,Yes,2,2023.0,Placed,Ireland,9,-0.1884195425649532,1.2614036710789476,0,4,3,0.9980694699780132,1.279941806917691,1.0,0,1,1,0
S01058,5,7,1,20,3,1,2019.0,Yes,1,2020.0,Not Placed,UK,9,-0.8785035087145754,1.4471842478422963,0,3,0,-0.07808872933785782,-0.28549519127799955,1.0,0,0,1,0
S01949,9,1,46,43,10,3,2020.0,Yes,1,2023.0,Not Placed,UK,9,-0.8785035087145754,1.0756230943155987,5,4,1,-0.010828841880616107,-0.28549519127799955,3.0,1,0,1,0
S02557,9,3,39,3,5,7,2021.0,No,1,2022.0,Placed,India,8,1.2192555227107955,-0.8750729616995618,3,1,1,1.0989593011638763,-0.28549519127799955,1.0,0,1,0,0
S00695,9,3,2,13,7,5,2022.0,Yes,1,2025.0,Placed,India,0,0.14801536986882266,-0.3641763756003536,3,1,3,0.9308095825207715,0.5800993841949118,3.0,0,1,1,0
S01201,9,6,14,63,0,6,2022.0,No,1,2023.0,Not Placed,UK,9,-0.8785035087145754,1.0988456664110178,1,3,1,0.02280110184800505,-0.28549519127799955,1.0,0,0,0,0
S04254,9,7,43,2,11,0,2023.0,Yes,1,2026.0,Placed,UAE,2,0.6257915935395757,0.28605564307136727,0,0,0,-1.8941056906833906,-0.28549519127799955,3.0,0,1,1,0
S04346,7,1,49,0,1,1,2023.0,Yes,3,2026.0,Not Placed,UK,9,-0.8785035087145754,-1.5485275524667008,4,2,1,-0.11171867306647898,-0.28549519127799955,3.0,0,0,1,0
S03590,2,7,12,26,4,7,2021.0,Yes,2,2022.0,Placed,UAE,11,0.6076506886375084,-0.689292384936213,0,4,1,-0.178978560523721,-0.28549519127799955,1.0,0,1,1,0
S04975,4,8,6,55,11,3,2019.0,Yes,1,2020.0,Not Placed,UK,9,-0.8785035087145754,1.7490776850827376,2,0,2,1.0653293574352556,-0.8748361788340243,1.0,1,0,1,0
S00808,8,7,12,26,3,5,2023.0,No,3,2025.0,Placed,UAE,6,2.016607448281338,-1.0840761105583296,5,1,2,0.5272502577773197,-0.28549519127799955,2.0,0,1,0,0
S00411,9,4,13,46,9,4,2022.0,Yes,2,2023.0,Placed,Ireland,4,0.6106281632464347,1.609742252510226,2,0,3,0.6953999764204246,1.279941806917691,1.0,0,1,1,0
S01281,4,3,8,16,1,0,2023.0,No,4,2025.0,Not Placed,UK,9,-0.8785035087145754,-1.2466341152262594,0,4,1,0.8299197513349084,-0.28549519127799955,2.0,0,0,0,0
S00587,4,9,35,32,1,2,2020.0,Yes,0,2021.0,Placed,USA,7,0.42827263223087025,1.5168519641285516,4,4,3,0.3927304828628357,-0.1197430385278676,1.0,1,1,1,0
S01553,4,9,42,40,10,7,2020.0,No,3,2021.0,Placed,USA,12,0.24497061922041544,-0.20161837093242285,0,4,3,0.42636042659145684,-0.819585461250647,1.0,0,1,0,0
S01691,3,7,12,10,4,7,2019.0,No,4,2022.0,Placed,UAE,0,0.948581390547014,0.5182813640255532,2,0,1,-0.04445878560923697,-0.28549519127799955,3.0,0,1,0,0
S01797,5,9,9,57,0,4,2022.0,Yes,0,2023.0,Not Placed,UK,9,-0.8785035087145754,0.6343942245026458,0,2,3,0.9980694699780132,-0.5617487791948862,1.0,0,0,1,0
S01780,3,6,23,71,4,6,2019.0,No,1,2022.0,Not Placed,UK,9,-0.8785035087145754,-1.1072986826537479,5,0,3,-0.010828841880616107,-0.28549519127799955,3.0,0,0,0,0
S03919,9,2,34,22,3,3,2021.0,Yes,1,2022.0,Placed,Germany,5,0.39619083627906193,1.1685133826972731,3,4,2,0.7626598638776666,-0.28549519127799955,1.0,1,1,1,0
S02198,6,4,13,51,10,0,2023.0,No,3,2024.0,Not Placed,UK,9,-0.8785035087145754,0.23961049888053007,4,0,2,0.056431045576625906,-0.28549519127799955,1.0,0,0,0,0
S04406,2,9,42,47,4,0,2019.0,Yes,1,2020.0,Placed,USA,3,2.0570892719377993,-1.385969547798771,5,2,2,0.5608802015059405,-0.7275009319450181,1.0,0,1,1,0
S04066,2,6,44,41,8,7,2023.0,Yes,1,2026.0,Not Placed,UK,9,-0.8785035087145754,0.4253910756438789,0,4,2,0.7290299201490454,-0.28549519127799955,3.0,0,0,1,0
S02523,4,2,34,44,6,3,2021.0,Yes,4,2024.0,Placed,Germany,9,0.9335559888781277,-1.339524403607934,5,1,0,-1.8941056906833906,-0.08290922680561606,3.0,1,1,1,0
S04969,7,8,27,17,14,5,2020.0,Yes,4,2022.0,Not Placed,UK,9,-0.8785035087145754,0.5647265082163905,2,4,0,-1.8941056906833906,-0.8011685553895213,2.0,0,0,1,0
S03426,9,2,34,22,9,1,2022.0,Yes,4,2024.0,Placed,Germany,6,0.20689443730096746,-1.0144083942720734,1,0,2,0.2245807642197308,-0.28549519127799955,2.0,0,1,1,0
S03049,8,3,2,13,14,2,2022.0,Yes,2,2023.0,Placed,India,0,1.000105504143864,1.0988456664110178,2,3,2,-0.07808872933785782,0.5800993841949118,1.0,1,1,1,0
S03273,0,5,32,4,10,2,2019.0,No,4,2020.0,Placed,Russia,11,1.8481730899406208,0.5647265082163905,4,1,3,0.45999037032007767,-0.28549519127799955,1.0,1,1,0,0
S03362,5,9,42,47,1,4,2020.0,Yes,1,2023.0,Not Placed,UK,9,-0.8785035087145754,0.14672021049885567,4,1,0,-1.8941056906833906,-0.7275009319450181,3.0,0,0,1,0
S03922,1,0,37,65,12,4,2022.0,No,4,2024.0,Placed,Canada,3,1.1072354349405293,-1.2698566873216774,1,2,0,-0.178978560523721,-0.28549519127799955,2.0,0,1,0,1
S04638,1,9,28,49,3,0,2020.0,No,2,2023.0,Placed,USA,11,1.092032567897601,-0.5499569523637023,5,1,2,0.7290299201490454,-0.3407459088613769,3.0,0,1,0,0
S04968,8,9,28,49,3,7,2019.0,Yes,4,2022.0,Placed,USA,2,1.1215904118630349,0.7272845128843202,2,2,0,-1.8941056906833906,-0.3407459088613769,3.0,0,1,1,0
S03811,8,3,11,6,14,7,2023.0,Yes,1,2024.0,Placed,India,2,1.2656725772102158,-1.2234115431308403,5,3,0,0.2245807642197308,-0.28549519127799955,1.0,0,1,1,0
S03466,2,3,47,31,5,6,2021.0,Yes,2,2022.0,Not Placed,UK,9,-0.8785035087145754,1.586519680414808,3,2,0,0.8971796387921507,-0.28549519127799955,1.0,0,0,1,0
S03766,5,8,38,66,2,2,2023.0,No,0,2026.0,Placed,UK,11,1.5073804166553701,-1.385969547798771,2,3,0,0.25821070794835194,-0.8564192729728985,3.0,1,1,0,0
S04870,9,0,31,28,13,6,2019.0,No,0,2021.0,Not Placed,UK,9,-0.8785035087145754,-1.6646404129437942,1,4,3,0.1573208767624888,-0.41441353230587996,2.0,0,0,0,0
S04719,4,8,27,21,6,6,2020.0,No,3,2021.0,Placed,UK,7,1.7333135561856834,-1.6878629850392124,0,1,0,-1.8941056906833906,-0.35916281472250267,1.0,0,1,0,0
S00583,4,9,5,8,8,1,2020.0,Yes,4,2022.0,Placed,USA,4,0.24299878173106026,0.6343942245026458,4,4,2,0.25821070794835194,-0.8380023671117728,2.0,0,1,1,0
S02632,0,9,9,57,9,2,2022.0,Yes,2,2024.0,Not Placed,UK,9,-0.8785035087145754,1.0291779501247615,2,2,1,0.5272502577773197,-0.5617487791948862,2.0,1,0,1,0
S04958,7,1,17,1,5,7,2021.0,Yes,0,2024.0,Placed,Finland,5,1.571011612436861,-1.4324146919896081,5,2,1,0.25821070794835194,0.8747698779729242,3.0,0,1,1,0
S03179,7,3,8,16,5,6,2020.0,Yes,4,2023.0,Not Placed,UK,9,-0.8785035087145754,0.12349763840343654,4,3,3,-0.11171867306647898,-0.28549519127799955,3.0,0,0,1,0
S03456,3,8,29,64,12,2,2021.0,Yes,0,2022.0,Placed,UK,8,0.916046071972654,1.4239616757468772,5,2,0,-0.21260850425234185,-0.41441353230587996,1.0,1,1,1,0
S01545,0,1,46,43,5,0,2022.0,Yes,0,2023.0,Placed,Finland,0,1.961770647702371,0.7505070849797383,0,3,3,0.09006098930524706,-0.28549519127799955,1.0,0,1,1,0
S01096,3,7,43,2,12,1,2021.0,No,4,2022.0,Not Placed,UK,9,-0.8785035087145754,1.4239616757468772,0,3,0,0.25821070794835194,-0.28549519127799955,1.0,0,0,0,0
S03209,6,3,11,18,8,0,2023.0,No,3,2025.0,Placed,India,0,0.4417205639082724,0.6343942245026458,5,3,2,0.056431045576625906,-0.28549519127799955,2.0,0,1,0,0
S01684,8,7,1,73,4,6,2023.0,Yes,1,2024.0,Not Placed,UK,9,-0.8785035087145754,1.0524005222201807,4,4,1,0.19095082049110992,-0.28549519127799955,1.0,0,0,1,0
S04370,2,5,41,38,6,7,2019.0,Yes,4,2021.0,Not Placed,UK,9,-0.8785035087145754,0.5879490803118086,2,4,0,0.3927304828628357,-0.28549519127799955,2.0,0,0,1,0
S02044,9,0,31,28,8,6,2023.0,Yes,2,2024.0,Not Placed,UK,9,-0.8785035087145754,-0.8750729616995618,0,3,2,1.0653293574352556,-0.41441353230587996,1.0,0,0,1,0
S01804,7,4,13,45,6,7,2020.0,No,4,2021.0,Not Placed,UK,9,-0.8785035087145754,-0.15517322674158565,1,1,0,0.9644395262493923,-0.28549519127799955,1.0,0,0,0,0
S00200,4,7,12,10,3,5,2023.0,Yes,2,2024.0,Placed,UAE,5,0.5278307070684118,1.5400745362239707,0,0,0,-1.8941056906833906,-0.28549519127799955,1.0,0,1,1,0
S03214,9,2,34,44,8,2,2021.0,No,3,2024.0,Not Placed,UK,9,-0.8785035087145754,-0.8750729616995618,3,3,2,0.6281400889631826,-0.08290922680561606,3.0,1,0,0,0
S04158,0,5,32,11,13,3,2020.0,No,3,2021.0,Not Placed,UK,9,-0.8785035087145754,0.8666199454568319,5,4,0,-1.8941056906833906,-0.28549519127799955,1.0,1,0,0,0
S04536,9,2,3,42,11,3,2022.0,Yes,4,2024.0,Placed,Germany,12,1.4279745209590382,-0.4338440918866089,3,0,0,-1.8941056906833906,-0.28549519127799955,2.0,1,1,1,0
S00959,7,6,44,41,14,1,2021.0,Yes,2,2022.0,Placed,South Africa,4,1.7155078636568064,-0.7589601012224693,0,0,0,-1.8941056906833906,-0.28549519127799955,1.0,0,1,1,0
S03666,8,3,11,15,9,5,2020.0,No,0,2022.0,Not Placed,UK,9,-0.8785035087145754,1.2846262431743656,1,3,0,0.49362031404869855,2.348122346862986,2.0,0,0,0,0
S01513,4,7,1,20,5,4,2019.0,No,2,2021.0,Not Placed,UK,9,-0.8785035087145754,0.030607350021762136,1,2,3,0.2245807642197308,-0.28549519127799955,2.0,0,0,0,0
S02222,6,8,27,21,4,5,2022.0,Yes,2,2023.0,Not Placed,UK,9,-0.8785035087145754,1.2149585268881102,4,2,0,-1.8941056906833906,-0.35916281472250267,1.0,0,0,1,0
S04025,4,8,38,66,10,4,2023.0,Yes,3,2025.0,Placed,UK,9,0.01824874469436017,1.586519680414808,0,2,0,-1.8941056906833906,-0.8564192729728985,2.0,0,1,1,0
S04392,7,2,20,9,11,1,2021.0,No,3,2024.0,Not Placed,UK,9,-0.8785035087145754,1.586519680414808,1,3,0,0.45999037032007767,-0.28549519127799955,3.0,0,0,0,0
S03148,8,0,48,69,5,1,2023.0,Yes,1,2025.0,Not Placed,UK,9,-0.8785035087145754,0.7272845128843202,3,4,1,-0.07808872933785782,-0.5249149674726347,2.0,0,0,1,0
S01084,1,7,12,29,3,3,2023.0,No,2,2026.0,Placed,UAE,11,1.8226180760785782,1.1452908106018551,4,0,1,1.1325892448924972,-0.28549519127799955,3.0,1,1,0,0
S02461,7,0,27,72,5,0,2021.0,Yes,3,2022.0,Not Placed,UK,9,-0.8785035087145754,-0.7357375291270501,1,3,2,0.5608802015059405,1.611446112417955,1.0,0,0,1,0
S04108,0,5,36,34,12,1,2021.0,No,0,2022.0,Placed,Russia,12,1.481628219044392,0.5182813640255532,5,1,0,0.09006098930524706,-0.28549519127799955,1.0,0,1,0,0
S04987,8,0,27,72,12,4,2023.0,Yes,0,2026.0,Placed,Canada,8,1.8957338101838672,0.4021685035484598,1,1,0,-1.8941056906833906,1.611446112417955,3.0,0,1,1,1
S01974,6,4,30,27,1,5,2020.0,No,1,2023.0,Not Placed,UK,9,-0.8785035087145754,-0.9447406779858181,4,3,0,0.5608802015059405,-0.28549519127799955,3.0,0,0,0,0
S01958,0,4,30,27,1,2,2020.0,Yes,0,2021.0,Not Placed,UK,9,-0.8785035087145754,1.1685133826972731,4,0,1,0.8635496950635292,-0.28549519127799955,1.0,1,0,1,0
S02948,9,5,36,34,14,1,2023.0,No,2,2024.0,Placed,Russia,4,1.0686662936487425,1.0988456664110178,2,2,1,0.9308095825207715,-0.28549519127799955,1.0,0,1,0,0
S02600,6,8,15,60,7,2,2020.0,No,1,2023.0,Not Placed,UK,9,-0.8785035087145754,1.5168519641285516,2,0,2,0.09006098930524706,-0.5064980616115089,3.0,1,0,0,0
S02111,1,7,12,58,11,0,2023.0,Yes,1,2026.0,Placed,UAE,2,1.610132868225667,-1.0840761105583296,4,1,0,-1.8941056906833906,-0.28549519127799955,3.0,0,1,1,0
S00280,9,1,49,0,12,7,2020.0,Yes,0,2021.0,Placed,Finland,6,-0.10650941325714024,0.3092782151667854,5,1,0,0.6617700326918035,-0.28549519127799955,1.0,0,1,1,0
S01610,0,2,34,22,11,1,2019.0,No,0,2022.0,Placed,Germany,5,1.930733925619921,-0.6196246686499577,1,2,2,0.056431045576625906,-0.28549519127799955,3.0,0,1,0,0
S00479,8,3,2,13,9,7,2022.0,Yes,0,2023.0,Placed,India,3,1.7764376420778805,1.37751653155604,2,4,1,0.32547059540559364,0.5800993841949118,1.0,0,1,1,0
S04020,6,8,4,53,12,4,2020.0,Yes,0,2023.0,Not Placed,UK,9,-0.8785035087145754,-0.5731795244591205,1,4,1,0.5272502577773197,0.6353501017782891,3.0,0,0,1,0
S04732,6,7,1,73,12,3,2022.0,No,2,2024.0,Placed,UAE,4,1.1319819954319366,0.9595102338385062,0,4,1,0.5945101452345617,-0.28549519127799955,2.0,1,1,0,0
S01602,1,6,14,63,7,0,2019.0,No,4,2020.0,Not Placed,UK,9,-0.8785035087145754,-1.130521254749167,0,1,3,0.056431045576625906,-0.28549519127799955,1.0,0,0,0,0
S03192,5,2,3,42,5,6,2021.0,No,3,2023.0,Placed,Germany,0,1.6275047565068859,-1.2466341152262594,3,0,2,0.6617700326918035,-0.28549519127799955,2.0,0,1,0,0
S03982,4,9,42,47,6,4,2020.0,No,3,2021.0,Placed,USA,6,0.4715544651222158,-0.22484094302784197,3,4,3,0.9308095825207715,-0.7275009319450181,1.0,0,1,0,0
S04366,7,8,27,21,6,6,2020.0,No,3,2021.0,Not Placed,UK,9,-0.8785035087145754,-1.339524403607934,4,3,3,0.1573208767624888,-0.35916281472250267,1.0,0,0,0,0
S00063,5,7,1,73,1,4,2023.0,No,1,2026.0,Not Placed,UK,9,-0.8785035087145754,-0.41062151979119077,5,1,0,-1.8941056906833906,-0.28549519127799955,3.0,0,0,0,0
S03283,6,0,48,69,2,5,2021.0,No,3,2024.0,Not Placed,UK,9,-0.8785035087145754,-0.38739894769577166,4,3,2,0.8299197513349084,-0.5249149674726347,3.0,0,0,0,0
S03429,2,0,25,35,4,1,2023.0,No,1,2026.0,Placed,Canada,9,0.27821579929094326,0.5879490803118086,4,0,0,-1.8941056906833906,3.6188888512806643,3.0,0,1,0,1
S03751,5,0,16,52,4,7,2019.0,Yes,1,2021.0,Placed,Canada,0,1.627149825758802,-1.0144083942720734,2,4,1,0.7290299201490454,1.114189654167559,2.0,0,1,1,1
S00414,1,5,32,11,3,4,2022.0,No,2,2024.0,Not Placed,UK,9,-0.8785035087145754,0.9827328059339243,2,0,1,0.7626598638776666,-0.28549519127799955,2.0,0,0,0,0
S01465,1,7,1,73,0,0,2021.0,No,0,2023.0,Placed,UAE,4,1.0658268476640713,1.37751653155604,3,2,0,-1.8941056906833906,-0.28549519127799955,2.0,0,1,0,0
S00747,9,6,23,62,2,2,2023.0,Yes,0,2025.0,Placed,South Africa,3,0.38286121485102115,0.12349763840343654,0,0,2,0.056431045576625906,-0.28549519127799955,2.0,1,1,1,0
S00497,5,4,13,7,0,4,2022.0,Yes,2,2023.0,Placed,Ireland,0,1.2464668800638965,0.9827328059339243,4,1,1,-0.07808872933785782,-0.28549519127799955,1.0,0,1,1,0
S01577,6,0,37,65,3,4,2023.0,No,1,2025.0,Placed,Canada,4,0.49249537925916753,0.4021685035484598,5,0,0,-1.8941056906833906,-0.28549519127799955,2.0,0,1,0,1
S04932,1,4,13,7,5,3,2023.0,No,3,2024.0,Not Placed,UK,9,-0.8785035087145754,1.0756230943155987,2,2,2,0.7962898076062874,-0.28549519127799955,1.0,1,0,0,0
S02010,1,8,38,66,8,1,2021.0,No,3,2022.0,Placed,UK,6,1.5375298118676104,0.5647265082163905,3,2,2,0.32547059540559364,-0.8564192729728985,1.0,0,1,0,0
S03307,7,3,8,16,7,7,2019.0,No,0,2022.0,Placed,India,0,1.2003258828129861,-0.08550551045533036,2,1,0,-1.8941056906833906,-0.28549519127799955,3.0,0,1,0,0
S04243,4,9,35,32,1,0,2021.0,No,3,2023.0,Placed,USA,12,0.6761917597674933,-1.0144083942720734,4,0,3,0.09006098930524706,-0.1197430385278676,2.0,0,1,0,0
S04444,4,9,35,32,7,1,2021.0,No,4,2024.0,Not Placed,UK,9,-0.8785035087145754,0.07705249421259934,0,0,0,-1.8941056906833906,-0.1197430385278676,3.0,0,0,0,0
S00183,5,3,11,18,5,3,2023.0,Yes,2,2026.0,Not Placed,UK,9,-0.8785035087145754,0.35572335935762256,1,0,0,1.0653293574352556,-0.28549519127799955,3.0,1,0,1,0
S01144,4,8,38,66,7,0,2021.0,Yes,1,2023.0,Placed,UK,12,0.8458092206018235,-1.57175012456212,0,1,1,0.49362031404869855,-0.8564192729728985,2.0,0,1,1,0
S04597,3,2,3,12,10,6,2021.0,Yes,2,2023.0,Not Placed,UK,9,-0.8785035087145754,1.4471842478422963,5,0,0,-1.8941056906833906,-0.28549519127799955,2.0,0,0,1,0
S03568,2,0,16,52,2,6,2021.0,No,0,2023.0,Placed,Canada,3,0.8499106425796822,0.8433973733614127,3,1,3,0.5945101452345617,1.114189654167559,2.0,0,1,0,1
S02881,0,6,23,62,9,5,2023.0,No,4,2025.0,Placed,South Africa,7,-0.07720790816532269,1.4704068199377145,4,0,1,0.8635496950635292,-0.28549519127799955,2.0,0,1,0,0
S04075,1,5,32,30,2,1,2019.0,No,0,2020.0,Placed,Russia,7,1.5372734729939943,-0.921518105890399,4,1,0,-1.8941056906833906,-0.28549519127799955,1.0,0,1,0,0
S02709,2,9,35,5,6,2,2022.0,Yes,2,2023.0,Placed,USA,5,1.043367618660316,-0.898295533794981,2,1,0,-1.8941056906833906,-0.580165685056012,1.0,1,1,1,0
S04774,6,1,22,59,11,3,2021.0,No,0,2024.0,Not Placed,UK,9,-0.8785035087145754,-1.362746975703352,2,0,0,0.9644395262493923,-0.28549519127799955,3.0,1,0,0,0
S01967,4,8,27,21,10,1,2023.0,No,0,2025.0,Placed,UK,0,0.8528881171886085,-1.5020824082758635,3,3,2,-0.21260850425234185,-0.35916281472250267,2.0,0,1,0,0
S04826,1,5,32,11,3,7,2021.0,Yes,4,2024.0,Placed,Russia,2,0.5247940773348049,-0.7357375291270501,0,4,2,-0.21260850425234185,-0.28549519127799955,3.0,0,1,1,0
S02446,5,0,31,28,5,0,2021.0,Yes,2,2022.0,Placed,Canada,5,0.5128644605242062,1.4936293920331336,4,4,2,-0.14534861679509983,-0.41441353230587996,1.0,0,1,1,1
S01210,8,3,11,18,12,6,2023.0,No,2,2024.0,Not Placed,UK,9,-0.8785035087145754,0.7505070849797383,3,1,3,0.42636042659145684,-0.28549519127799955,1.0,0,0,0,0
S02249,5,1,46,43,0,4,2019.0,No,2,2021.0,Not Placed,UK,9,-0.8785035087145754,1.2614036710789476,1,1,1,0.42636042659145684,-0.28549519127799955,2.0,0,0,0,0
S04897,2,3,11,6,9,1,2023.0,No,3,2025.0,Not Placed,UK,9,-0.8785035087145754,-0.5267343802682832,3,0,1,0.7962898076062874,-0.28549519127799955,2.0,0,0,0,0
S01129,0,9,5,8,3,6,2022.0,No,1,2024.0,Placed,USA,12,-0.03481340214418694,0.16994278259427376,5,1,2,0.7626598638776666,-0.8380023671117728,2.0,0,1,0,0
S00546,2,9,5,25,14,7,2021.0,No,0,2023.0,Placed,USA,11,1.5247720233114825,1.1452908106018551,1,4,2,0.6281400889631826,-0.8932530846951501,2.0,0,1,0,0
S02124,3,6,14,63,6,3,2019.0,Yes,4,2020.0,Placed,South Africa,4,0.25658474203271725,-0.06228293835991124,5,1,0,0.7626598638776666,-0.28549519127799955,1.0,1,1,1,0
S01280,0,1,22,59,13,6,2021.0,No,1,2022.0,Not Placed,UK,9,-0.8785035087145754,-0.7125149570316321,3,0,0,0.42636042659145684,-0.28549519127799955,1.0,0,0,0,0
S01410,2,5,36,34,14,4,2021.0,Yes,3,2023.0,Not Placed,UK,9,-0.8785035087145754,1.5632971083193887,5,3,0,0.12369093303386793,-0.28549519127799955,2.0,0,0,1,0
S02196,9,3,11,6,5,3,2020.0,Yes,0,2021.0,Placed,India,8,1.0891734035380363,1.2149585268881102,5,4,0,-1.8941056906833906,-0.28549519127799955,1.0,1,1,1,0
S04466,9,0,50,39,5,7,2019.0,No,4,2022.0,Placed,Canada,6,0.15260975121902015,0.21638792678511096,2,2,2,0.8971796387921507,-0.28549519127799955,3.0,0,1,0,1
S01665,7,6,23,62,6,1,2021.0,Yes,2,2022.0,Placed,South Africa,2,1.5134339577476905,0.7272845128843202,0,2,1,0.6617700326918035,-0.28549519127799955,1.0,0,1,1,0
S02230,9,8,38,66,14,4,2023.0,Yes,4,2024.0,Not Placed,UK,9,-0.8785035087145754,-0.5499569523637023,1,1,3,0.25821070794835194,-0.8564192729728985,1.0,0,0,1,0
S03620,5,3,8,16,8,1,2023.0,Yes,3,2026.0,Placed,India,2,-0.2300253135903469,1.7026325408919005,3,1,3,0.5272502577773197,-0.28549519127799955,3.0,0,1,1,0
S01350,9,6,23,62,11,5,2021.0,Yes,3,2023.0,Placed,South Africa,3,0.2437283616021217,1.2381810989835285,1,4,0,0.5272502577773197,-0.28549519127799955,2.0,0,1,1,0
S04978,2,7,43,2,3,2,2022.0,No,4,2025.0,Not Placed,UK,9,-0.8785035087145754,0.030607350021762136,3,4,0,-1.8941056906833906,-0.28549519127799955,3.0,1,0,0,0
S00669,8,1,17,1,2,2,2021.0,Yes,3,2024.0,Not Placed,UK,9,-0.8785035087145754,-1.4556372640850264,1,4,1,0.9644395262493923,0.8747698779729242,3.0,1,0,1,0
S00619,5,3,11,18,6,3,2019.0,Yes,3,2022.0,Placed,India,3,0.7841301439347943,1.7490776850827376,5,1,3,0.2245807642197308,-0.28549519127799955,3.0,1,1,1,0
S02894,7,0,37,65,0,6,2023.0,No,3,2024.0,Placed,Canada,9,1.223238634439293,0.5879490803118086,1,4,1,0.7962898076062874,-0.28549519127799955,1.0,0,1,0,1
S02076,5,0,27,72,5,3,2019.0,No,2,2020.0,Placed,Canada,4,-0.2562901889485575,0.9827328059339243,0,2,0,1.0653293574352556,1.611446112417955,1.0,1,1,0,1
S04961,3,8,6,55,10,0,2021.0,Yes,1,2022.0,Placed,UK,11,0.14440690726330271,0.7272845128843202,0,1,2,1.1325892448924972,-0.8748361788340243,1.0,0,1,1,0
S02804,9,4,30,27,13,2,2021.0,No,4,2023.0,Not Placed,UK,9,-0.8785035087145754,-1.3163018315125148,4,3,1,0.25821070794835194,-0.28549519127799955,2.0,1,0,0,0
S00392,5,2,3,12,5,3,2022.0,Yes,0,2024.0,Placed,Germany,10,0.8572655964149769,-0.10872808255074845,2,1,3,0.056431045576625906,-0.28549519127799955,2.0,1,1,1,0
S00527,0,5,32,24,7,0,2020.0,No,0,2022.0,Not Placed,UK,9,-0.8785035087145754,1.0291779501247615,0,2,2,0.2918406516769728,0.6906008193616664,2.0,0,0,0,0
S02498,0,6,23,71,9,5,2019.0,No,1,2020.0,Not Placed,UK,9,-0.8785035087145754,1.354293959460622,2,4,3,0.7290299201490454,-0.28549519127799955,1.0,0,0,0,0
S02820,6,4,13,7,7,5,2019.0,Yes,0,2022.0,Placed,Ireland,0,0.4122021566926258,-1.5253049803712826,1,1,2,0.9308095825207715,-0.28549519127799955,3.0,0,1,1,0
S02865,6,9,9,57,1,5,2021.0,Yes,4,2024.0,Not Placed,UK,9,-0.8785035087145754,-0.5267343802682832,2,3,0,-0.07808872933785782,-0.5617487791948862,3.0,0,0,1,0
S01152,2,5,32,30,12,4,2020.0,No,0,2022.0,Not Placed,UK,9,-0.8785035087145754,1.2149585268881102,3,1,2,0.8299197513349084,-0.28549519127799955,2.0,0,0,0,0
S04214,4,0,50,54,13,7,2019.0,Yes,2,2020.0,Placed,Canada,6,0.5882083709924666,-1.5020824082758635,1,0,1,0.9308095825207715,-0.28549519127799955,1.0,0,1,1,1
S00141,4,7,12,10,13,7,2019.0,Yes,1,2022.0,Placed,UAE,0,1.8136659338769057,0.8898425175522499,2,3,1,0.09006098930524706,-0.28549519127799955,3.0,0,1,1,0
S04757,5,7,12,26,9,6,2022.0,No,0,2025.0,Placed,UAE,7,1.315698094315156,-1.2930792594170966,2,2,0,-1.8941056906833906,-0.28549519127799955,3.0,0,1,0,0
S01492,7,3,8,16,5,6,2019.0,No,3,2022.0,Placed,India,12,0.1741422166027784,0.6576167965980638,1,3,2,0.8299197513349084,-0.28549519127799955,3.0,0,1,0,0
S01251,0,6,23,71,1,1,2019.0,No,4,2020.0,Placed,South Africa,5,0.4554445528341842,-0.10872808255074845,4,3,1,0.5945101452345617,-0.28549519127799955,1.0,0,1,0,0
S03247,9,4,30,27,8,7,2019.0,Yes,2,2020.0,Placed,Ireland,6,1.5977102920427295,0.8666199454568319,0,3,1,0.8299197513349084,-0.28549519127799955,1.0,0,1,1,0
S03154,0,7,43,2,4,7,2023.0,Yes,4,2024.0,Not Placed,UK,9,-0.8785035087145754,-1.1769663989400032,1,2,3,0.5272502577773197,-0.28549519127799955,1.0,0,0,1,0
S02005,4,3,47,31,5,0,2020.0,Yes,3,2022.0,Not Placed,UK,9,-0.8785035087145754,-1.130521254749167,3,2,1,0.6617700326918035,-0.28549519127799955,2.0,0,0,1,0
S01638,4,8,4,53,3,7,2023.0,Yes,3,2024.0,Not Placed,UK,9,-0.8785035087145754,0.8666199454568319,2,3,2,-0.178978560523721,0.6353501017782891,1.0,0,0,1,0
S04460,7,8,27,21,14,5,2019.0,Yes,2,2022.0,Not Placed,UK,9,-0.8785035087145754,-0.7357375291270501,5,4,3,0.1573208767624888,-0.35916281472250267,3.0,0,0,1,0
S03566,8,5,24,19,10,7,2021.0,No,0,2024.0,Placed,Russia,5,0.4059908686011571,-1.618195268752957,2,1,2,-0.07808872933785782,-0.28549519127799955,3.0,0,1,0,0
S04165,5,7,43,2,11,0,2022.0,Yes,3,2024.0,Placed,UAE,11,-0.1009093947873716,0.3092782151667854,4,1,3,0.45999037032007767,-0.28549519127799955,2.0,0,1,1,0
S02620,4,3,11,18,11,6,2022.0,Yes,1,2023.0,Placed,India,0,1.4046082467101797,-0.06228293835991124,0,0,3,0.6281400889631826,-0.28549519127799955,1.0,0,1,1,0
S04297,5,7,1,20,3,4,2022.0,No,1,2025.0,Not Placed,UK,9,-0.8785035087145754,0.28605564307136727,2,1,0,-1.8941056906833906,-0.28549519127799955,3.0,0,0,0,0
S04298,3,9,5,25,4,4,2023.0,Yes,0,2026.0,Not Placed,UK,9,-0.8785035087145754,-0.5499569523637023,3,4,0,-1.8941056906833906,-0.8932530846951501,3.0,0,0,1,0
S03184,2,6,44,41,2,1,2020.0,No,4,2023.0,Not Placed,UK,9,-0.8785035087145754,-0.5267343802682832,1,4,1,0.02280110184800505,-0.28549519127799955,3.0,0,0,0,0
S03427,2,3,39,3,2,2,2022.0,No,0,2023.0,Not Placed,UK,9,-0.8785035087145754,-0.5964020965545386,1,1,0,0.8971796387921507,-0.28549519127799955,1.0,1,0,0,0
S03641,4,1,46,43,0,2,2019.0,Yes,3,2022.0,Not Placed,UK,9,-0.8785035087145754,0.26283307097594816,2,0,0,-1.8941056906833906,-0.28549519127799955,3.0,1,0,1,0
S02794,2,1,17,1,5,6,2020.0,Yes,4,2023.0,Placed,Finland,1,1.9476128545288012,-0.2712860872186792,0,4,3,0.5945101452345617,0.8747698779729242,3.0,0,1,1,0
S01181,7,5,24,19,5,0,2023.0,Yes,3,2024.0,Placed,Russia,8,0.6765664088904708,0.007384777926344049,1,3,0,-1.8941056906833906,-0.28549519127799955,1.0,0,1,1,0
S03412,4,6,44,41,8,0,2020.0,No,2,2022.0,Not Placed,UK,9,-0.8785035087145754,0.9827328059339243,0,4,2,0.2918406516769728,-0.28549519127799955,2.0,0,0,0,0
S00291,2,8,27,17,12,6,2023.0,No,2,2024.0,Placed,UK,6,0.6569071891216,0.6111716524072267,2,1,2,0.5272502577773197,-0.8011685553895213,1.0,0,1,0,0
S00314,4,3,39,3,5,0,2021.0,Yes,1,2022.0,Placed,India,8,0.032445974617717255,-0.22484094302784197,0,3,0,-0.04445878560923697,-0.28549519127799955,1.0,0,1,1,0
S04039,1,8,27,48,9,5,2019.0,No,0,2021.0,Not Placed,UK,9,-0.8785035087145754,-0.8054052454133065,1,4,0,0.6953999764204246,-0.7459178378061438,2.0,0,0,0,0
S00146,0,7,1,73,0,4,2020.0,No,2,2023.0,Not Placed,UK,9,-0.8785035087145754,-1.618195268752957,0,1,0,1.0989593011638763,-0.28549519127799955,3.0,0,0,0,0
S04253,3,9,28,49,10,2,2023.0,Yes,4,2024.0,Not Placed,UK,9,-0.8785035087145754,1.0988456664110178,2,3,3,0.32547059540559364,-0.3407459088613769,1.0,1,0,1,0
S04384,2,8,4,53,0,1,2023.0,No,2,2024.0,Placed,UK,12,-0.000720331953236383,-1.641417840848375,0,1,0,-0.21260850425234185,0.6353501017782891,1.0,0,1,0,0
S01222,5,0,50,39,4,4,2019.0,No,1,2020.0,Not Placed,UK,9,-0.8785035087145754,1.6561873967010632,0,1,3,-0.178978560523721,-0.28549519127799955,1.0,0,0,0,0
S01880,5,1,21,61,3,0,2019.0,No,0,2022.0,Not Placed,UK,9,-0.8785035087145754,-1.130521254749167,0,4,0,0.3591005391342148,0.966854407278553,3.0,0,0,0,0
S02845,6,1,21,61,6,2,2021.0,No,0,2022.0,Placed,Finland,12,1.6543414647370096,-1.6878629850392124,2,0,2,0.8299197513349084,0.966854407278553,1.0,1,1,0,0
S03609,4,8,29,64,13,2,2023.0,Yes,4,2026.0,Not Placed,UK,9,-0.8785035087145754,-1.2698566873216774,1,1,3,0.056431045576625906,-0.41441353230587996,3.0,1,0,1,0
S00884,3,9,5,25,10,5,2023.0,No,0,2025.0,Not Placed,UK,9,-0.8785035087145754,-1.594972696657538,3,0,0,0.8635496950635292,-0.8932530846951501,2.0,0,0,0,0
S00060,4,3,11,18,7,1,2023.0,No,4,2026.0,Placed,India,5,0.7810146407016132,-0.5267343802682832,1,4,0,-1.8941056906833906,-0.28549519127799955,3.0,0,1,0,0
S03025,7,5,32,24,11,3,2022.0,No,1,2023.0,Placed,Russia,6,0.002986722526751301,1.5400745362239707,1,3,0,0.5608802015059405,0.6906008193616664,1.0,1,1,0,0
S03992,9,6,40,67,14,5,2023.0,Yes,1,2026.0,Not Placed,UK,9,-0.8785035087145754,-0.24806351512326005,0,1,0,0.12369093303386793,-0.28549519127799955,3.0,0,0,1,0
S04407,3,9,5,8,13,5,2019.0,Yes,4,2021.0,Placed,USA,7,0.42746417886023463,1.0059553780293433,3,4,2,0.09006098930524706,-0.8380023671117728,2.0,0,1,1,0
S01668,2,6,23,62,10,3,2020.0,No,4,2023.0,Not Placed,UK,9,-0.8785035087145754,1.4936293920331336,1,1,1,0.6953999764204246,-0.28549519127799955,3.0,1,0,0,0
S01442,5,1,17,1,7,6,2020.0,No,1,2023.0,Not Placed,UK,9,-0.8785035087145754,-1.7110855571346315,4,4,1,0.5608802015059405,0.8747698779729242,3.0,0,0,0,0
S00118,9,7,12,58,10,7,2023.0,Yes,2,2025.0,Not Placed,UK,9,-0.8785035087145754,1.6329648246056452,0,2,0,-1.8941056906833906,-0.28549519127799955,2.0,0,0,1,0
S04573,7,0,31,28,10,1,2021.0,Yes,2,2022.0,Not Placed,UK,9,-0.8785035087145754,-1.4324146919896081,2,0,1,1.0653293574352556,-0.41441353230587996,1.0,0,0,1,0
S04717,1,9,9,57,5,4,2023.0,No,2,2025.0,Placed,USA,10,1.8991450890404515,1.5168519641285516,0,1,2,-0.14534861679509983,-0.5617487791948862,2.0,0,1,0,0
S00751,5,0,25,35,5,2,2022.0,Yes,3,2024.0,Not Placed,UK,9,-0.8785035087145754,-1.7110855571346315,3,4,1,0.6281400889631826,3.6188888512806643,2.0,1,0,1,0
S04042,4,5,24,19,9,4,2020.0,No,0,2021.0,Not Placed,UK,9,-0.8785035087145754,-0.5964020965545386,0,2,3,0.3927304828628357,-0.28549519127799955,1.0,0,0,0,0
S01677,1,9,42,40,10,6,2022.0,Yes,0,2025.0,Placed,USA,8,1.5284593594165767,1.4936293920331336,3,0,0,0.9644395262493923,-0.819585461250647,3.0,0,1,1,0
S04234,5,1,49,70,0,7,2019.0,Yes,2,2021.0,Placed,Finland,8,0.32603285840780566,0.3092782151667854,3,4,0,0.3927304828628357,-0.28549519127799955,2.0,0,1,1,0
S01191,0,4,10,50,2,2,2023.0,Yes,4,2024.0,Placed,Ireland,8,1.9848805830776135,0.6343942245026458,2,2,1,-0.04445878560923697,-0.28549519127799955,1.0,1,1,1,0
S01089,7,9,28,49,6,6,2021.0,No,1,2022.0,Not Placed,UK,9,-0.8785035087145754,-0.10872808255074845,3,2,3,0.9644395262493923,-0.3407459088613769,1.0,0,0,0,0
S00644,7,6,44,41,11,6,2020.0,No,3,2023.0,Placed,South Africa,7,0.4061288972254119,-0.38739894769577166,1,2,0,0.3927304828628357,-0.28549519127799955,3.0,0,1,0,0
S02599,8,5,32,4,13,4,2020.0,Yes,2,2021.0,Placed,Russia,8,0.8232513997236005,1.4704068199377145,3,3,3,0.8971796387921507,-0.28549519127799955,1.0,0,1,1,0
S04996,0,2,45,68,13,3,2023.0,No,4,2024.0,Placed,Germany,3,1.0650972677930097,1.6561873967010632,5,3,0,0.42636042659145684,4.8344046381149655,1.0,1,1,0,0
S02355,8,9,42,47,2,1,2023.0,Yes,1,2025.0,Not Placed,UK,9,-0.8785035087145754,-0.5267343802682832,1,0,0,-1.8941056906833906,-0.7275009319450181,2.0,0,0,1,0
S01039,3,7,12,10,4,1,2022.0,No,2,2025.0,Not Placed,UK,9,-0.8785035087145754,1.2846262431743656,4,4,0,0.056431045576625906,-0.28549519127799955,3.0,0,0,0,0
S01162,5,3,11,6,9,3,2021.0,Yes,4,2023.0,Placed,India,5,0.6116732371157928,-1.2698566873216774,4,4,3,0.8635496950635292,-0.28549519127799955,2.0,1,1,1,0
S00915,5,8,15,60,0,5,2023.0,No,0,2024.0,Not Placed,UK,9,-0.8785035087145754,0.28605564307136727,3,3,1,0.8635496950635292,-0.5064980616115089,1.0,0,0,0,0
S02209,4,1,21,61,13,7,2023.0,Yes,1,2024.0,Not Placed,UK,9,-0.8785035087145754,-0.457066663982028,0,4,3,0.42636042659145684,0.966854407278553,1.0,0,0,1,0
S01722,7,0,25,35,4,2,2022.0,No,4,2024.0,Not Placed,UK,9,-0.8785035087145754,-1.2930792594170966,4,0,3,0.25821070794835194,3.6188888512806643,2.0,1,0,0,0
S01840,0,1,21,61,11,5,2023.0,Yes,3,2025.0,Placed,Finland,1,1.758395329050281,1.5168519641285516,3,4,3,0.5272502577773197,0.966854407278553,2.0,0,1,1,0
S04780,6,2,45,68,8,2,2020.0,Yes,0,2022.0,Placed,Germany,4,1.8821281315073166,-0.3641763756003536,3,1,0,1.0653293574352556,4.8344046381149655,2.0,1,1,1,0
S01592,9,0,27,72,1,3,2021.0,No,0,2024.0,Placed,Canada,1,1.9460156661624235,-1.618195268752957,5,3,3,1.1325892448924972,1.611446112417955,3.0,1,1,0,1
S02131,1,7,12,26,8,2,2021.0,No,1,2022.0,Placed,UAE,9,0.900172780183345,-1.339524403607934,3,4,2,0.056431045576625906,-0.28549519127799955,1.0,1,1,0,0
S02255,5,1,49,0,9,0,2023.0,No,4,2024.0,Placed,Finland,7,0.6945495667933899,-0.5964020965545386,1,3,0,-1.8941056906833906,-0.28549519127799955,1.0,0,1,0,0
S01027,1,3,47,31,5,4,2023.0,Yes,0,2025.0,Placed,India,7,1.1469285236012485,-0.20161837093242285,5,2,3,0.49362031404869855,-0.28549519127799955,2.0,0,1,1,0
S01335,7,4,13,7,10,1,2021.0,No,1,2024.0,Placed,Ireland,12,1.4806817370495013,0.9595102338385062,0,0,2,0.8971796387921507,-0.28549519127799955,3.0,0,1,0,0
S01332,5,2,34,22,0,3,2020.0,No,1,2023.0,Not Placed,UK,9,-0.8785035087145754,0.16994278259427376,3,1,2,0.19095082049110992,-0.28549519127799955,3.0,1,0,0,0
S04651,8,4,13,7,9,5,2022.0,Yes,0,2025.0,Placed,Ireland,1,1.3291657443674516,0.44861364773929696,3,2,1,0.9308095825207715,-0.28549519127799955,3.0,0,1,1,0
S02987,2,5,32,4,5,0,2019.0,Yes,0,2021.0,Placed,Russia,9,1.055809913218147,1.354293959460622,5,2,0,-1.8941056906833906,-0.28549519127799955,2.0,0,1,1,0
S01049,6,8,6,55,9,7,2021.0,No,0,2022.0,Not Placed,UK,9,-0.8785035087145754,1.4471842478422963,5,0,3,-0.04445878560923697,-0.8748361788340243,1.0,0,0,0,0
S01800,6,2,20,9,12,1,2019.0,No,2,2022.0,Not Placed,UK,9,-0.8785035087145754,0.4021685035484598,5,1,3,-0.178978560523721,-0.28549519127799955,3.0,0,0,0,0
S04842,1,2,34,44,1,5,2022.0,Yes,3,2024.0,Placed,Germany,10,0.8342542529142023,0.23961049888053007,4,4,0,1.0989593011638763,-0.08290922680561606,2.0,0,1,1,0
S02628,4,6,19,37,8,4,2023.0,No,2,2025.0,Not Placed,UK,9,-0.8785035087145754,-0.10872808255074845,1,4,2,0.02280110184800505,-0.28549519127799955,2.0,0,0,0,0
S03510,2,9,9,57,4,3,2020.0,Yes,1,2021.0,Placed,USA,2,0.49730666273319407,-1.4556372640850264,2,1,0,-1.8941056906833906,-0.5617487791948862,1.0,1,1,1,0
S01551,2,4,13,7,9,3,2023.0,Yes,3,2026.0,Placed,Ireland,10,0.1048912839766255,-0.7357375291270501,5,1,3,0.9644395262493923,-0.28549519127799955,3.0,1,1,1,0
S00666,8,4,13,51,8,2,2022.0,Yes,3,2025.0,Placed,Ireland,2,1.4571971525512815,-0.5731795244591205,2,2,2,0.8635496950635292,-0.28549519127799955,3.0,1,1,1,0
S03195,0,3,2,13,4,5,2020.0,Yes,2,2022.0,Placed,India,0,0.9858096823460392,-0.41062151979119077,1,0,2,0.7962898076062874,0.5800993841949118,2.0,0,1,1,0
S00646,9,0,50,54,9,6,2023.0,No,4,2026.0,Placed,Canada,5,-0.19571534127556725,-0.039060366264493156,5,2,0,0.056431045576625906,-0.28549519127799955,3.0,0,1,0,1
S04739,5,1,49,70,7,5,2023.0,No,4,2025.0,Not Placed,UK,9,-0.8785035087145754,-1.4324146919896081,5,1,0,-1.8941056906833906,-0.28549519127799955,2.0,0,0,0,0
S02513,0,8,4,53,9,0,2022.0,No,1,2024.0,Placed,UK,5,1.848429428814237,0.19316535468969287,3,2,1,0.7962898076062874,0.6353501017782891,2.0,0,1,0,0
S04633,3,9,5,25,5,7,2020.0,Yes,4,2022.0,Not Placed,UK,9,-0.8785035087145754,-0.29450865931409725,5,0,0,0.09006098930524706,-0.8932530846951501,2.0,0,0,1,0
S04807,4,0,48,69,8,0,2019.0,No,2,2020.0,Placed,Canada,8,-0.14843067828083073,-1.362746975703352,3,0,1,0.6953999764204246,-0.5249149674726347,1.0,0,1,0,1
S02676,8,7,1,20,12,2,2022.0,Yes,0,2023.0,Placed,UAE,8,0.5052334494404018,1.2846262431743656,5,2,0,-1.8941056906833906,-0.28549519127799955,1.0,1,1,1,0
S01282,3,8,38,66,14,5,2022.0,No,1,2025.0,Placed,UK,1,0.9153756472262732,0.007384777926344049,0,2,2,0.09006098930524706,-0.8564192729728985,3.0,0,1,0,0
S04572,1,6,23,71,12,2,2019.0,Yes,0,2020.0,Not Placed,UK,9,-0.8785035087145754,1.4704068199377145,1,1,2,0.5945101452345617,-0.28549519127799955,1.0,1,0,1,0
S02669,5,8,4,53,7,7,2023.0,No,0,2025.0,Placed,UK,9,0.7108172260805699,-0.5731795244591205,2,1,1,0.2918406516769728,0.6353501017782891,2.0,0,1,0,0
S02783,9,8,15,60,13,5,2019.0,No,1,2021.0,Not Placed,UK,9,-0.8785035087145754,-0.6428472407453758,4,3,3,0.19095082049110992,-0.5064980616115089,2.0,0,0,0,0
S00582,0,5,32,30,1,3,2022.0,Yes,3,2024.0,Not Placed,UK,9,-0.8785035087145754,0.16994278259427376,1,4,0,-1.8941056906833906,-0.28549519127799955,2.0,1,0,1,0
S01939,5,7,43,2,0,5,2020.0,Yes,4,2021.0,Placed,UAE,11,2.0438779607591195,0.14672021049885567,4,0,3,1.0989593011638763,-0.28549519127799955,1.0,0,1,1,0
S01454,0,3,39,3,1,6,2020.0,Yes,0,2023.0,Placed,India,9,-0.12011509193369077,-1.4556372640850264,1,4,3,0.7962898076062874,-0.28549519127799955,3.0,0,1,1,0
S01301,2,0,16,52,3,2,2019.0,No,1,2022.0,Placed,Canada,5,0.07762077149884376,-1.153743826844585,4,4,2,-0.07808872933785782,1.114189654167559,3.0,1,1,0,1
S04713,6,8,29,64,14,3,2023.0,Yes,2,2025.0,Placed,UK,5,1.8236631499479363,-1.6878629850392124,1,0,3,0.6281400889631826,-0.41441353230587996,2.0,1,1,1,0
S04589,9,5,32,4,8,5,2019.0,No,1,2020.0,Placed,Russia,5,-0.18485051670922037,0.28605564307136727,2,1,3,0.3927304828628357,-0.28549519127799955,1.0,0,1,0,0
S05000,1,2,45,68,11,0,2023.0,No,4,2026.0,Placed,Germany,6,0.5465040080926051,1.2381810989835285,2,4,2,-0.010828841880616107,4.8344046381149655,3.0,0,1,0,0
S03700,0,6,40,67,12,1,2021.0,Yes,1,2022.0,Not Placed,UK,9,-0.8785035087145754,1.2846262431743656,0,3,0,-1.8941056906833906,-0.28549519127799955,1.0,0,0,1,0
S00650,6,8,15,60,1,1,2020.0,Yes,3,2022.0,Not Placed,UK,9,-0.8785035087145754,0.4021685035484598,0,3,3,0.02280110184800505,-0.5064980616115089,2.0,0,0,1,0
S03991,1,2,0,36,8,1,2021.0,Yes,4,2022.0,Not Placed,UK,9,-0.8785035087145754,-1.2234115431308403,2,1,2,0.3927304828628357,1.040522030723056,1.0,0,0,1,0
S01587,5,2,34,22,14,3,2019.0,No,2,2021.0,Placed,Germany,10,0.3731203376536067,0.14672021049885567,2,2,3,0.6281400889631826,-0.28549519127799955,2.0,1,1,0,0
S04144,4,6,7,56,11,5,2020.0,No,0,2022.0,Placed,South Africa,5,2.0455145858752846,-1.339524403607934,2,3,0,-1.8941056906833906,3.195300016474772,2.0,0,1,0,0
S01907,2,6,40,67,8,6,2023.0,Yes,1,2026.0,Not Placed,UK,9,-0.8785035087145754,-0.5731795244591205,0,0,0,1.0989593011638763,-0.28549519127799955,3.0,0,0,1,0
S01443,2,7,43,2,5,1,2019.0,No,0,2020.0,Placed,UAE,5,2.0563005369420573,0.35572335935762256,2,1,0,-1.8941056906833906,-0.28549519127799955,1.0,0,1,0,0
S01081,9,3,39,3,9,5,2019.0,Yes,0,2022.0,Not Placed,UK,9,-0.8785035087145754,-0.921518105890399,1,2,0,-1.8941056906833906,-0.28549519127799955,3.0,0,0,1,0
S03792,0,6,23,71,3,4,2019.0,Yes,3,2021.0,Not Placed,UK,9,-0.8785035087145754,0.3092782151667854,5,4,2,0.3927304828628357,-0.28549519127799955,2.0,0,0,1,0
S03893,3,0,27,72,5,3,2021.0,No,4,2022.0,Placed,Canada,6,1.0924072170205787,0.5415039361209714,3,1,2,-0.178978560523721,1.611446112417955,1.0,1,1,0,1
S01496,0,9,42,47,3,7,2019.0,No,1,2022.0,Placed,USA,5,2.0026468388567036,-0.01583779416907404,2,1,1,1.1325892448924972,-0.7275009319450181,3.0,0,1,0,0
S01381,6,5,32,11,11,3,2021.0,Yes,4,2023.0,Not Placed,UK,9,-0.8785035087145754,-0.20161837093242285,0,4,3,0.6281400889631826,-0.28549519127799955,2.0,1,0,1,0
S02660,6,3,33,14,9,6,2021.0,Yes,1,2023.0,Not Placed,UK,9,-0.8785035087145754,-1.4324146919896081,5,1,3,0.9308095825207715,-0.08290922680561606,2.0,0,0,1,0
S04738,6,0,31,28,10,2,2020.0,No,4,2021.0,Not Placed,UK,9,-0.8785035087145754,1.5632971083193887,5,1,3,0.32547059540559364,-0.41441353230587996,1.0,1,0,0,0
S03525,3,8,27,21,9,3,2020.0,No,1,2023.0,Not Placed,UK,9,-0.8785035087145754,-0.9679632500812362,0,0,2,0.6281400889631826,-0.35916281472250267,3.0,1,0,0,0
S00148,5,4,30,27,13,4,2022.0,Yes,3,2025.0,Placed,Ireland,4,-0.26232401166598424,-1.57175012456212,0,3,1,0.9980694699780132,-0.28549519127799955,3.0,0,1,1,0
S01255,3,1,49,0,8,6,2021.0,No,0,2024.0,Placed,Finland,4,0.518109548245891,0.4718362198347161,1,1,2,0.32547059540559364,-0.28549519127799955,3.0,0,1,0,0
S03610,7,3,33,14,0,5,2020.0,No,4,2021.0,Placed,India,7,1.0315168753492916,-0.8750729616995618,3,1,2,0.5945101452345617,-0.08290922680561606,1.0,0,1,0,0
S00935,8,6,23,71,3,2,2020.0,Yes,1,2022.0,Not Placed,UK,9,-0.8785035087145754,-0.15517322674158565,4,3,2,0.45999037032007767,-0.28549519127799955,2.0,1,0,1,0
S00041,1,3,47,31,0,0,2021.0,Yes,2,2023.0,Placed,India,8,1.8554097335265543,-1.1072986826537479,2,3,2,0.8635496950635292,-0.28549519127799955,2.0,0,1,1,0
S03537,1,3,8,16,6,3,2023.0,No,2,2026.0,Placed,India,1,0.2996693911751273,1.6794099687964823,2,0,3,0.49362031404869855,-0.28549519127799955,3.0,1,1,0,0
S00883,7,3,33,14,11,3,2019.0,No,0,2021.0,Placed,India,10,0.3848922074650569,1.2381810989835285,1,0,0,-1.8941056906833906,-0.08290922680561606,2.0,1,1,0,0
S00894,4,6,44,41,13,2,2022.0,Yes,3,2024.0,Not Placed,UK,9,-0.8785035087145754,1.0524005222201807,2,0,3,0.8635496950635292,-0.28549519127799955,2.0,1,0,1,0
S01475,9,3,47,31,11,1,2020.0,Yes,0,2021.0,Placed,India,2,0.7334736388332606,-0.9911858221766553,3,0,0,-1.8941056906833906,-0.28549519127799955,1.0,0,1,1,0
S04736,8,7,43,2,11,2,2022.0,No,2,2024.0,Not Placed,UK,9,-0.8785035087145754,-1.641417840848375,3,1,0,-1.8941056906833906,-0.28549519127799955,2.0,1,0,0,0
S03739,7,6,23,71,8,1,2019.0,Yes,1,2020.0,Not Placed,UK,9,-0.8785035087145754,0.7272845128843202,1,0,1,0.12369093303386793,-0.28549519127799955,1.0,0,0,1,0
S01231,6,0,25,35,9,6,2019.0,No,3,2020.0,Not Placed,UK,9,-0.8785035087145754,0.10027506630801845,0,1,1,0.32547059540559364,3.6188888512806643,1.0,0,0,0,0
S00461,5,2,0,36,8,5,2019.0,No,3,2022.0,Not Placed,UK,9,-0.8785035087145754,1.0524005222201807,4,0,0,-0.14534861679509983,1.040522030723056,3.0,0,0,0,0
S02102,0,2,3,42,4,7,2022.0,Yes,2,2023.0,Placed,Germany,2,1.6668231960446276,-1.2234115431308403,1,4,1,0.49362031404869855,-0.28549519127799955,1.0,0,1,1,0
S00589,3,7,1,20,8,3,2020.0,No,2,2023.0,Placed,UAE,4,1.8934859154460022,1.6794099687964823,0,3,3,0.7626598638776666,-0.28549519127799955,3.0,1,1,0,0
S02221,3,2,3,42,0,4,2023.0,No,1,2025.0,Not Placed,UK,9,-0.8785035087145754,-1.2930792594170966,3,2,0,-1.8941056906833906,-0.28549519127799955,2.0,0,0,0,0
S02809,7,8,15,60,4,3,2023.0,Yes,4,2025.0,Not Placed,UK,9,-0.8785035087145754,-0.7125149570316321,1,3,3,0.056431045576625906,-0.5064980616115089,2.0,1,0,1,0
S01098,4,6,19,37,8,7,2019.0,Yes,4,2020.0,Placed,South Africa,6,1.6875077713079631,1.2614036710789476,2,0,3,0.7290299201490454,-0.28549519127799955,1.0,0,1,1,0
S04096,6,8,15,60,13,5,2021.0,No,1,2022.0,Placed,UK,7,-0.22673234498312378,-0.3641763756003536,4,3,0,-1.8941056906833906,-0.5064980616115089,1.0,0,1,0,0
S04846,2,1,49,0,9,1,2020.0,Yes,2,2023.0,Not Placed,UK,9,-0.8785035087145754,-0.10872808255074845,1,1,3,0.9308095825207715,-0.28549519127799955,3.0,0,0,1,0
S04981,3,0,31,28,4,2,2023.0,Yes,1,2026.0,Not Placed,UK,9,-0.8785035087145754,-0.921518105890399,4,3,0,0.2918406516769728,-0.41441353230587996,3.0,1,0,1,0
S00406,9,4,13,7,5,4,2021.0,No,4,2023.0,Placed,Ireland,2,1.7187613955142425,0.3092782151667854,3,0,0,0.6617700326918035,-0.28549519127799955,2.0,0,1,0,0
S03853,4,9,42,40,8,3,2019.0,Yes,0,2020.0,Placed,USA,5,0.910899576125437,0.12349763840343654,4,3,3,1.0989593011638763,-0.819585461250647,1.0,1,1,1,0
S02168,2,8,27,21,10,0,2022.0,No,4,2025.0,Placed,UK,2,0.729628555729018,-0.38739894769577166,2,0,1,1.031699413706634,-0.35916281472250267,3.0,0,1,0,0
S02837,2,3,11,6,7,2,2019.0,No,3,2020.0,Not Placed,UK,9,-0.8785035087145754,-0.7821826733178874,1,1,1,0.3591005391342148,-0.28549519127799955,1.0,1,0,0,0
S00604,7,8,38,66,5,6,2021.0,No,1,2023.0,Placed,UK,4,0.9775871200154282,0.4950587919301342,0,4,0,-1.8941056906833906,-0.8564192729728985,2.0,0,1,0,0
S03617,0,7,12,26,8,5,2023.0,Yes,2,2024.0,Not Placed,UK,9,-0.8785035087145754,-0.6428472407453758,0,3,2,1.0653293574352556,-0.28549519127799955,1.0,0,0,1,0
S00522,5,7,12,26,4,7,2022.0,Yes,4,2024.0,Placed,UAE,11,1.7325642579397285,1.7490776850827376,1,1,0,0.09006098930524706,-0.28549519127799955,2.0,0,1,1,0
S03687,6,1,49,0,1,2,2023.0,No,3,2026.0,Not Placed,UK,9,-0.8785035087145754,-1.5020824082758635,4,3,2,0.6281400889631826,-0.28549519127799955,3.0,1,0,0,0
S00713,0,3,11,6,5,5,2019.0,Yes,1,2020.0,Not Placed,UK,9,-0.8785035087145754,1.586519680414808,1,2,2,0.9644395262493923,-0.28549519127799955,1.0,0,0,1,0
S03072,2,4,10,50,12,7,2023.0,Yes,4,2026.0,Placed,Ireland,3,2.074678062342847,1.2846262431743656,1,3,0,-1.8941056906833906,-0.28549519127799955,3.0,0,1,1,0
S02201,3,5,32,30,0,7,2020.0,No,4,2022.0,Placed,Russia,7,0.730811658222631,-1.362746975703352,5,4,1,0.25821070794835194,-0.28549519127799955,2.0,0,1,0,0
S01868,3,6,23,62,3,0,2019.0,Yes,4,2021.0,Not Placed,UK,9,-0.8785035087145754,-0.9679632500812362,0,2,3,0.25821070794835194,-0.28549519127799955,2.0,0,0,1,0
S02711,7,2,0,36,12,1,2019.0,No,0,2020.0,Placed,Germany,10,1.5923468940716836,0.4021685035484598,3,2,0,-1.8941056906833906,1.040522030723056,1.0,0,1,0,0
S02543,2,9,9,57,6,0,2022.0,Yes,2,2023.0,Placed,USA,8,1.2761627526535853,-0.48028923607744606,1,1,3,-0.010828841880616107,-0.5617487791948862,1.0,0,1,1,0
S04305,2,1,49,0,8,4,2023.0,Yes,3,2024.0,Not Placed,UK,9,-0.8785035087145754,0.6576167965980638,4,0,3,1.1325892448924972,-0.28549519127799955,1.0,0,0,1,0
S02814,6,0,27,72,3,1,2021.0,No,2,2022.0,Placed,Canada,3,0.1662154298955707,-1.618195268752957,4,2,0,-1.8941056906833906,1.611446112417955,1.0,0,1,0,1
S03995,0,7,12,10,1,7,2020.0,No,1,2021.0,Not Placed,UK,9,-0.8785035087145754,1.3078488152697847,4,4,0,1.1325892448924972,-0.28549519127799955,1.0,0,0,0,0
S00519,0,3,11,6,4,1,2022.0,Yes,2,2025.0,Not Placed,UK,9,-0.8785035087145754,-0.01583779416907404,1,2,1,0.19095082049110992,-0.28549519127799955,3.0,0,0,1,0
S02320,9,2,3,12,11,2,2021.0,No,3,2023.0,Not Placed,UK,9,-0.8785035087145754,0.19316535468969287,2,2,3,1.1325892448924972,-0.28549519127799955,2.0,1,0,0,0
S01596,1,2,20,9,14,4,2021.0,Yes,3,2022.0,Placed,Germany,7,0.8912206379816726,-1.5020824082758635,1,0,2,0.7626598638776666,-0.28549519127799955,1.0,0,1,1,0
S02893,0,7,12,29,13,2,2021.0,No,1,2023.0,Placed,UAE,9,-0.24077182790733245,1.2381810989835285,0,0,0,0.8635496950635292,-0.28549519127799955,2.0,1,1,0,0
S03740,4,3,11,18,5,3,2023.0,No,3,2026.0,Not Placed,UK,9,-0.8785035087145754,0.3789459314530417,0,0,2,0.8635496950635292,-0.28549519127799955,3.0,1,0,0,0
S04871,4,9,35,32,10,6,2021.0,Yes,2,2022.0,Not Placed,UK,9,-0.8785035087145754,1.331071387365203,4,3,2,0.9308095825207715,-0.1197430385278676,1.0,0,0,1,0
S00975,0,8,6,55,3,7,2019.0,No,3,2020.0,Not Placed,UK,9,-0.8785035087145754,0.8666199454568319,4,3,2,0.3591005391342148,-0.8748361788340243,1.0,0,0,0,0
S03844,4,1,22,59,3,1,2023.0,No,2,2026.0,Not Placed,UK,9,-0.8785035087145754,0.3789459314530417,4,2,3,0.1573208767624888,-0.28549519127799955,3.0,0,0,0,0
S04157,0,3,2,13,10,1,2020.0,No,2,2022.0,Not Placed,UK,9,-0.8785035087145754,0.4718362198347161,2,2,0,-1.8941056906833906,0.5800993841949118,2.0,0,0,0,0
S00770,0,2,34,44,7,6,2020.0,No,3,2022.0,Placed,Germany,2,-0.011703466768944574,-0.6428472407453758,4,0,2,0.19095082049110992,-0.08290922680561606,2.0,0,1,0,0
S01756,7,1,46,43,0,4,2020.0,Yes,0,2022.0,Not Placed,UK,9,-0.8785035087145754,-0.13195065464616756,1,4,3,1.0989593011638763,-0.28549519127799955,2.0,0,0,1,0
S00222,4,0,37,65,10,0,2019.0,No,1,2022.0,Not Placed,UK,9,-0.8785035087145754,1.5632971083193887,5,1,3,0.2245807642197308,-0.28549519127799955,3.0,0,0,0,0
S00318,7,3,11,18,0,3,2022.0,Yes,0,2025.0,Not Placed,UK,9,-0.8785035087145754,1.7258551129873196,2,4,0,0.5945101452345617,-0.28549519127799955,3.0,1,0,1,0
S04348,2,6,7,56,8,6,2021.0,No,2,2022.0,Not Placed,UK,9,-0.8785035087145754,1.3078488152697847,4,1,1,0.6953999764204246,3.195300016474772,1.0,0,0,0,0
S03963,0,7,12,26,1,5,2021.0,Yes,0,2023.0,Not Placed,UK,9,-0.8785035087145754,-0.06228293835991124,1,3,2,0.056431045576625906,-0.28549519127799955,2.0,0,0,1,0
S03149,6,9,5,8,6,0,2020.0,No,4,2021.0,Placed,USA,12,1.6192624758013814,0.913065089647669,0,2,0,-1.8941056906833906,-0.8380023671117728,1.0,0,1,0,0
S02374,1,6,23,71,13,3,2019.0,Yes,3,2022.0,Placed,South Africa,9,0.006437438133122815,-0.38739894769577166,4,4,2,0.5608802015059405,-0.28549519127799955,3.0,1,1,1,0
S00897,2,7,43,2,14,3,2023.0,No,4,2024.0,Placed,UAE,12,0.9766406380205377,0.44861364773929696,1,3,0,0.8971796387921507,-0.28549519127799955,1.0,1,1,0,0
S02833,7,2,45,68,4,5,2022.0,No,1,2023.0,Not Placed,UK,9,-0.8785035087145754,0.6111716524072267,0,3,3,0.45999037032007767,4.8344046381149655,1.0,0,0,0,0
S00484,9,3,11,18,11,6,2020.0,No,3,2022.0,Placed,India,2,0.44576283076145046,-0.15517322674158565,2,1,3,-0.07808872933785782,-0.28549519127799955,2.0,0,1,0,0
S00114,1,8,27,48,5,1,2020.0,No,3,2022.0,Placed,UK,2,0.3587653607311012,-0.5035118081728652,0,0,2,0.5608802015059405,-0.7459178378061438,2.0,0,1,0,0
S04300,6,8,38,66,5,7,2019.0,No,1,2022.0,Not Placed,UK,9,-0.8785035087145754,1.7258551129873196,5,3,3,0.056431045576625906,-0.8564192729728985,3.0,0,0,0,0
S02969,9,2,34,22,12,7,2022.0,Yes,2,2023.0,Not Placed,UK,9,-0.8785035087145754,-0.08550551045533036,1,4,0,-0.178978560523721,-0.28549519127799955,1.0,0,0,1,0
S02911,4,8,27,21,13,2,2021.0,No,4,2023.0,Placed,UK,9,0.0012712239110123195,0.704061940788901,4,1,1,0.19095082049110992,-0.35916281472250267,2.0,1,1,0,0
S02928,9,3,11,15,13,2,2019.0,No,1,2021.0,Placed,India,1,0.5034982324497692,-1.4556372640850264,3,2,0,-1.8941056906833906,2.348122346862986,2.0,1,1,0,0
S02259,0,8,29,64,0,0,2022.0,No,2,2025.0,Not Placed,UK,9,-0.8785035087145754,0.9362876617430871,1,3,3,0.5272502577773197,-0.41441353230587996,3.0,0,0,0,0
S02920,7,8,29,64,7,5,2020.0,Yes,0,2021.0,Not Placed,UK,9,-0.8785035087145754,1.6794099687964823,4,4,0,-1.8941056906833906,-0.41441353230587996,1.0,0,0,1,0
S04718,5,6,19,37,7,7,2022.0,No,2,2025.0,Placed,South Africa,9,0.9989421200251445,0.21638792678511096,1,0,3,-0.14534861679509983,-0.28549519127799955,3.0,0,1,0,0
S04338,6,2,34,44,13,5,2022.0,No,3,2024.0,Placed,Germany,6,0.43633744756233284,-1.362746975703352,0,2,3,0.32547059540559364,-0.08290922680561606,2.0,0,1,0,0
S01444,8,9,9,57,5,4,2023.0,Yes,3,2025.0,Placed,USA,7,1.8209420142126262,-1.4324146919896081,3,1,3,-0.11171867306647898,-0.5617487791948862,2.0,0,1,1,0
S00773,8,1,26,23,5,5,2019.0,No,4,2020.0,Placed,Finland,6,1.0794916814653024,-1.385969547798771,5,1,0,-1.8941056906833906,-0.28549519127799955,1.0,0,1,0,0
S02215,6,2,3,42,5,3,2023.0,Yes,0,2025.0,Not Placed,UK,9,-0.8785035087145754,1.4936293920331336,0,2,0,-1.8941056906833906,-0.28549519127799955,2.0,1,0,1,0
S04251,3,4,30,27,10,0,2020.0,No,0,2023.0,Placed,Ireland,7,2.039677946906793,-0.5267343802682832,2,2,0,-0.178978560523721,-0.28549519127799955,3.0,0,1,0,0
S02540,9,1,22,59,11,6,2019.0,No,4,2021.0,Not Placed,UK,9,-0.8785035087145754,-0.38739894769577166,2,4,0,-1.8941056906833906,-0.28549519127799955,2.0,0,0,0,0
S03234,2,8,4,53,13,5,2022.0,Yes,3,2023.0,Not Placed,UK,9,-0.8785035087145754,-0.689292384936213,4,0,3,0.2245807642197308,0.6353501017782891,1.0,0,0,1,0
S00603,3,8,38,66,13,5,2019.0,Yes,2,2020.0,Placed,UK,12,1.897330998550245,-1.1769663989400032,3,0,0,-0.010828841880616107,-0.8564192729728985,1.0,0,1,1,0
S00800,7,1,17,1,14,5,2020.0,No,2,2021.0,Not Placed,UK,9,-0.8785035087145754,-0.13195065464616756,1,0,2,0.5608802015059405,0.8747698779729242,1.0,0,0,0,0
S00427,7,1,17,1,2,2,2023.0,Yes,0,2024.0,Placed,Finland,4,-0.11490944096179317,0.5647265082163905,1,2,0,0.5272502577773197,0.8747698779729242,1.0,1,1,1,0
S00494,4,5,41,38,8,0,2022.0,No,0,2023.0,Placed,Russia,0,0.2903031631006903,-1.6878629850392124,0,0,2,-0.14534861679509983,-0.28549519127799955,1.0,0,1,0,0
S03743,6,5,36,34,1,2,2023.0,No,3,2026.0,Placed,Russia,0,0.09986309837876986,-1.2466341152262594,3,1,0,-1.8941056906833906,-0.28549519127799955,3.0,1,1,0,0
S00385,7,3,47,31,7,1,2020.0,No,1,2023.0,Placed,India,12,1.6908204582900799,-1.1769663989400032,0,1,2,1.0989593011638763,-0.28549519127799955,3.0,0,1,0,0
S04547,1,9,35,5,6,1,2023.0,Yes,1,2024.0,Placed,USA,7,1.1496102225867715,1.4239616757468772,0,3,3,-0.178978560523721,-0.580165685056012,1.0,0,1,1,0
S02553,9,2,0,36,13,4,2022.0,Yes,3,2024.0,Not Placed,UK,9,-0.8785035087145754,1.6329648246056452,2,3,2,-0.04445878560923697,1.040522030723056,2.0,0,0,1,0
S03760,2,0,48,69,2,0,2021.0,Yes,1,2024.0,Placed,Canada,6,1.9036803152659685,1.37751653155604,5,1,2,0.19095082049110992,-0.5249149674726347,3.0,0,1,1,1
S04032,8,0,50,54,14,3,2019.0,No,2,2021.0,Placed,Canada,2,-0.04546132458670476,0.6343942245026458,2,2,0,0.5608802015059405,-0.28549519127799955,2.0,1,1,0,1
S00038,6,4,18,33,12,7,2020.0,No,3,2023.0,Placed,Ireland,3,2.027511709597472,-0.17839579883700477,3,0,3,0.6953999764204246,-0.28549519127799955,3.0,0,1,0,0
S02411,2,1,21,61,6,5,2022.0,No,2,2025.0,Placed,Finland,4,1.5183043963463978,-0.5267343802682832,1,3,3,1.031699413706634,0.966854407278553,3.0,0,1,0,0
S00096,1,9,9,57,14,0,2021.0,No,0,2024.0,Not Placed,UK,9,-0.8785035087145754,-0.5499569523637023,4,1,1,0.6953999764204246,-0.5617487791948862,3.0,0,0,0,0
S03366,8,6,40,67,14,0,2020.0,Yes,3,2021.0,Not Placed,UK,9,-0.8785035087145754,-0.8750729616995618,3,1,3,0.02280110184800505,-0.28549519127799955,1.0,0,0,1,0
S01977,3,4,18,33,2,2,2020.0,Yes,4,2022.0,Placed,Ireland,0,-0.24771269586986258,-0.9911858221766553,2,0,1,0.5272502577773197,-0.28549519127799955,2.0,1,1,1,0
S01543,9,4,30,27,13,0,2023.0,No,3,2024.0,Placed,Ireland,0,0.5175574337488715,0.030607350021762136,3,2,1,0.7290299201490454,-0.28549519127799955,1.0,0,1,0,0
S03425,8,6,19,37,11,4,2019.0,Yes,1,2021.0,Placed,South Africa,9,1.7299022773290988,-0.08550551045533036,1,2,0,0.7962898076062874,-0.28549519127799955,2.0,0,1,1,0
S03359,7,1,26,23,2,1,2020.0,No,0,2022.0,Placed,Finland,1,0.4480304438742089,-0.7821826733178874,2,1,0,-1.8941056906833906,-0.28549519127799955,2.0,0,1,0,0
S04623,0,5,41,38,2,3,2019.0,Yes,1,2020.0,Placed,Russia,7,0.9306968245185627,-0.8286278175087246,1,3,1,0.8971796387921507,-0.28549519127799955,1.0,1,1,1,0
S01325,1,7,12,29,13,5,2023.0,No,0,2025.0,Not Placed,UK,9,-0.8785035087145754,-1.130521254749167,2,2,3,0.9980694699780132,-0.28549519127799955,2.0,0,0,0,0
S04445,2,8,4,53,6,0,2023.0,Yes,4,2025.0,Not Placed,UK,9,-0.8785035087145754,-0.13195065464616756,5,3,0,0.9980694699780132,0.6353501017782891,2.0,0,0,1,0
S03538,1,9,5,8,8,1,2021.0,Yes,3,2022.0,Not Placed,UK,9,-0.8785035087145754,1.2381810989835285,5,3,2,0.12369093303386793,-0.8380023671117728,1.0,0,0,1,0
S00889,0,2,0,36,14,6,2020.0,No,1,2023.0,Placed,Germany,10,1.2160019908533595,1.2149585268881102,4,1,0,-1.8941056906833906,1.040522030723056,3.0,0,1,0,0
S04040,1,6,44,41,10,1,2022.0,No,3,2023.0,Placed,South Africa,7,1.6764063262428937,1.6561873967010632,0,4,1,0.2245807642197308,-0.28549519127799955,1.0,0,1,0,0
S04765,7,3,33,14,3,4,2019.0,Yes,0,2020.0,Not Placed,UK,9,-0.8785035087145754,-1.2930792594170966,2,1,0,-1.8941056906833906,-0.08290922680561606,1.0,0,0,1,0
S01391,6,1,21,61,2,4,2023.0,Yes,0,2024.0,Not Placed,UK,9,-0.8785035087145754,0.10027506630801845,5,3,1,-0.14534861679509983,0.966854407278553,1.0,0,0,1,0
S00772,2,4,13,7,6,6,2020.0,No,1,2022.0,Not Placed,UK,9,-0.8785035087145754,-0.08550551045533036,3,1,2,0.9308095825207715,-0.28549519127799955,2.0,0,0,0,0
S01523,6,8,15,60,7,0,2020.0,Yes,2,2023.0,Not Placed,UK,9,-0.8785035087145754,-0.01583779416907404,4,1,0,-1.8941056906833906,-0.5064980616115089,3.0,0,0,1,0
S00955,1,8,27,48,7,6,2019.0,Yes,4,2022.0,Placed,UK,2,0.0011134769118639075,1.4007391036514591,5,2,0,-1.8941056906833906,-0.7459178378061438,3.0,0,1,1,0
S00859,9,1,49,0,0,6,2019.0,No,1,2020.0,Not Placed,UK,9,-0.8785035087145754,-0.41062151979119077,2,1,2,0.9644395262493923,-0.28549519127799955,1.0,0,0,0,0
S03027,1,7,12,29,1,7,2022.0,Yes,3,2024.0,Not Placed,UK,9,-0.8785035087145754,0.704061940788901,0,4,0,-1.8941056906833906,-0.28549519127799955,2.0,0,0,1,0
S04816,1,0,27,72,5,0,2021.0,Yes,3,2022.0,Placed,Canada,10,2.0268807216008784,-0.22484094302784197,5,2,1,0.6281400889631826,1.611446112417955,1.0,0,1,1,1
S02864,8,5,32,30,11,7,2023.0,No,3,2025.0,Placed,Russia,10,-0.058258549892619686,1.6329648246056452,2,2,0,-1.8941056906833906,-0.28549519127799955,2.0,0,1,0,0
S03280,7,0,48,69,0,5,2020.0,Yes,1,2023.0,Not Placed,UK,9,-0.8785035087145754,-1.0840761105583296,2,0,2,0.02280110184800505,-0.5249149674726347,3.0,0,0,1,0
S04619,1,9,28,49,7,1,2020.0,Yes,1,2023.0,Placed,USA,3,0.2607650375101502,1.4007391036514591,3,1,2,-0.11171867306647898,-0.3407459088613769,3.0,0,1,1,0
S01593,7,6,23,62,0,5,2019.0,Yes,1,2020.0,Not Placed,UK,9,-0.8785035087145754,-0.01583779416907404,1,4,0,-1.8941056906833906,-0.28549519127799955,1.0,0,0,1,0
S01200,6,2,3,12,0,4,2023.0,Yes,3,2024.0,Not Placed,UK,9,-0.8785035087145754,-0.4338440918866089,3,2,0,-1.8941056906833906,-0.28549519127799955,1.0,0,0,1,0
S01645,7,5,32,4,8,7,2019.0,Yes,2,2020.0,Placed,Russia,8,0.942113763581929,0.5182813640255532,5,3,1,0.6281400889631826,-0.28549519127799955,1.0,0,1,1,0
S00849,6,9,42,47,10,4,2022.0,Yes,0,2023.0,Not Placed,UK,9,-0.8785035087145754,1.4936293920331336,5,1,2,0.1573208767624888,-0.7275009319450181,1.0,0,0,1,0
S02872,6,3,11,6,13,1,2020.0,Yes,3,2021.0,Placed,India,3,0.8385528586409965,0.9827328059339243,4,4,3,0.7962898076062874,-0.28549519127799955,1.0,0,1,1,0
S03765,3,8,27,17,9,6,2022.0,No,0,2023.0,Placed,UK,1,1.8962267695562058,0.10027506630801845,5,3,3,0.32547059540559364,-0.8011685553895213,1.0,0,1,0,0
S04271,9,6,19,37,12,4,2019.0,Yes,1,2020.0,Placed,South Africa,3,1.006612567858736,0.913065089647669,2,0,0,-1.8941056906833906,-0.28549519127799955,1.0,0,1,1,0
S03526,2,3,8,16,0,5,2019.0,Yes,3,2020.0,Placed,India,8,-0.2250168463673848,1.7490776850827376,2,3,3,0.2918406516769728,-0.28549519127799955,1.0,0,1,1,0
S00994,3,2,34,44,5,7,2019.0,No,2,2020.0,Not Placed,UK,9,-0.8785035087145754,-0.8054052454133065,2,4,0,-1.8941056906833906,-0.08290922680561606,1.0,0,0,0,0
S03443,6,7,43,2,13,5,2023.0,Yes,0,2025.0,Not Placed,UK,9,-0.8785035087145754,-0.689292384936213,1,0,2,0.6281400889631826,-0.28549519127799955,2.0,0,0,1,0
S03850,0,7,12,10,12,0,2022.0,No,2,2025.0,Placed,UAE,4,1.0734775771227691,1.354293959460622,5,3,3,0.8299197513349084,-0.28549519127799955,3.0,0,1,0,0
S01348,6,0,25,35,6,2,2020.0,Yes,4,2022.0,Not Placed,UK,9,-0.8785035087145754,-1.5253049803712826,1,1,0,-1.8941056906833906,3.6188888512806643,2.0,1,0,1,0
S00468,7,1,21,61,11,3,2020.0,Yes,3,2022.0,Not Placed,UK,9,-0.8785035087145754,-1.2698566873216774,4,3,3,0.7626598638776666,0.966854407278553,2.0,1,0,1,0
S03747,2,3,39,3,9,6,2020.0,No,4,2023.0,Not Placed,UK,9,-0.8785035087145754,-1.57175012456212,2,3,1,0.49362031404869855,-0.28549519127799955,3.0,0,0,0,0
S02211,2,7,12,58,11,1,2021.0,Yes,4,2024.0,Placed,UAE,5,0.626264834537021,-1.385969547798771,4,4,3,-0.21260850425234185,-0.28549519127799955,3.0,0,1,1,0
S04482,0,4,13,51,9,7,2021.0,Yes,2,2024.0,Placed,Ireland,10,-0.22765910860312072,-1.2466341152262594,1,1,3,0.8971796387921507,-0.28549519127799955,3.0,0,1,1,0
S04766,3,0,31,28,12,6,2023.0,No,4,2026.0,Not Placed,UK,9,-0.8785035087145754,1.1685133826972731,1,0,0,0.9308095825207715,-0.41441353230587996,3.0,0,0,0,0
S02352,3,9,35,32,6,2,2023.0,No,3,2024.0,Placed,USA,4,0.6992622583929486,0.3789459314530417,2,0,0,-1.8941056906833906,-0.1197430385278676,1.0,1,1,0,0
S00958,5,0,16,52,1,7,2022.0,Yes,2,2023.0,Placed,Canada,5,0.7992935742279355,0.007384777926344049,3,0,3,0.45999037032007767,1.114189654167559,1.0,0,1,1,1
S01459,6,3,8,16,0,6,2022.0,No,2,2024.0,Not Placed,UK,9,-0.8785035087145754,-0.10872808255074845,4,1,0,0.8635496950635292,-0.28549519127799955,2.0,0,0,0,0
S02313,2,7,12,29,8,7,2021.0,No,3,2024.0,Placed,UAE,4,0.1720717872389555,0.16994278259427376,4,0,2,0.19095082049110992,-0.28549519127799955,3.0,0,1,0,0
S02448,1,3,33,14,9,3,2019.0,Yes,0,2021.0,Not Placed,UK,9,-0.8785035087145754,0.7505070849797383,2,1,0,0.7626598638776666,-0.08290922680561606,2.0,1,0,1,0
S03419,7,0,37,65,9,0,2019.0,Yes,1,2020.0,Not Placed,UK,9,-0.8785035087145754,-0.039060366264493156,4,1,1,0.5945101452345617,-0.28549519127799955,1.0,0,0,1,0
S04709,1,5,32,24,14,7,2023.0,Yes,1,2025.0,Placed,Russia,6,0.15915625168367925,-1.0144083942720734,2,2,3,0.056431045576625906,0.6906008193616664,2.0,0,1,1,0
S00986,9,4,13,46,11,2,2019.0,No,1,2021.0,Placed,Ireland,5,0.7632878216723104,-0.10872808255074845,5,3,3,0.42636042659145684,1.279941806917691,2.0,1,1,0,0
S03470,1,5,32,4,7,0,2023.0,Yes,1,2025.0,Placed,Russia,5,0.3659625675672475,-0.20161837093242285,1,3,3,0.8971796387921507,-0.28549519127799955,2.0,0,1,1,0
S03904,3,2,34,44,10,2,2020.0,No,0,2022.0,Not Placed,UK,9,-0.8785035087145754,-0.31773123140951637,0,4,2,0.8971796387921507,-0.08290922680561606,2.0,1,0,0,0
S02020,6,0,48,69,14,6,2022.0,No,3,2023.0,Not Placed,UK,9,-0.8785035087145754,0.7737296570751574,3,1,0,0.32547059540559364,-0.5249149674726347,1.0,0,0,0,0
S00215,8,0,50,39,9,7,2021.0,Yes,0,2022.0,Placed,Canada,9,1.5548031082743616,0.14672021049885567,2,2,2,0.8971796387921507,-0.28549519127799955,1.0,0,1,1,1
S02786,2,3,2,13,9,1,2022.0,Yes,4,2025.0,Not Placed,UK,9,-0.8785035087145754,-1.0608535384629105,2,2,0,-0.07808872933785782,0.5800993841949118,3.0,0,0,1,0
S00216,5,7,43,2,13,2,2019.0,No,3,2021.0,Not Placed,UK,9,-0.8785035087145754,-0.13195065464616756,2,3,0,-1.8941056906833906,-0.28549519127799955,2.0,1,0,0,0
S02175,0,9,5,8,2,4,2021.0,No,4,2022.0,Placed,USA,9,0.5085461364225184,0.5647265082163905,4,3,3,0.2918406516769728,-0.8380023671117728,1.0,0,1,0,0
S02429,1,8,29,64,0,3,2020.0,Yes,3,2023.0,Placed,UK,2,0.27932002828498215,1.331071387365203,5,0,0,0.6953999764204246,-0.41441353230587996,3.0,1,1,1,0
S02325,1,5,41,38,4,0,2022.0,Yes,1,2023.0,Not Placed,UK,9,-0.8785035087145754,-0.7125149570316321,0,4,3,1.031699413706634,-0.28549519127799955,1.0,0,0,1,0
S00578,5,2,45,68,7,7,2020.0,Yes,0,2023.0,Placed,Germany,4,1.8238208969470848,0.913065089647669,4,3,3,1.0653293574352556,4.8344046381149655,3.0,0,1,1,0
S02847,8,5,36,34,2,6,2021.0,No,2,2022.0,Not Placed,UK,9,-0.8785035087145754,-1.641417840848375,4,3,0,-1.8941056906833906,-0.28549519127799955,1.0,0,0,0,0
S01232,9,5,41,38,8,7,2022.0,No,2,2023.0,Placed,Russia,4,-0.018230248858710125,-1.594972696657538,1,4,1,0.3927304828628357,-0.28549519127799955,1.0,0,1,0,0
S02890,3,4,10,50,12,0,2019.0,No,1,2022.0,Placed,Ireland,5,1.8558041010244253,0.7505070849797383,2,0,3,-0.07808872933785782,-0.28549519127799955,3.0,0,1,0,0
S00813,4,5,32,30,13,5,2023.0,No,1,2024.0,Not Placed,UK,9,-0.8785035087145754,0.4021685035484598,2,1,3,0.2918406516769728,-0.28549519127799955,1.0,0,0,0,0
S00924,2,7,12,29,14,3,2019.0,Yes,4,2020.0,Placed,UAE,4,1.1757173509458339,-0.5964020965545386,3,4,2,0.8299197513349084,-0.28549519127799955,1.0,1,1,1,0
S02571,0,1,49,0,10,2,2020.0,Yes,3,2022.0,Placed,Finland,10,0.713183431067796,0.8433973733614127,3,4,2,0.9644395262493923,-0.28549519127799955,2.0,1,1,1,0
S01019,2,0,16,52,3,1,2021.0,No,4,2023.0,Placed,Canada,2,1.3435601580397443,1.1685133826972731,2,4,0,-1.8941056906833906,1.114189654167559,2.0,0,1,0,1
S02953,9,2,3,12,11,3,2021.0,Yes,3,2024.0,Placed,Germany,9,-0.003461186063440043,-1.339524403607934,3,1,0,0.7626598638776666,-0.28549519127799955,3.0,1,1,1,0
S01439,6,2,20,9,10,4,2023.0,No,3,2025.0,Not Placed,UK,9,-0.8785035087145754,0.4253910756438789,0,2,0,0.12369093303386793,-0.28549519127799955,2.0,0,0,0,0
S02506,0,4,13,45,2,2,2021.0,No,3,2024.0,Placed,Ireland,1,1.5428143363390823,0.16994278259427376,2,3,2,0.056431045576625906,-0.28549519127799955,3.0,1,1,0,0
S03843,8,4,10,50,4,3,2023.0,Yes,0,2024.0,Placed,Ireland,5,1.173903260455627,-0.29450865931409725,2,2,0,-0.07808872933785782,-0.28549519127799955,1.0,1,1,1,0
S01093,7,9,5,8,2,5,2020.0,Yes,3,2021.0,Not Placed,UK,9,-0.8785035087145754,0.9827328059339243,1,3,0,-0.178978560523721,-0.8380023671117728,1.0,0,0,1,0
S02547,0,6,19,37,14,1,2023.0,Yes,3,2026.0,Placed,South Africa,3,0.010893790859065456,1.4239616757468772,4,2,1,0.25821070794835194,-0.28549519127799955,3.0,0,1,1,0
S02295,6,4,18,33,8,7,2019.0,No,2,2020.0,Placed,Ireland,10,1.128748181949394,-1.3163018315125148,5,1,0,0.09006098930524706,-0.28549519127799955,1.0,0,1,0,0
S00908,6,8,27,21,2,7,2022.0,Yes,1,2023.0,Not Placed,UK,9,-0.8785035087145754,-0.7125149570316321,1,3,0,-1.8941056906833906,-0.35916281472250267,1.0,0,0,1,0
S02431,8,5,32,30,3,1,2021.0,Yes,2,2024.0,Placed,Russia,5,-0.27713251121104143,-0.457066663982028,3,3,0,-1.8941056906833906,-0.28549519127799955,3.0,0,1,1,0
S01997,2,7,12,10,13,4,2019.0,Yes,3,2020.0,Placed,UAE,11,1.221956940071212,0.7505070849797383,5,0,2,0.3927304828628357,-0.28549519127799955,1.0,0,1,1,0
S02279,2,8,27,21,6,0,2022.0,Yes,3,2023.0,Not Placed,UK,9,-0.8785035087145754,0.9362876617430871,3,2,0,1.0989593011638763,-0.35916281472250267,1.0,0,0,1,0
S04581,3,6,40,67,2,1,2020.0,Yes,4,2023.0,Placed,South Africa,4,1.6365357722081326,-0.8054052454133065,0,3,3,0.5272502577773197,-0.28549519127799955,3.0,0,1,1,0
S00338,3,0,16,52,11,7,2019.0,No,0,2022.0,Not Placed,UK,9,-0.8785035087145754,1.4007391036514591,1,2,1,0.056431045576625906,1.114189654167559,3.0,0,0,0,0
S02986,3,2,34,44,8,4,2020.0,No,1,2021.0,Not Placed,UK,9,-0.8785035087145754,-1.0608535384629105,5,0,0,-1.8941056906833906,-0.08290922680561606,1.0,0,0,0,0
S03215,2,9,28,49,9,7,2020.0,Yes,3,2021.0,Not Placed,UK,9,-0.8785035087145754,1.7026325408919005,3,0,1,0.9308095825207715,-0.3407459088613769,1.0,0,0,1,0
S03941,4,8,27,17,9,4,2021.0,No,3,2022.0,Not Placed,UK,9,-0.8785035087145754,-1.5485275524667008,0,4,2,-0.04445878560923697,-0.8011685553895213,1.0,0,0,0,0
S03920,1,0,25,35,4,4,2020.0,Yes,2,2021.0,Not Placed,UK,9,-0.8785035087145754,1.7490776850827376,1,2,1,0.7290299201490454,3.6188888512806643,1.0,0,0,1,0
S03376,1,9,5,8,11,7,2023.0,No,0,2024.0,Not Placed,UK,9,-0.8785035087145754,0.030607350021762136,1,0,2,0.8635496950635292,-0.8380023671117728,1.0,0,0,0,0
S02787,4,6,7,56,13,7,2019.0,No,1,2022.0,Not Placed,UK,9,-0.8785035087145754,0.8201748012659946,4,4,1,0.056431045576625906,3.195300016474772,3.0,0,0,0,0
S01092,2,6,23,62,13,2,2020.0,Yes,1,2021.0,Not Placed,UK,9,-0.8785035087145754,-0.22484094302784197,3,4,0,-1.8941056906833906,-0.28549519127799955,1.0,1,0,1,0
S00611,2,5,24,19,4,6,2021.0,No,4,2022.0,Not Placed,UK,9,-0.8785035087145754,-1.4324146919896081,2,0,2,0.8635496950635292,-0.28549519127799955,1.0,0,0,0,0
S01738,0,5,36,34,14,1,2021.0,Yes,0,2022.0,Not Placed,UK,9,-0.8785035087145754,1.331071387365203,4,0,1,1.0989593011638763,-0.28549519127799955,1.0,0,0,1,0
S04421,0,4,18,33,0,4,2021.0,No,4,2022.0,Placed,Ireland,10,1.782668648544243,-0.3409538035049345,2,0,1,0.25821070794835194,-0.28549519127799955,1.0,0,1,0,0
S00228,0,9,42,40,11,0,2022.0,Yes,4,2024.0,Not Placed,UK,9,-0.8785035087145754,1.2149585268881102,3,2,0,-1.8941056906833906,-0.819585461250647,2.0,0,0,1,0
S03258,8,0,50,54,5,4,2023.0,Yes,0,2025.0,Not Placed,UK,9,-0.8785035087145754,0.05382992211718125,0,4,0,0.32547059540559364,-0.28549519127799955,2.0,0,0,1,0
S00014,8,9,5,8,14,3,2021.0,Yes,1,2024.0,Not Placed,UK,9,-0.8785035087145754,-0.7821826733178874,4,1,3,0.2918406516769728,-0.8380023671117728,3.0,1,0,1,0
S03208,9,2,20,9,6,7,2023.0,Yes,2,2026.0,Placed,Germany,12,0.3035341926542634,-1.0376309663674925,3,0,3,0.1573208767624888,-0.28549519127799955,3.0,0,1,1,0
S03380,2,7,12,58,6,3,2021.0,No,2,2024.0,Not Placed,UK,9,-0.8785035087145754,1.4936293920331336,0,3,2,0.45999037032007767,-0.28549519127799955,3.0,1,0,0,0
S00029,0,2,0,36,2,5,2022.0,No,3,2023.0,Placed,Germany,10,0.08643488507626129,-1.5485275524667008,4,0,1,0.5945101452345617,1.040522030723056,1.0,0,1,0,0
S03161,2,3,33,14,0,3,2019.0,No,2,2022.0,Not Placed,UK,9,-0.8785035087145754,-0.06228293835991124,0,4,2,0.6281400889631826,-0.08290922680561606,3.0,1,0,0,0
S02706,7,5,32,30,5,6,2019.0,Yes,0,2022.0,Placed,Russia,0,1.1132692576579561,-0.7821826733178874,5,4,0,-1.8941056906833906,-0.28549519127799955,3.0,0,1,1,0
S00445,3,5,32,4,14,6,2022.0,Yes,0,2024.0,Placed,Russia,12,0.5636392758751013,-0.6196246686499577,4,1,2,0.7962898076062874,-0.28549519127799955,2.0,0,1,1,0
S01164,8,2,45,68,2,4,2023.0,No,1,2026.0,Not Placed,UK,9,-0.8785035087145754,1.122068238506436,3,4,2,1.031699413706634,4.8344046381149655,3.0,0,0,0,0
S01720,2,1,49,0,2,1,2020.0,No,3,2023.0,Placed,Finland,5,0.40699650572072815,0.35572335935762256,5,1,1,0.2918406516769728,-0.28549519127799955,3.0,0,1,0,0
S01694,9,0,48,69,9,0,2023.0,No,4,2025.0,Not Placed,UK,9,-0.8785035087145754,1.7026325408919005,4,4,0,-1.8941056906833906,-0.5249149674726347,2.0,0,0,0,0
S03857,7,3,39,3,4,4,2020.0,No,4,2021.0,Placed,India,12,1.2959402826718174,-0.08550551045533036,4,4,2,0.02280110184800505,-0.28549519127799955,1.0,0,1,0,0
S02753,1,5,32,4,1,3,2022.0,No,3,2024.0,Placed,Russia,10,1.2401767184728536,-0.6196246686499577,1,0,1,1.0653293574352556,-0.28549519127799955,2.0,1,1,0,0
S01552,7,6,23,62,5,7,2021.0,No,1,2022.0,Placed,South Africa,0,1.5217353935778757,-1.2930792594170966,5,2,1,0.09006098930524706,-0.28549519127799955,1.0,0,1,0,0
S01735,9,4,13,45,7,0,2019.0,No,3,2021.0,Not Placed,UK,9,-0.8785035087145754,-1.5020824082758635,2,1,3,0.09006098930524706,-0.28549519127799955,2.0,0,0,0,0
S03558,3,1,49,70,4,4,2019.0,No,0,2020.0,Placed,Finland,0,1.982928463963152,1.0291779501247615,1,1,1,1.0653293574352556,-0.28549519127799955,1.0,0,1,0,0
S01674,9,4,10,50,8,3,2019.0,No,1,2022.0,Placed,Ireland,3,1.699733163741965,-0.24806351512326005,3,4,0,-1.8941056906833906,-0.28549519127799955,3.0,1,1,0,0
S01636,0,5,32,30,0,6,2022.0,No,2,2025.0,Not Placed,UK,9,-0.8785035087145754,0.12349763840343654,1,4,0,0.8635496950635292,-0.28549519127799955,3.0,0,0,0,0
S03801,2,1,46,43,6,5,2021.0,No,2,2023.0,Not Placed,UK,9,-0.8785035087145754,-0.898295533794981,5,1,2,0.2918406516769728,-0.28549519127799955,2.0,0,0,0,0
S02157,5,6,19,37,14,6,2023.0,Yes,1,2025.0,Not Placed,UK,9,-0.8785035087145754,-1.385969547798771,4,2,2,-0.11171867306647898,-0.28549519127799955,2.0,0,0,1,0
S02525,5,3,11,6,13,4,2020.0,No,1,2021.0,Not Placed,UK,9,-0.8785035087145754,-1.2698566873216774,5,2,0,1.031699413706634,-0.28549519127799955,1.0,0,0,0,0
S02428,0,2,3,42,4,1,2022.0,Yes,4,2024.0,Placed,Germany,8,0.27304958506883276,-0.17839579883700477,5,4,2,0.056431045576625906,-0.28549519127799955,2.0,0,1,1,0
S01809,2,1,17,1,7,7,2020.0,Yes,4,2022.0,Not Placed,UK,9,-0.8785035087145754,-0.6196246686499577,5,2,2,-0.21260850425234185,0.8747698779729242,2.0,0,0,1,0
S02281,5,4,18,33,13,2,2022.0,No,4,2025.0,Placed,Ireland,12,0.20709162104990297,0.6343942245026458,1,1,0,0.9980694699780132,-0.28549519127799955,3.0,1,1,0,0
S01776,0,8,15,60,13,1,2021.0,Yes,0,2024.0,Not Placed,UK,9,-0.8785035087145754,-0.9679632500812362,1,0,0,-1.8941056906833906,-0.5064980616115089,3.0,0,0,1,0
S04677,6,9,9,57,2,7,2023.0,Yes,2,2025.0,Placed,USA,5,2.0534808093322794,1.7490776850827376,0,1,0,-0.14534861679509983,-0.5617487791948862,2.0,0,1,1,0
S03797,3,5,32,4,3,3,2023.0,Yes,3,2026.0,Placed,Russia,4,1.7020796503542979,-1.3163018315125148,0,0,3,0.6617700326918035,-0.28549519127799955,3.0,1,1,1,0
S02496,7,6,14,63,9,5,2020.0,No,1,2023.0,Not Placed,UK,9,-0.8785035087145754,0.3092782151667854,4,1,1,0.3591005391342148,-0.28549519127799955,3.0,0,0,0,0
S04441,0,4,30,27,0,4,2023.0,Yes,0,2025.0,Placed,Ireland,3,1.5489664693058702,-0.29450865931409725,4,2,2,0.8635496950635292,-0.28549519127799955,2.0,0,1,1,0
S03721,8,9,5,8,13,7,2019.0,Yes,4,2021.0,Placed,USA,1,1.934342388225441,0.5879490803118086,2,3,1,0.8971796387921507,-0.8380023671117728,2.0,0,1,1,0
S00307,6,0,50,54,13,0,2023.0,No,2,2025.0,Placed,Canada,8,0.5538786803027934,1.354293959460622,1,3,1,-0.04445878560923697,-0.28549519127799955,2.0,0,1,0,1
S01985,9,0,16,52,10,0,2021.0,Yes,4,2024.0,Not Placed,UK,9,-0.8785035087145754,1.586519680414808,4,3,0,0.2245807642197308,1.114189654167559,3.0,0,0,1,0
S02808,2,6,40,67,13,7,2019.0,No,1,2021.0,Placed,South Africa,7,0.6360057117344354,-0.8286278175087246,5,3,2,1.1325892448924972,-0.28549519127799955,2.0,0,1,0,0
S00192,9,6,23,62,0,7,2022.0,Yes,2,2025.0,Not Placed,UK,9,-0.8785035087145754,-0.457066663982028,3,4,3,0.8635496950635292,-0.28549519127799955,3.0,0,0,1,0
S04163,5,4,13,51,11,3,2023.0,Yes,4,2025.0,Placed,Ireland,7,1.6011412892742076,-0.41062151979119077,1,4,0,-1.8941056906833906,-0.28549519127799955,2.0,1,1,1,0
S02379,0,1,26,23,1,5,2019.0,Yes,0,2021.0,Not Placed,UK,9,-0.8785035087145754,-0.898295533794981,0,1,0,1.031699413706634,-0.28549519127799955,2.0,0,0,1,0
S01933,8,2,34,44,7,0,2022.0,Yes,0,2023.0,Placed,Germany,11,1.4886873972562833,-1.385969547798771,3,1,3,-0.21260850425234185,-0.08290922680561606,1.0,0,1,1,0
S03828,9,7,1,20,5,3,2022.0,No,3,2023.0,Placed,UAE,6,1.6919246872841187,-0.01583779416907404,5,1,1,0.7626598638776666,-0.28549519127799955,1.0,1,1,0,0
S02373,5,3,33,14,3,7,2021.0,Yes,2,2023.0,Placed,India,12,0.682935443981088,1.4936293920331336,1,4,3,1.031699413706634,-0.08290922680561606,2.0,0,1,1,0
S03914,6,5,32,11,10,5,2019.0,No,4,2022.0,Placed,Russia,5,-0.24881692486390147,1.6329648246056452,4,1,1,0.1573208767624888,-0.28549519127799955,3.0,0,1,0,0
S03246,1,5,32,11,1,7,2021.0,Yes,3,2024.0,Placed,Russia,0,1.286278278973977,0.35572335935762256,4,4,3,0.5608802015059405,-0.28549519127799955,3.0,0,1,1,0
S00663,5,2,34,44,0,3,2019.0,Yes,4,2020.0,Not Placed,UK,9,-0.8785035087145754,-0.4338440918866089,4,4,1,0.056431045576625906,-0.08290922680561606,1.0,1,0,1,0
S02887,0,9,35,32,7,3,2021.0,No,2,2022.0,Not Placed,UK,9,-0.8785035087145754,1.2381810989835285,5,0,0,-1.8941056906833906,-0.1197430385278676,1.0,1,0,0,0
S01630,6,0,48,69,9,7,2020.0,Yes,0,2023.0,Not Placed,UK,9,-0.8785035087145754,-0.3641763756003536,1,2,0,-1.8941056906833906,-0.5249149674726347,3.0,0,0,1,0
S02901,3,5,32,11,14,2,2020.0,Yes,1,2021.0,Not Placed,UK,9,-0.8785035087145754,-0.039060366264493156,4,2,0,-1.8941056906833906,-0.28549519127799955,1.0,1,0,1,0
S04360,5,3,33,14,6,0,2020.0,No,1,2022.0,Placed,India,10,1.5041663215477212,1.609742252510226,0,1,0,0.3927304828628357,-0.08290922680561606,2.0,0,1,0,0
S00128,7,3,11,6,0,1,2019.0,No,4,2020.0,Not Placed,UK,9,-0.8785035087145754,0.5415039361209714,3,3,3,0.25821070794835194,-0.28549519127799955,1.0,0,0,0,0
S03625,6,4,13,46,0,3,2023.0,No,4,2024.0,Placed,Ireland,10,0.7302595437256116,1.3078488152697847,2,4,1,0.8635496950635292,1.279941806917691,1.0,1,1,0,0
S04555,4,1,21,61,13,7,2019.0,Yes,1,2022.0,Not Placed,UK,9,-0.8785035087145754,-1.5253049803712826,3,0,2,0.5945101452345617,0.966854407278553,3.0,0,0,1,0
S02308,6,9,42,40,7,2,2022.0,Yes,1,2024.0,Placed,USA,4,-0.12486722028303669,-1.0608535384629105,3,4,0,-1.8941056906833906,-0.819585461250647,2.0,1,1,1,0
S02009,6,8,38,66,3,2,2019.0,Yes,0,2020.0,Not Placed,UK,9,-0.8785035087145754,-1.57175012456212,0,4,3,0.1573208767624888,-0.8564192729728985,1.0,1,0,1,0
S01576,9,4,13,45,9,5,2023.0,No,1,2025.0,Not Placed,UK,9,-0.8785035087145754,0.35572335935762256,2,3,3,-0.07808872933785782,-0.28549519127799955,2.0,0,0,0,0
S04279,8,9,35,32,3,3,2023.0,Yes,3,2026.0,Placed,USA,4,-0.20210409474107796,1.586519680414808,5,1,0,0.7962898076062874,-0.1197430385278676,3.0,1,1,1,0
S02704,2,6,19,37,14,0,2022.0,No,0,2023.0,Not Placed,UK,9,-0.8785035087145754,0.35572335935762256,3,1,0,1.0989593011638763,-0.28549519127799955,1.0,0,0,0,0
S03314,1,3,11,6,10,1,2021.0,Yes,0,2022.0,Not Placed,UK,9,-0.8785035087145754,0.07705249421259934,3,4,2,0.8635496950635292,-0.28549519127799955,1.0,0,0,1,0
S01025,2,5,32,11,4,5,2019.0,Yes,1,2021.0,Not Placed,UK,9,-0.8785035087145754,-0.13195065464616756,0,0,2,0.5945101452345617,-0.28549519127799955,2.0,0,0,1,0
S00680,1,4,13,7,1,7,2023.0,No,2,2026.0,Not Placed,UK,9,-0.8785035087145754,-1.362746975703352,0,4,0,-1.8941056906833906,-0.28549519127799955,3.0,0,0,0,0
S00273,3,8,29,64,8,5,2020.0,No,4,2023.0,Placed,UK,5,0.20310850932140556,-1.641417840848375,4,0,2,0.5608802015059405,-0.41441353230587996,3.0,0,1,0,0
S03557,0,4,13,45,12,1,2020.0,No,1,2021.0,Placed,Ireland,7,0.6224789065574591,1.4471842478422963,2,2,0,0.056431045576625906,-0.28549519127799955,1.0,0,1,0,0
S03935,8,0,31,28,11,3,2022.0,No,1,2023.0,Placed,Canada,1,0.8848910396408426,1.2149585268881102,4,3,0,1.031699413706634,-0.41441353230587996,1.0,1,1,0,1
S01894,1,9,28,49,6,3,2022.0,No,0,2024.0,Placed,USA,10,0.4537882093431259,-0.457066663982028,2,2,0,-1.8941056906833906,-0.3407459088613769,2.0,1,1,0,0
S00629,7,3,8,16,4,6,2022.0,No,3,2024.0,Placed,India,2,-0.0996474187941843,0.5647265082163905,4,2,0,-1.8941056906833906,-0.28549519127799955,2.0,0,1,0,0
S00295,4,6,23,71,13,2,2020.0,Yes,2,2022.0,Not Placed,UK,9,-0.8785035087145754,-0.06228293835991124,5,3,2,1.031699413706634,-0.28549519127799955,2.0,1,0,1,0
S02637,6,9,42,47,0,2,2023.0,No,1,2025.0,Not Placed,UK,9,-0.8785035087145754,1.4936293920331336,0,3,3,-0.07808872933785782,-0.7275009319450181,2.0,1,0,0,0
S04481,7,9,5,8,1,4,2022.0,Yes,2,2024.0,Not Placed,UK,9,-0.8785035087145754,0.6111716524072267,2,0,1,0.25821070794835194,-0.8380023671117728,2.0,0,0,1,0
S00426,7,5,32,24,8,4,2021.0,Yes,0,2022.0,Not Placed,UK,9,-0.8785035087145754,1.0059553780293433,0,1,2,1.031699413706634,0.6906008193616664,1.0,0,0,1,0
S00607,4,1,49,0,2,1,2019.0,Yes,1,2022.0,Not Placed,UK,9,-0.8785035087145754,1.5168519641285516,3,0,0,0.7962898076062874,-0.28549519127799955,3.0,0,0,1,0
S00475,4,2,3,42,1,1,2021.0,No,2,2023.0,Placed,Germany,9,0.8488852870852175,-0.01583779416907404,5,4,3,0.49362031404869855,-0.28549519127799955,2.0,0,1,0,0
S00574,8,9,35,32,2,0,2023.0,No,3,2026.0,Not Placed,UK,9,-0.8785035087145754,0.05382992211718125,5,2,2,0.02280110184800505,-0.1197430385278676,3.0,0,0,0,0
S01013,7,0,50,54,1,4,2020.0,Yes,4,2021.0,Not Placed,UK,9,-0.8785035087145754,1.6561873967010632,4,4,0,-1.8941056906833906,-0.28549519127799955,1.0,0,0,1,0
S01766,4,1,49,70,0,4,2023.0,No,0,2024.0,Placed,Finland,6,1.091421298275901,-0.921518105890399,0,0,2,0.3591005391342148,-0.28549519127799955,1.0,0,1,0,0
S04899,2,4,13,46,0,0,2021.0,No,3,2023.0,Not Placed,UK,9,-0.8785035087145754,-0.5035118081728652,0,0,0,0.6281400889631826,1.279941806917691,2.0,0,0,0,0
S00191,0,5,32,30,6,7,2019.0,Yes,0,2022.0,Placed,Russia,6,1.3124051257079328,0.7272845128843202,2,0,1,0.1573208767624888,-0.28549519127799955,3.0,0,1,1,0
S02093,5,9,35,32,0,4,2021.0,No,0,2022.0,Not Placed,UK,9,-0.8785035087145754,-1.2466341152262594,2,3,0,0.6281400889631826,-0.1197430385278676,1.0,0,0,0,0
S02913,8,2,3,12,2,5,2022.0,No,0,2024.0,Not Placed,UK,9,-0.8785035087145754,-0.689292384936213,0,2,0,-1.8941056906833906,-0.28549519127799955,2.0,0,0,0,0
S04937,7,5,32,24,14,4,2021.0,Yes,2,2024.0,Not Placed,UK,9,-0.8785035087145754,1.122068238506436,2,3,0,1.0653293574352556,0.6906008193616664,3.0,0,0,1,0
S03917,7,1,22,59,13,6,2023.0,No,0,2024.0,Placed,Finland,5,0.10157859699450884,0.8433973733614127,5,4,0,-1.8941056906833906,-0.28549519127799955,1.0,0,1,0,0
S03155,7,9,35,32,12,5,2019.0,No,1,2022.0,Placed,USA,1,1.9380888794552158,-0.22484094302784197,5,0,0,0.12369093303386793,-0.1197430385278676,3.0,0,1,0,0
S01742,8,6,14,63,7,4,2020.0,Yes,1,2021.0,Placed,South Africa,6,1.1462383804799743,-1.0608535384629105,2,1,0,-0.04445878560923697,-0.28549519127799955,1.0,0,1,1,0
S03642,4,0,27,72,5,4,2020.0,Yes,1,2023.0,Not Placed,UK,9,-0.8785035087145754,-0.41062151979119077,5,4,3,0.19095082049110992,1.611446112417955,3.0,0,0,1,0
S01881,2,0,50,54,2,7,2022.0,Yes,0,2024.0,Placed,Canada,7,1.6439104444183208,-0.7821826733178874,2,2,0,0.7962898076062874,-0.28549519127799955,2.0,0,1,1,1
S00530,1,6,23,62,13,1,2020.0,No,2,2023.0,Not Placed,UK,9,-0.8785035087145754,1.1685133826972731,2,0,1,0.42636042659145684,-0.28549519127799955,3.0,0,0,0,0
S01644,5,3,39,3,11,5,2022.0,No,4,2024.0,Placed,India,5,0.5402138465015621,0.28605564307136727,5,1,2,0.7626598638776666,-0.28549519127799955,2.0,0,1,0,0
S00399,3,4,18,33,6,1,2020.0,Yes,4,2021.0,Not Placed,UK,9,-0.8785035087145754,-1.5253049803712826,1,0,2,-0.11171867306647898,-0.28549519127799955,1.0,0,0,1,0
S03393,9,6,7,56,0,7,2023.0,Yes,3,2024.0,Placed,South Africa,5,-0.15988705409398415,0.8201748012659946,1,0,2,0.5945101452345617,3.195300016474772,1.0,0,1,1,0
S00251,6,1,21,61,12,1,2023.0,Yes,0,2024.0,Placed,Finland,10,1.260959885610657,-0.6660698128407949,5,4,0,-1.8941056906833906,0.966854407278553,1.0,0,1,1,0
S04962,4,1,49,70,6,2,2023.0,Yes,0,2026.0,Placed,Finland,10,1.1386665245208505,-0.5499569523637023,5,4,0,-1.8941056906833906,-0.28549519127799955,3.0,1,1,1,0
S01185,6,3,11,18,11,4,2023.0,No,3,2025.0,Not Placed,UK,9,-0.8785035087145754,1.2614036710789476,5,4,3,0.5608802015059405,-0.28549519127799955,2.0,0,0,0,0
S04796,7,4,13,7,8,4,2023.0,No,1,2026.0,Placed,Ireland,11,1.6492935607642605,-1.409192119894189,0,4,2,1.0653293574352556,-0.28549519127799955,3.0,0,1,0,0
S01849,9,2,34,22,13,6,2021.0,Yes,4,2024.0,Not Placed,UK,9,-0.8785035087145754,1.354293959460622,3,2,2,0.6281400889631826,-0.28549519127799955,3.0,0,0,1,0
S04064,3,6,40,67,4,2,2022.0,Yes,2,2024.0,Placed,South Africa,11,1.6594485238344394,1.0524005222201807,0,1,0,-1.8941056906833906,-0.28549519127799955,2.0,1,1,1,0
S02585,1,8,38,66,10,7,2019.0,No,0,2022.0,Placed,UK,4,0.5615096913865978,1.0291779501247615,2,0,0,0.7962898076062874,-0.8564192729728985,3.0,0,1,0,0
S00946,6,9,5,8,14,7,2022.0,Yes,1,2024.0,Placed,USA,10,0.9720462566703403,1.122068238506436,3,3,2,0.7962898076062874,-0.8380023671117728,2.0,0,1,1,0
S00250,5,4,13,46,4,4,2019.0,Yes,3,2021.0,Not Placed,UK,9,-0.8785035087145754,-0.3641763756003536,3,0,3,0.42636042659145684,1.279941806917691,2.0,0,0,1,0
S00637,1,0,37,65,7,1,2022.0,No,4,2025.0,Not Placed,UK,9,-0.8785035087145754,1.122068238506436,4,0,1,0.6617700326918035,-0.28549519127799955,3.0,0,0,0,0
S02058,8,2,0,36,3,0,2020.0,Yes,2,2023.0,Placed,Germany,12,0.892916418222518,-0.921518105890399,2,3,0,-1.8941056906833906,1.040522030723056,3.0,0,1,1,0
S02760,3,8,27,21,11,5,2022.0,No,3,2023.0,Placed,UK,8,0.17639011134064328,1.7490776850827376,3,3,0,-1.8941056906833906,-0.35916281472250267,1.0,0,1,0,0
S00609,8,5,32,4,2,1,2023.0,Yes,2,2024.0,Not Placed,UK,9,-0.8785035087145754,0.7505070849797383,3,3,2,0.09006098930524706,-0.28549519127799955,1.0,0,0,1,0
S04121,0,9,5,8,3,3,2020.0,Yes,4,2022.0,Placed,USA,5,0.6811213534908812,-1.7110855571346315,3,1,0,-0.07808872933785782,-0.8380023671117728,2.0,1,1,1,0
S00860,9,8,27,21,4,2,2023.0,No,4,2025.0,Placed,UK,9,0.01341774284544005,-0.6428472407453758,5,3,0,-1.8941056906833906,-0.35916281472250267,2.0,1,1,0,0
S01931,3,6,23,62,1,4,2020.0,Yes,4,2023.0,Not Placed,UK,9,-0.8785035087145754,1.4007391036514591,4,0,3,0.6953999764204246,-0.28549519127799955,3.0,0,0,1,0
S02103,3,5,32,30,14,3,2019.0,Yes,4,2021.0,Placed,Russia,4,0.12861248897356797,0.21638792678511096,2,2,2,0.6281400889631826,-0.28549519127799955,2.0,1,1,1,0
S03259,1,8,29,64,10,3,2022.0,No,3,2025.0,Not Placed,UK,9,-0.8785035087145754,0.4253910756438789,2,3,1,0.42636042659145684,-0.41441353230587996,3.0,1,0,0,0
S01219,0,8,27,17,13,3,2019.0,No,0,2020.0,Not Placed,UK,9,-0.8785035087145754,-0.9447406779858181,1,3,3,0.8635496950635292,-0.8011685553895213,1.0,1,0,0,0
S02727,6,9,35,5,0,2,2023.0,Yes,1,2025.0,Not Placed,UK,9,-0.8785035087145754,-1.130521254749167,5,1,1,0.5945101452345617,-0.580165685056012,2.0,1,0,1,0
S03032,7,2,3,12,9,5,2022.0,No,2,2023.0,Placed,Germany,11,1.6726006798884383,-1.4556372640850264,5,1,0,0.5608802015059405,-0.28549519127799955,1.0,0,1,0,0
S00448,4,8,29,64,6,0,2020.0,Yes,0,2023.0,Placed,UK,6,1.3621743039392569,1.5632971083193887,0,2,0,-1.8941056906833906,-0.41441353230587996,3.0,0,1,1,0
S00226,9,2,20,9,5,4,2020.0,Yes,4,2021.0,Placed,Germany,10,-0.02838521192888915,0.913065089647669,3,3,1,0.6617700326918035,-0.28549519127799955,1.0,0,1,1,0
S02003,1,5,32,30,2,3,2022.0,No,0,2025.0,Not Placed,UK,9,-0.8785035087145754,1.0988456664110178,3,2,0,-0.178978560523721,-0.28549519127799955,3.0,1,0,0,0
S03796,8,6,14,63,5,1,2019.0,Yes,2,2021.0,Placed,South Africa,11,2.0669287410096815,-1.594972696657538,1,1,0,0.2918406516769728,-0.28549519127799955,2.0,0,1,1,0
S04127,9,3,11,18,13,1,2023.0,No,1,2024.0,Not Placed,UK,9,-0.8785035087145754,-0.9447406779858181,4,0,0,-1.8941056906833906,-0.28549519127799955,1.0,0,0,0,0
S04048,4,3,8,16,5,3,2020.0,No,0,2023.0,Placed,India,7,0.7532511688514927,-1.0840761105583296,1,3,3,-0.010828841880616107,-0.28549519127799955,3.0,1,1,0,0
S04266,3,5,32,4,10,1,2022.0,Yes,1,2023.0,Not Placed,UK,9,-0.8785035087145754,-0.06228293835991124,4,4,0,0.9308095825207715,-0.28549519127799955,1.0,0,0,1,0
S04322,9,5,36,34,2,6,2023.0,Yes,2,2026.0,Placed,Russia,8,0.6728396360355896,1.5400745362239707,5,3,1,0.8635496950635292,-0.28549519127799955,3.0,0,1,1,0
S03182,6,9,5,8,6,5,2023.0,No,0,2025.0,Not Placed,UK,9,-0.8785035087145754,-0.8054052454133065,4,4,3,-0.14534861679509983,-0.8380023671117728,2.0,0,0,0,0
S02936,9,5,36,34,12,4,2022.0,Yes,3,2025.0,Not Placed,UK,9,-0.8785035087145754,-1.409192119894189,2,3,0,0.2918406516769728,-0.28549519127799955,3.0,0,0,1,0
S04885,0,6,14,63,14,2,2023.0,Yes,0,2025.0,Not Placed,UK,9,-0.8785035087145754,1.4007391036514591,0,2,0,0.7290299201490454,-0.28549519127799955,2.0,1,0,1,0
S00388,2,5,41,38,11,0,2022.0,Yes,4,2024.0,Not Placed,UK,9,-0.8785035087145754,0.23961049888053007,4,1,2,0.19095082049110992,-0.28549519127799955,2.0,0,0,1,0
S01618,3,2,45,68,5,1,2023.0,No,1,2026.0,Not Placed,UK,9,-0.8785035087145754,0.44861364773929696,2,3,0,0.8635496950635292,4.8344046381149655,3.0,0,0,0,0
S04422,5,8,29,64,4,7,2023.0,No,2,2024.0,Placed,UK,9,1.2780951533931533,-1.5485275524667008,2,4,1,0.5608802015059405,-0.41441353230587996,1.0,0,1,0,0
S02467,6,0,50,39,3,5,2023.0,Yes,4,2026.0,Not Placed,UK,9,-0.8785035087145754,0.28605564307136727,2,4,0,0.8971796387921507,-0.28549519127799955,3.0,0,0,1,0
S02082,5,3,33,14,11,7,2019.0,No,1,2021.0,Placed,India,4,0.984409677728597,1.331071387365203,2,3,0,-1.8941056906833906,-0.08290922680561606,2.0,0,1,0,0
S02799,8,2,20,9,7,3,2022.0,Yes,4,2025.0,Placed,Germany,7,1.4254505689726635,0.5647265082163905,3,3,2,-0.010828841880616107,-0.28549519127799955,3.0,1,1,1,0
S00953,4,7,12,26,0,2,2023.0,No,4,2024.0,Placed,UAE,9,1.6980373835011198,0.7505070849797383,1,4,1,1.0989593011638763,-0.28549519127799955,1.0,1,1,0,0
S02099,6,1,17,1,1,6,2020.0,Yes,1,2022.0,Placed,Finland,3,1.1196382927485733,0.4021685035484598,5,3,1,0.2918406516769728,0.8747698779729242,2.0,0,1,1,0
S02880,3,1,26,23,7,6,2022.0,Yes,3,2023.0,Not Placed,UK,9,-0.8785035087145754,-1.1769663989400032,0,4,2,0.9980694699780132,-0.28549519127799955,1.0,0,0,1,0
S01682,6,4,10,50,7,0,2022.0,Yes,3,2024.0,Not Placed,UK,9,-0.8785035087145754,1.7490776850827376,1,1,0,0.19095082049110992,-0.28549519127799955,2.0,0,0,1,0
S03394,2,3,33,14,5,6,2020.0,Yes,2,2023.0,Placed,India,2,0.18879296914868718,-0.8286278175087246,0,4,0,0.8299197513349084,-0.08290922680561606,3.0,0,1,1,0
S01861,3,6,23,62,13,6,2022.0,No,2,2024.0,Placed,South Africa,2,0.7108369444554634,-0.08550551045533036,2,0,0,0.7290299201490454,-0.28549519127799955,2.0,0,1,0,0
S00784,1,4,13,7,4,1,2019.0,No,0,2022.0,Placed,Ireland,5,0.8225218198525391,1.7258551129873196,0,0,0,-1.8941056906833906,-0.28549519127799955,3.0,0,1,0,0
S04196,5,6,23,71,10,5,2021.0,No,3,2023.0,Placed,South Africa,1,1.3864673418081124,0.4950587919301342,0,4,1,0.7626598638776666,-0.28549519127799955,2.0,0,1,0,0
S00365,6,4,13,51,7,7,2023.0,Yes,1,2025.0,Not Placed,UK,9,-0.8785035087145754,0.35572335935762256,1,3,0,-0.04445878560923697,-0.28549519127799955,2.0,0,0,1,0
S00971,0,2,0,36,2,5,2020.0,Yes,3,2021.0,Not Placed,UK,9,-0.8785035087145754,-0.08550551045533036,3,0,0,-1.8941056906833906,1.040522030723056,1.0,0,0,1,0
S04492,9,0,16,52,9,6,2021.0,Yes,2,2022.0,Placed,Canada,10,0.5292898668105347,0.3092782151667854,2,2,1,0.1573208767624888,1.114189654167559,1.0,0,1,1,1
S01634,4,3,11,18,2,4,2021.0,Yes,2,2023.0,Placed,India,1,-0.23712392855202544,-0.7357375291270501,2,1,2,1.0989593011638763,-0.28549519127799955,2.0,0,1,1,0
S01291,7,1,22,59,13,0,2022.0,Yes,0,2023.0,Not Placed,UK,9,-0.8785035087145754,1.609742252510226,2,3,3,0.7626598638776666,-0.28549519127799955,1.0,0,0,1,0
S03559,2,5,32,11,9,6,2019.0,Yes,2,2021.0,Placed,Russia,0,1.9924327206618437,1.4471842478422963,2,1,3,0.5608802015059405,-0.28549519127799955,2.0,0,1,1,0
S03399,8,0,16,52,10,7,2022.0,No,2,2024.0,Not Placed,UK,9,-0.8785035087145754,0.10027506630801845,3,2,1,0.6281400889631826,1.114189654167559,2.0,0,0,0,0
S01259,4,0,37,65,10,1,2021.0,No,3,2022.0,Placed,Canada,8,0.6846312242219335,0.3325007872622045,1,2,0,-1.8941056906833906,-0.28549519127799955,1.0,0,1,0,1
S00072,4,2,20,9,10,3,2020.0,No,0,2022.0,Placed,Germany,12,1.487997254135009,0.6576167965980638,3,2,3,-0.04445878560923697,-0.28549519127799955,2.0,1,1,0,0
S03838,5,0,16,52,6,6,2021.0,No,2,2022.0,Placed,Canada,7,0.1861309885380577,0.030607350021762136,3,0,1,0.02280110184800505,1.114189654167559,1.0,0,1,0,1
S02369,6,2,20,9,1,6,2019.0,Yes,1,2022.0,Not Placed,UK,9,-0.8785035087145754,0.14672021049885567,4,1,2,0.1573208767624888,-0.28549519127799955,3.0,0,0,1,0
S00359,4,6,7,56,7,4,2020.0,Yes,0,2022.0,Not Placed,UK,9,-0.8785035087145754,-0.6428472407453758,4,2,1,0.2245807642197308,3.195300016474772,2.0,0,0,1,0
S00020,5,1,49,70,8,5,2022.0,No,1,2024.0,Not Placed,UK,9,-0.8785035087145754,1.7026325408919005,4,1,2,0.9644395262493923,-0.28549519127799955,2.0,0,0,0,0
S02623,6,3,11,15,2,6,2023.0,Yes,2,2026.0,Placed,India,7,0.17297883248405888,-1.153743826844585,5,1,2,-0.14534861679509983,2.348122346862986,3.0,0,1,1,0
S00323,5,8,38,66,9,6,2020.0,No,0,2021.0,Placed,UK,8,0.6403240358361232,-1.5020824082758635,1,0,0,0.3591005391342148,-0.8564192729728985,1.0,0,1,0,0
S03267,1,5,32,30,10,6,2020.0,Yes,3,2021.0,Not Placed,UK,9,-0.8785035087145754,-0.06228293835991124,0,2,3,0.19095082049110992,-0.28549519127799955,1.0,0,0,1,0
S01824,6,3,39,3,12,2,2019.0,No,2,2020.0,Not Placed,UK,9,-0.8785035087145754,0.3325007872622045,0,2,1,0.5945101452345617,-0.28549519127799955,1.0,1,0,0,0
S03337,4,3,2,13,11,1,2020.0,Yes,2,2023.0,Not Placed,UK,9,-0.8785035087145754,-1.641417840848375,5,2,0,-1.8941056906833906,0.5800993841949118,3.0,0,0,1,0
S01288,3,8,15,60,6,5,2020.0,Yes,0,2023.0,Not Placed,UK,9,-0.8785035087145754,-0.3409538035049345,3,0,1,0.5608802015059405,-0.5064980616115089,3.0,0,0,1,0
S01827,7,2,45,68,9,3,2022.0,No,3,2023.0,Placed,Germany,3,0.4851404254238728,-0.3409538035049345,0,3,0,-1.8941056906833906,4.8344046381149655,1.0,1,1,0,0
S00526,8,5,41,38,13,6,2021.0,Yes,2,2024.0,Placed,Russia,2,0.747651150381724,0.007384777926344049,3,0,3,-0.21260850425234185,-0.28549519127799955,3.0,0,1,1,0
S02184,6,8,4,53,9,3,2022.0,Yes,0,2023.0,Placed,UK,0,2.0545258832016375,-0.3641763756003536,2,1,0,0.3927304828628357,0.6353501017782891,1.0,1,1,1,0
S03357,7,9,9,57,5,7,2020.0,Yes,4,2022.0,Not Placed,UK,9,-0.8785035087145754,0.21638792678511096,2,1,2,0.9644395262493923,-0.5617487791948862,2.0,0,0,1,0
S01433,7,3,8,16,11,6,2023.0,No,1,2026.0,Placed,India,11,0.1331477151990848,-1.7110855571346315,4,0,2,-0.21260850425234185,-0.28549519127799955,3.0,0,1,0,0
S02915,7,1,49,0,9,0,2022.0,Yes,0,2025.0,Placed,Finland,1,0.1462012793786159,-0.3641763756003536,1,4,1,0.32547059540559364,-0.28549519127799955,3.0,0,1,1,0
S02729,6,2,3,42,11,7,2022.0,Yes,3,2024.0,Placed,Germany,1,1.5684482237006991,-1.409192119894189,5,1,1,0.19095082049110992,-0.28549519127799955,2.0,0,1,1,0
S02447,4,5,32,24,6,3,2019.0,Yes,0,2022.0,Not Placed,UK,9,-0.8785035087145754,-0.38739894769577166,5,4,0,0.9644395262493923,0.6906008193616664,3.0,1,0,1,0
S00465,0,6,23,71,2,4,2019.0,No,4,2022.0,Not Placed,UK,9,-0.8785035087145754,1.0756230943155987,1,4,2,0.45999037032007767,-0.28549519127799955,3.0,0,0,0,0
S01844,6,5,32,4,6,2,2019.0,No,1,2022.0,Placed,Russia,12,1.430892840443284,-1.4324146919896081,4,0,1,0.12369093303386793,-0.28549519127799955,3.0,1,1,0,0
S02302,9,7,1,20,11,5,2019.0,Yes,4,2020.0,Placed,UAE,12,0.6919073045576539,-0.41062151979119077,4,4,2,0.6617700326918035,-0.28549519127799955,1.0,0,1,1,0
S04549,1,9,35,5,13,6,2023.0,Yes,4,2026.0,Placed,USA,3,0.26658195810374785,-1.2234115431308403,4,1,0,-1.8941056906833906,-0.580165685056012,3.0,0,1,1,0
S04647,9,7,1,73,12,3,2019.0,Yes,2,2021.0,Placed,UAE,0,-0.0662642100994016,-0.13195065464616756,4,0,2,0.25821070794835194,-0.28549519127799955,2.0,1,1,1,0
S01413,0,8,38,66,8,2,2022.0,No,3,2024.0,Not Placed,UK,9,-0.8785035087145754,-1.618195268752957,0,3,1,0.32547059540559364,-0.8564192729728985,2.0,1,0,0,0
S00310,3,1,49,70,10,0,2020.0,Yes,0,2022.0,Not Placed,UK,9,-0.8785035087145754,-0.2712860872186792,4,2,1,0.7962898076062874,-0.28549519127799955,2.0,0,0,1,0
S03428,9,7,1,20,13,3,2023.0,Yes,1,2026.0,Placed,UAE,5,0.6949636526661545,0.913065089647669,3,4,1,0.02280110184800505,-0.28549519127799955,3.0,1,1,1,0
S03658,7,6,19,37,12,4,2019.0,Yes,1,2022.0,Not Placed,UK,9,-0.8785035087145754,-0.01583779416907404,5,4,3,0.5272502577773197,-0.28549519127799955,3.0,0,0,1,0
S03888,2,1,49,0,10,6,2021.0,No,4,2023.0,Not Placed,UK,9,-0.8785035087145754,-0.457066663982028,3,2,0,-1.8941056906833906,-0.28549519127799955,2.0,0,0,0,0
S04171,8,3,11,6,12,5,2020.0,No,0,2023.0,Not Placed,UK,9,-0.8785035087145754,-1.0144083942720734,5,1,0,-0.14534861679509983,-0.28549519127799955,3.0,0,0,0,0
S03241,3,7,1,20,13,1,2022.0,No,2,2025.0,Placed,UAE,8,1.3633771248077635,-1.618195268752957,0,4,0,-1.8941056906833906,-0.28549519127799955,3.0,0,1,0,0
S00956,7,4,30,27,9,6,2022.0,No,1,2023.0,Placed,Ireland,4,-0.18605333757772702,0.5647265082163905,1,2,3,0.12369093303386793,-0.28549519127799955,1.0,0,1,0,0
S04450,9,0,50,39,10,5,2023.0,No,4,2025.0,Not Placed,UK,9,-0.8785035087145754,-1.2001889710354223,0,3,3,1.0653293574352556,-0.28549519127799955,2.0,0,0,0,0
S01723,8,6,7,56,11,3,2019.0,Yes,4,2022.0,Not Placed,UK,9,-0.8785035087145754,1.37751653155604,0,3,0,0.49362031404869855,3.195300016474772,3.0,1,0,1,0
S01626,9,5,32,30,6,7,2023.0,Yes,4,2026.0,Not Placed,UK,9,-0.8785035087145754,0.23961049888053007,2,4,1,-0.21260850425234185,-0.28549519127799955,3.0,0,0,1,0
S04689,5,8,6,55,7,7,2023.0,Yes,0,2024.0,Not Placed,UK,9,-0.8785035087145754,-0.3641763756003536,3,2,3,0.9308095825207715,-0.8748361788340243,1.0,0,0,1,0
S02289,5,1,46,43,8,5,2019.0,Yes,4,2021.0,Not Placed,UK,9,-0.8785035087145754,0.9827328059339243,5,4,3,0.7290299201490454,-0.28549519127799955,2.0,0,0,1,0
S00151,1,9,42,40,11,0,2023.0,Yes,1,2026.0,Not Placed,UK,9,-0.8785035087145754,1.5400745362239707,1,4,3,0.7626598638776666,-0.819585461250647,3.0,0,0,1,0
S01842,5,8,4,53,2,2,2020.0,Yes,1,2022.0,Placed,UK,12,0.1448209931360673,1.5168519641285516,1,0,0,-1.8941056906833906,0.6353501017782891,2.0,1,1,1,0
S00453,4,1,49,0,7,1,2020.0,Yes,2,2023.0,Not Placed,UK,9,-0.8785035087145754,-1.5485275524667008,1,3,0,-1.8941056906833906,-0.28549519127799955,3.0,0,0,1,0
S03667,3,0,25,35,12,5,2023.0,No,2,2024.0,Placed,Canada,9,0.8113809380376825,0.4021685035484598,0,2,3,0.1573208767624888,3.6188888512806643,1.0,0,1,0,1
S03463,0,7,12,29,13,4,2023.0,No,0,2026.0,Not Placed,UK,9,-0.8785035087145754,-1.7110855571346315,3,4,0,0.3927304828628357,-0.28549519127799955,3.0,0,0,0,0
S04401,3,2,3,12,5,2,2022.0,No,0,2023.0,Not Placed,UK,9,-0.8785035087145754,-0.17839579883700477,5,3,1,0.8971796387921507,-0.28549519127799955,1.0,1,0,0,0
S01293,1,4,30,27,11,5,2019.0,Yes,0,2022.0,Placed,Ireland,0,1.3780081589787787,-0.9911858221766553,0,1,3,-0.11171867306647898,-0.28549519127799955,3.0,0,1,1,0
S04388,3,1,46,43,9,3,2021.0,Yes,0,2024.0,Not Placed,UK,9,-0.8785035087145754,1.7258551129873196,2,0,0,-1.8941056906833906,-0.28549519127799955,3.0,1,0,1,0
S02217,6,1,17,1,7,1,2019.0,No,2,2022.0,Not Placed,UK,9,-0.8785035087145754,1.4936293920331336,3,1,1,0.9644395262493923,0.8747698779729242,3.0,0,0,0,0
S04069,7,5,32,11,14,5,2023.0,No,3,2025.0,Not Placed,UK,9,-0.8785035087145754,-0.5035118081728652,3,3,0,-1.8941056906833906,-0.28549519127799955,2.0,0,0,0,0
S01155,7,5,36,34,4,1,2021.0,No,2,2023.0,Placed,Russia,6,0.41744724441431047,1.609742252510226,1,1,0,0.7290299201490454,-0.28549519127799955,2.0,0,1,0,0
S02154,3,7,43,2,6,0,2019.0,Yes,1,2022.0,Placed,UAE,6,-0.12417707716176238,1.122068238506436,4,4,0,-1.8941056906833906,-0.28549519127799955,3.0,0,1,1,0
S00281,9,8,27,48,14,0,2020.0,Yes,2,2021.0,Placed,UK,0,-0.2409098565315873,-1.641417840848375,4,1,1,1.0989593011638763,-0.7459178378061438,1.0,0,1,1,0
S00210,9,0,31,28,4,6,2019.0,No,3,2022.0,Placed,Canada,11,1.0761789944831857,1.331071387365203,1,4,2,1.031699413706634,-0.41441353230587996,3.0,0,1,0,1
S01693,2,7,43,2,10,4,2019.0,Yes,1,2022.0,Placed,UAE,0,1.7691812801170534,-1.1072986826537479,4,1,0,0.3927304828628357,-0.28549519127799955,3.0,0,1,1,0
S04587,9,3,47,31,10,4,2019.0,No,4,2022.0,Placed,India,6,1.7619249181562266,-1.5020824082758635,0,3,1,0.7626598638776666,-0.28549519127799955,3.0,0,1,0,0
S03781,7,1,49,0,9,1,2022.0,No,1,2023.0,Not Placed,UK,9,-0.8785035087145754,1.1917359547926911,0,3,0,-1.8941056906833906,-0.28549519127799955,1.0,0,0,0,0
S03588,5,2,34,44,8,4,2020.0,Yes,0,2021.0,Not Placed,UK,9,-0.8785035087145754,1.4471842478422963,1,3,0,-1.8941056906833906,-0.08290922680561606,1.0,0,0,1,0
S03079,0,4,13,51,3,0,2020.0,Yes,4,2023.0,Not Placed,UK,9,-0.8785035087145754,1.2614036710789476,2,1,3,0.7962898076062874,-0.28549519127799955,3.0,0,0,1,0
S04079,1,5,32,11,2,4,2019.0,Yes,4,2022.0,Placed,Russia,2,1.4310900241922193,0.4718362198347161,2,4,0,-1.8941056906833906,-0.28549519127799955,3.0,0,1,1,0
S01283,3,8,29,64,9,1,2019.0,No,4,2022.0,Placed,UK,11,0.9239728586798617,1.586519680414808,2,4,0,0.45999037032007767,-0.41441353230587996,3.0,0,1,0,0
S03002,9,5,32,24,9,4,2019.0,Yes,0,2022.0,Not Placed,UK,9,-0.8785035087145754,-1.0144083942720734,0,0,1,-0.07808872933785782,0.6906008193616664,3.0,0,0,1,0
S01625,3,2,34,44,13,4,2022.0,Yes,1,2025.0,Not Placed,UK,9,-0.8785035087145754,0.28605564307136727,1,0,1,-0.21260850425234185,-0.08290922680561606,3.0,0,0,1,0
S03971,1,9,28,49,13,3,2019.0,No,0,2022.0,Placed,USA,8,0.8971164320748445,1.354293959460622,2,1,0,-1.8941056906833906,-0.3407459088613769,3.0,1,1,0,0
S03015,3,6,7,56,7,0,2021.0,No,2,2022.0,Placed,South Africa,3,1.6252962985188082,0.8433973733614127,1,1,1,0.5945101452345617,3.195300016474772,1.0,0,1,0,0
S00383,6,5,32,24,12,0,2020.0,Yes,2,2023.0,Placed,Russia,1,1.7582770188009196,0.030607350021762136,4,3,0,0.7626598638776666,0.6906008193616664,3.0,0,1,1,0
S04817,5,9,5,25,5,1,2020.0,Yes,3,2021.0,Not Placed,UK,9,-0.8785035087145754,-0.3409538035049345,1,3,0,0.3591005391342148,-0.8932530846951501,1.0,0,0,1,0
S03211,3,5,36,34,10,5,2019.0,Yes,2,2022.0,Placed,Russia,12,1.5554143778960616,-0.3641763756003536,5,0,2,0.056431045576625906,-0.28549519127799955,3.0,0,1,1,0
S00218,6,8,38,66,9,1,2023.0,Yes,2,2025.0,Placed,UK,4,-0.06186701249813961,0.28605564307136727,0,0,1,0.056431045576625906,-0.8564192729728985,2.0,0,1,1,0
S00573,7,3,11,6,11,2,2022.0,No,4,2025.0,Not Placed,UK,9,-0.8785035087145754,-0.8518503896041437,2,1,3,0.8971796387921507,-0.28549519127799955,3.0,1,0,0,0
S00983,2,9,42,40,9,7,2020.0,No,2,2023.0,Placed,USA,6,1.7302966448269699,0.030607350021762136,1,1,3,1.1325892448924972,-0.819585461250647,3.0,0,1,0,0
S02453,6,2,3,42,12,1,2021.0,Yes,2,2022.0,Placed,Germany,2,-0.1807293763564681,-1.4556372640850264,5,3,0,-1.8941056906833906,-0.28549519127799955,1.0,0,1,1,0
S03084,4,9,35,5,5,2,2019.0,Yes,3,2020.0,Placed,USA,5,1.5958567648027357,-1.57175012456212,5,1,2,0.8635496950635292,-0.580165685056012,1.0,1,1,1,0
S00712,2,5,41,38,3,5,2019.0,No,1,2020.0,Placed,Russia,9,-0.17978289436157763,-0.38739894769577166,1,2,2,0.7290299201490454,-0.28549519127799955,1.0,0,1,0,0
S04256,7,0,37,65,2,1,2019.0,No,0,2020.0,Not Placed,UK,9,-0.8785035087145754,0.030607350021762136,0,0,3,0.9308095825207715,-0.28549519127799955,1.0,0,0,0,0
S02036,8,9,5,25,0,2,2019.0,No,0,2022.0,Not Placed,UK,9,-0.8785035087145754,0.9362876617430871,4,4,0,0.42636042659145684,-0.8932530846951501,3.0,1,0,0,0
S03160,8,6,23,71,4,4,2019.0,Yes,0,2022.0,Placed,South Africa,7,-0.012728822263409252,-0.689292384936213,1,3,0,1.031699413706634,-0.28549519127799955,3.0,0,1,1,0
S00009,3,5,32,11,7,1,2021.0,Yes,0,2024.0,Placed,Russia,8,1.4503548764632193,-0.10872808255074845,3,4,0,-1.8941056906833906,-0.28549519127799955,3.0,0,1,1,0
S04787,6,3,47,31,13,5,2022.0,No,2,2025.0,Not Placed,UK,9,-0.8785035087145754,-1.0608535384629105,5,1,3,0.7290299201490454,-0.28549519127799955,3.0,0,0,0,0
S00880,2,5,32,30,7,7,2019.0,Yes,0,2020.0,Not Placed,UK,9,-0.8785035087145754,-0.6660698128407949,0,3,2,1.0989593011638763,-0.28549519127799955,1.0,0,0,1,0
S01086,3,4,10,50,6,4,2019.0,No,3,2021.0,Not Placed,UK,9,-0.8785035087145754,-0.3641763756003536,5,2,0,0.09006098930524706,-0.28549519127799955,2.0,0,0,0,0
S00830,3,0,48,69,1,6,2019.0,Yes,4,2021.0,Not Placed,UK,9,-0.8785035087145754,-0.10872808255074845,4,2,3,0.6281400889631826,-0.5249149674726347,2.0,0,0,1,0
S00634,3,5,32,24,13,6,2019.0,No,3,2021.0,Not Placed,UK,9,-0.8785035087145754,-0.8518503896041437,1,1,0,-1.8941056906833906,0.6906008193616664,2.0,0,0,0,0
S03439,4,2,45,68,14,5,2020.0,Yes,4,2021.0,Not Placed,UK,9,-0.8785035087145754,1.4704068199377145,0,0,0,-1.8941056906833906,4.8344046381149655,1.0,0,0,1,0
S00458,3,0,31,28,13,6,2023.0,No,3,2026.0,Not Placed,UK,9,-0.8785035087145754,-0.13195065464616756,4,2,2,0.7962898076062874,-0.41441353230587996,3.0,0,0,0,0
S03098,3,4,13,7,2,5,2019.0,Yes,2,2022.0,Placed,Ireland,7,2.0588639256782186,-1.339524403607934,2,0,1,0.49362031404869855,-0.28549519127799955,3.0,0,1,1,0
S01237,6,4,13,51,7,2,2019.0,No,1,2021.0,Placed,Ireland,5,1.2634838375970316,0.3789459314530417,3,3,2,1.0989593011638763,-0.28549519127799955,2.0,1,1,0,0
S00451,9,7,12,29,2,7,2020.0,Yes,1,2023.0,Placed,UAE,1,0.781152669325868,0.7969522291705755,0,4,1,0.9308095825207715,-0.28549519127799955,3.0,0,1,1,0
S01924,0,8,27,21,13,3,2019.0,Yes,0,2022.0,Not Placed,UK,9,-0.8785035087145754,1.0059553780293433,4,4,2,-0.11171867306647898,-0.35916281472250267,3.0,1,0,1,0
S03614,6,7,12,58,14,6,2022.0,Yes,4,2025.0,Not Placed,UK,9,-0.8785035087145754,-0.17839579883700477,2,3,1,-0.07808872933785782,-0.28549519127799955,3.0,0,0,1,0
S04340,9,8,6,55,7,1,2019.0,Yes,1,2022.0,Placed,UK,6,2.0364046966744636,1.6329648246056452,4,2,3,0.8299197513349084,-0.8748361788340243,3.0,0,1,1,0
S04753,2,5,36,34,8,4,2022.0,Yes,2,2023.0,Placed,Russia,12,1.639375218192804,-1.2698566873216774,1,0,0,-1.8941056906833906,-0.28549519127799955,1.0,0,1,1,0
S04327,5,7,12,10,10,6,2019.0,Yes,0,2022.0,Placed,UAE,11,1.495864885717536,-0.13195065464616756,5,1,0,-1.8941056906833906,-0.28549519127799955,3.0,0,1,1,0
S03959,2,7,1,73,6,1,2023.0,Yes,4,2024.0,Not Placed,UK,9,-0.8785035087145754,-0.898295533794981,5,1,0,-0.07808872933785782,-0.28549519127799955,1.0,0,0,1,0
S01451,7,6,7,56,7,7,2022.0,Yes,3,2023.0,Placed,South Africa,2,0.9643955272116422,0.704061940788901,0,0,3,0.6617700326918035,3.195300016474772,1.0,0,1,1,0
S03223,3,6,40,67,8,6,2023.0,Yes,2,2026.0,Placed,South Africa,1,0.3806330384880498,1.6561873967010632,3,0,3,1.0989593011638763,-0.28549519127799955,3.0,0,1,1,0
S03802,1,9,35,5,3,2,2021.0,No,0,2023.0,Placed,USA,1,1.9856890364482491,-0.24806351512326005,1,2,1,0.6281400889631826,-0.580165685056012,2.0,1,1,0,0
S02613,1,6,40,67,10,2,2023.0,Yes,2,2024.0,Placed,South Africa,4,0.7681385418961241,-0.5267343802682832,4,4,3,0.6617700326918035,-0.28549519127799955,1.0,1,1,1,0
S04498,5,2,20,9,9,4,2022.0,No,4,2025.0,Placed,Germany,1,2.051568126967605,-0.457066663982028,1,4,0,0.3591005391342148,-0.28549519127799955,3.0,0,1,0,0
S04868,1,2,20,9,3,5,2021.0,Yes,0,2022.0,Placed,Germany,1,0.6117718289902606,1.3078488152697847,0,2,3,0.12369093303386793,-0.28549519127799955,1.0,0,1,1,0
S03902,4,1,22,59,5,3,2022.0,No,3,2024.0,Placed,Finland,2,1.1082805088098877,-0.5731795244591205,3,0,2,1.0653293574352556,-0.28549519127799955,2.0,1,1,0,0
S00165,0,5,32,24,5,4,2023.0,No,2,2026.0,Not Placed,UK,9,-0.8785035087145754,-0.039060366264493156,5,1,2,0.1573208767624888,0.6906008193616664,3.0,0,0,0,0
S04013,3,2,0,36,3,3,2023.0,No,2,2025.0,Not Placed,UK,9,-0.8785035087145754,0.8433973733614127,0,1,1,0.49362031404869855,1.040522030723056,2.0,1,0,0,0
S01267,0,4,13,45,6,2,2023.0,No,2,2024.0,Placed,Ireland,12,1.5137888884957744,-0.5035118081728652,0,3,2,0.6617700326918035,-0.28549519127799955,1.0,1,1,0,0
S02023,4,8,38,66,1,1,2020.0,Yes,4,2023.0,Not Placed,UK,9,-0.8785035087145754,0.7272845128843202,1,1,2,0.09006098930524706,-0.8564192729728985,3.0,0,0,1,0
S02870,5,6,40,67,12,6,2021.0,Yes,0,2024.0,Not Placed,UK,9,-0.8785035087145754,-1.0608535384629105,1,4,0,0.49362031404869855,-0.28549519127799955,3.0,0,0,1,0
S02501,7,0,16,52,2,3,2023.0,Yes,0,2025.0,Placed,Canada,9,0.29901868480364013,0.4718362198347161,1,3,2,0.7290299201490454,1.114189654167559,2.0,1,1,1,1
S04667,5,8,4,53,13,4,2020.0,No,4,2021.0,Not Placed,UK,9,-0.8785035087145754,-0.22484094302784197,2,2,0,-1.8941056906833906,0.6353501017782891,1.0,0,0,0,0
S04851,1,7,1,20,5,7,2022.0,Yes,2,2025.0,Not Placed,UK,9,-0.8785035087145754,-0.41062151979119077,3,4,3,0.5272502577773197,-0.28549519127799955,3.0,0,0,1,0
S02518,4,8,15,60,13,0,2020.0,No,4,2023.0,Placed,UK,4,1.5789383991440686,1.0988456664110178,0,1,0,0.056431045576625906,-0.5064980616115089,3.0,0,1,0,0
S04339,9,0,50,39,14,3,2021.0,Yes,2,2022.0,Not Placed,UK,9,-0.8785035087145754,-0.039060366264493156,4,4,0,-1.8941056906833906,-0.28549519127799955,1.0,1,0,1,0
S02749,4,8,6,55,10,5,2023.0,Yes,3,2026.0,Not Placed,UK,9,-0.8785035087145754,1.6794099687964823,5,1,2,0.6281400889631826,-0.8748361788340243,3.0,0,0,1,0
S00499,4,9,42,47,7,3,2020.0,Yes,2,2023.0,Not Placed,UK,9,-0.8785035087145754,-0.5499569523637023,4,2,1,0.5272502577773197,-0.7275009319450181,3.0,1,0,1,0
S01297,5,0,16,52,10,6,2021.0,No,3,2022.0,Placed,Canada,3,0.6807072676181167,1.7258551129873196,4,4,2,0.49362031404869855,1.114189654167559,1.0,0,1,0,1
S01702,5,0,27,72,10,0,2022.0,No,2,2024.0,Not Placed,UK,9,-0.8785035087145754,1.6561873967010632,3,2,2,0.5608802015059405,1.611446112417955,2.0,0,0,0,0
S02572,6,7,12,26,4,1,2019.0,No,3,2020.0,Not Placed,UK,9,-0.8785035087145754,0.35572335935762256,1,1,2,0.09006098930524706,-0.28549519127799955,1.0,0,0,0,0
S00911,1,7,12,10,10,2,2020.0,No,3,2023.0,Not Placed,UK,9,-0.8785035087145754,1.3078488152697847,4,3,1,0.9308095825207715,-0.28549519127799955,3.0,1,0,0,0
S01273,8,2,34,22,4,0,2020.0,No,0,2021.0,Placed,Germany,3,0.005964197135677579,-1.2930792594170966,4,4,0,-1.8941056906833906,-0.28549519127799955,1.0,0,1,0,0
S02742,9,6,19,37,13,6,2022.0,Yes,4,2025.0,Not Placed,UK,9,-0.8785035087145754,-0.15517322674158565,3,3,1,0.5272502577773197,-0.28549519127799955,3.0,0,0,1,0
S01154,6,7,12,26,0,0,2020.0,No,4,2023.0,Not Placed,UK,9,-0.8785035087145754,0.9595102338385062,2,0,0,0.5608802015059405,-0.28549519127799955,3.0,0,0,0,0
S01639,7,6,19,37,14,1,2021.0,No,1,2022.0,Not Placed,UK,9,-0.8785035087145754,-1.1072986826537479,5,3,1,0.2918406516769728,-0.28549519127799955,1.0,0,0,0,0
S02256,1,8,38,66,5,3,2023.0,No,3,2024.0,Not Placed,UK,9,-0.8785035087145754,-0.3409538035049345,0,0,2,0.7962898076062874,-0.8564192729728985,1.0,1,0,0,0
S04684,3,2,34,44,9,6,2023.0,Yes,2,2026.0,Not Placed,UK,9,-0.8785035087145754,1.1685133826972731,0,3,0,-1.8941056906833906,-0.08290922680561606,3.0,0,0,1,0
S04500,0,8,27,17,5,5,2022.0,No,3,2025.0,Not Placed,UK,9,-0.8785035087145754,-0.24806351512326005,0,1,2,0.7962898076062874,-0.8011685553895213,3.0,0,0,0,0
S00423,2,6,14,63,4,0,2019.0,No,3,2022.0,Not Placed,UK,9,-0.8785035087145754,1.3078488152697847,3,3,0,-1.8941056906833906,-0.28549519127799955,3.0,0,0,0,0
S04945,8,2,45,68,10,6,2019.0,Yes,4,2021.0,Placed,Germany,7,0.9677082141937589,1.2846262431743656,0,1,3,0.25821070794835194,4.8344046381149655,2.0,0,1,1,0
S04052,6,8,6,55,8,2,2021.0,Yes,2,2022.0,Not Placed,UK,9,-0.8785035087145754,0.6576167965980638,3,3,3,0.6617700326918035,-0.8748361788340243,1.0,1,0,1,0
S03933,4,9,5,25,8,6,2020.0,Yes,2,2023.0,Placed,USA,0,-0.09438261269760605,-0.039060366264493156,5,4,1,0.9980694699780132,-0.8932530846951501,3.0,0,1,1,0
S02163,2,1,49,0,7,3,2019.0,No,1,2021.0,Placed,Finland,6,1.9231226329110103,-0.20161837093242285,3,3,0,-1.8941056906833906,-0.28549519127799955,2.0,1,1,0,0
S02108,6,1,26,23,5,3,2022.0,Yes,2,2025.0,Placed,Finland,3,-0.09546712331675139,-0.38739894769577166,2,2,2,0.9980694699780132,-0.28549519127799955,3.0,1,1,1,0
S03624,6,7,12,58,2,4,2023.0,No,1,2024.0,Placed,UAE,1,1.405081487707625,1.5400745362239707,3,0,0,0.5608802015059405,-0.28549519127799955,1.0,0,1,0,0
S01113,7,4,10,50,14,4,2021.0,Yes,1,2022.0,Placed,Ireland,1,1.8466547750738174,-0.921518105890399,3,0,0,-0.11171867306647898,-0.28549519127799955,1.0,0,1,1,0
S01009,2,8,27,17,13,5,2022.0,No,3,2024.0,Placed,UK,10,2.0772611694539025,0.3092782151667854,3,3,2,-0.07808872933785782,-0.8011685553895213,2.0,0,1,0,0
S04238,8,2,20,9,11,4,2020.0,Yes,0,2021.0,Placed,Germany,1,0.63220006537998,0.8201748012659946,3,1,0,-1.8941056906833906,-0.28549519127799955,1.0,0,1,1,0
S02578,0,3,47,31,3,3,2022.0,Yes,2,2025.0,Placed,India,7,1.9580044380977029,0.21638792678511096,1,3,3,0.19095082049110992,-0.28549519127799955,3.0,1,1,1,0
S03181,9,0,31,28,11,3,2019.0,Yes,4,2022.0,Placed,Canada,9,0.5074813441782666,-0.15517322674158565,1,1,1,0.25821070794835194,-0.41441353230587996,3.0,1,1,1,1
S04210,0,5,32,24,10,6,2022.0,Yes,0,2024.0,Placed,Russia,1,1.8087560585284115,-0.9447406779858181,2,3,0,-1.8941056906833906,0.6906008193616664,2.0,0,1,1,0
S04150,0,4,18,33,2,7,2022.0,Yes,2,2023.0,Not Placed,UK,9,-0.8785035087145754,1.1685133826972731,4,4,0,-1.8941056906833906,-0.28549519127799955,1.0,0,0,1,0
S00505,2,1,49,0,10,2,2020.0,No,3,2022.0,Placed,Finland,11,0.4336754669517034,-1.0840761105583296,1,4,0,1.1325892448924972,-0.28549519127799955,2.0,1,1,0,0
S04447,2,7,12,29,10,4,2020.0,No,2,2021.0,Not Placed,UK,9,-0.8785035087145754,-1.0144083942720734,5,1,1,0.8971796387921507,-0.28549519127799955,1.0,0,0,0,0
S04476,7,5,32,24,13,4,2019.0,Yes,3,2020.0,Not Placed,UK,9,-0.8785035087145754,-1.0144083942720734,0,0,0,-1.8941056906833906,0.6906008193616664,1.0,0,0,1,0
S01796,0,1,46,43,5,4,2022.0,Yes,1,2025.0,Placed,Finland,0,0.7211496545247909,-1.594972696657538,3,1,1,0.7962898076062874,-0.28549519127799955,3.0,0,1,1,0
S01657,6,7,12,29,5,5,2022.0,No,3,2024.0,Not Placed,UK,9,-0.8785035087145754,0.5647265082163905,5,3,0,-1.8941056906833906,-0.28549519127799955,2.0,0,0,0,0
S01493,1,4,30,27,6,4,2022.0,No,3,2024.0,Not Placed,UK,9,-0.8785035087145754,-1.153743826844585,2,4,2,-0.07808872933785782,-0.28549519127799955,2.0,0,0,0,0
S04302,2,4,13,45,13,0,2021.0,No,3,2022.0,Placed,Ireland,10,0.5844421613877983,1.2381810989835285,0,3,0,0.02280110184800505,-0.28549519127799955,1.0,0,1,0,0
S03422,2,1,17,1,10,5,2023.0,Yes,4,2025.0,Not Placed,UK,9,-0.8785035087145754,0.07705249421259934,3,1,0,-1.8941056906833906,0.8747698779729242,2.0,0,0,1,0
S04084,8,2,34,44,4,4,2019.0,No,1,2021.0,Not Placed,UK,9,-0.8785035087145754,-0.20161837093242285,4,2,0,0.056431045576625906,-0.08290922680561606,2.0,0,0,0,0
S04668,3,9,35,5,14,7,2019.0,No,2,2020.0,Not Placed,UK,9,-0.8785035087145754,0.4021685035484598,2,0,0,-1.8941056906833906,-0.580165685056012,1.0,0,0,0,0
S04319,4,8,38,66,2,5,2023.0,Yes,2,2025.0,Not Placed,UK,9,-0.8785035087145754,-0.29450865931409725,5,1,0,0.9308095825207715,-0.8564192729728985,2.0,0,0,1,0
S00084,0,9,35,32,1,6,2022.0,No,1,2024.0,Placed,USA,12,0.25049176419060987,0.3092782151667854,5,2,3,0.5945101452345617,-0.1197430385278676,2.0,0,1,0,0
S03782,5,2,34,22,13,7,2021.0,No,2,2024.0,Placed,Germany,7,0.7009974753835811,-1.2001889710354223,4,3,1,-0.178978560523721,-0.28549519127799955,3.0,0,1,0,0
S01079,6,7,43,2,13,4,2019.0,No,1,2020.0,Not Placed,UK,9,-0.8785035087145754,-1.0144083942720734,4,2,0,1.031699413706634,-0.28549519127799955,1.0,0,0,0,0
S03832,8,7,12,29,9,3,2019.0,No,4,2021.0,Not Placed,UK,9,-0.8785035087145754,1.1452908106018551,0,3,0,-1.8941056906833906,-0.28549519127799955,2.0,1,0,0,0
S00821,8,0,50,54,7,0,2022.0,No,0,2024.0,Placed,Canada,10,0.6239775030493689,1.609742252510226,3,0,0,-1.8941056906833906,-0.28549519127799955,2.0,0,1,0,1
S03500,1,2,3,12,5,4,2019.0,Yes,0,2021.0,Not Placed,UK,9,-0.8785035087145754,0.030607350021762136,0,4,3,1.031699413706634,-0.28549519127799955,2.0,0,0,1,0
S00087,4,9,5,25,2,4,2021.0,Yes,4,2024.0,Placed,USA,11,0.37901613174677856,0.7272845128843202,3,3,3,0.6617700326918035,-0.8932530846951501,3.0,0,1,1,0
S01221,3,8,27,48,3,3,2019.0,No,0,2020.0,Not Placed,UK,9,-0.8785035087145754,1.4239616757468772,2,2,0,-1.8941056906833906,-0.7459178378061438,1.0,1,0,0,0
S02720,3,1,21,61,0,0,2022.0,Yes,4,2024.0,Not Placed,UK,9,-0.8785035087145754,0.7272845128843202,0,3,3,0.02280110184800505,0.966854407278553,2.0,0,0,1,0
S03120,5,1,22,59,5,5,2021.0,Yes,4,2024.0,Placed,Finland,4,1.7390516032797068,-0.921518105890399,0,0,2,0.12369093303386793,-0.28549519127799955,3.0,0,1,1,0
S02204,3,2,3,42,10,1,2022.0,No,1,2025.0,Placed,Germany,2,0.37540766914125867,-0.7125149570316321,5,2,3,0.19095082049110992,-0.28549519127799955,3.0,0,1,0,0
S01186,3,5,36,34,2,3,2021.0,Yes,3,2023.0,Placed,Russia,11,0.8707726832170597,-0.9679632500812362,2,2,2,0.12369093303386793,-0.28549519127799955,2.0,1,1,1,0
S01037,1,4,30,27,0,1,2019.0,No,0,2021.0,Not Placed,UK,9,-0.8785035087145754,0.5647265082163905,4,2,0,-1.8941056906833906,-0.28549519127799955,2.0,0,0,0,0
S03060,4,7,12,29,8,0,2023.0,Yes,2,2026.0,Placed,UAE,5,0.3746583708953037,1.4239616757468772,0,4,1,0.7626598638776666,-0.28549519127799955,3.0,0,1,1,0
S04088,7,4,13,51,10,1,2020.0,Yes,2,2022.0,Not Placed,UK,9,-0.8785035087145754,-0.6660698128407949,4,0,0,0.5272502577773197,-0.28549519127799955,2.0,0,0,1,0
S04999,2,5,41,38,1,1,2020.0,Yes,4,2022.0,Not Placed,UK,9,-0.8785035087145754,1.0988456664110178,2,0,1,0.9980694699780132,-0.28549519127799955,2.0,0,0,1,0
S00913,0,4,10,50,6,6,2023.0,No,2,2025.0,Placed,Ireland,7,1.9589509200925932,0.6808393686934829,4,3,0,-1.8941056906833906,-0.28549519127799955,2.0,0,1,0,0
S01518,8,0,48,69,6,0,2022.0,Yes,1,2024.0,Placed,Canada,5,2.042142743768487,0.10027506630801845,0,3,0,0.8299197513349084,-0.5249149674726347,2.0,0,1,1,1
S04185,5,8,4,53,10,1,2021.0,No,1,2023.0,Not Placed,UK,9,-0.8785035087145754,-1.57175012456212,3,3,1,-0.010828841880616107,0.6353501017782891,2.0,0,0,0,0
S01353,3,2,3,12,12,7,2020.0,No,1,2023.0,Placed,Germany,6,0.02307974654328029,-1.2234115431308403,4,3,3,0.19095082049110992,-0.28549519127799955,3.0,0,1,0,0
S00948,4,8,27,48,8,1,2021.0,Yes,2,2022.0,Placed,UK,12,-0.081151583144033,0.16994278259427376,5,2,3,-0.07808872933785782,-0.7459178378061438,1.0,0,1,1,0
S00691,2,0,16,52,14,2,2022.0,No,0,2023.0,Placed,Canada,2,1.3996392162370048,-1.0840761105583296,3,3,3,0.32547059540559364,1.114189654167559,1.0,1,1,0,1
S01091,4,3,33,14,1,1,2019.0,Yes,0,2020.0,Not Placed,UK,9,-0.8785035087145754,0.704061940788901,2,1,0,-1.8941056906833906,-0.08290922680561606,1.0,0,0,1,0
S01539,9,4,13,7,14,0,2023.0,Yes,4,2026.0,Not Placed,UK,9,-0.8785035087145754,-0.6660698128407949,5,1,2,0.02280110184800505,-0.28549519127799955,3.0,0,0,1,0
S04385,1,9,35,32,3,0,2021.0,No,3,2022.0,Not Placed,UK,9,-0.8785035087145754,-1.594972696657538,5,0,3,1.031699413706634,-0.1197430385278676,1.0,0,0,0,0
S02903,2,0,48,69,1,0,2020.0,Yes,1,2023.0,Placed,Canada,1,0.06517847694101277,0.8433973733614127,1,3,0,0.9980694699780132,-0.5249149674726347,3.0,0,1,1,1
S02407,8,3,11,6,1,2,2020.0,No,1,2021.0,Placed,India,1,0.6740818936538834,-0.24806351512326005,1,1,2,-0.010828841880616107,-0.28549519127799955,1.0,1,1,0,0
S03643,6,4,13,45,5,1,2019.0,No,0,2021.0,Not Placed,UK,9,-0.8785035087145754,1.0988456664110178,1,1,3,-0.010828841880616107,-0.28549519127799955,2.0,0,0,0,0
S00449,0,3,33,14,5,2,2021.0,No,0,2023.0,Placed,India,2,-0.01949222485189742,0.9362876617430871,5,3,2,0.8971796387921507,-0.08290922680561606,2.0,1,1,0,0
S02187,2,8,38,66,7,2,2022.0,No,2,2023.0,Placed,UK,3,0.659983255604994,0.8201748012659946,1,3,0,-1.8941056906833906,-0.8564192729728985,1.0,1,1,0,0
S03298,6,4,13,46,10,0,2019.0,No,3,2020.0,Placed,Ireland,5,0.02024030055860887,-1.409192119894189,1,4,1,0.45999037032007767,1.279941806917691,1.0,0,1,0,0
S00039,0,3,2,13,10,1,2021.0,No,0,2022.0,Not Placed,UK,9,-0.8785035087145754,1.4007391036514591,4,4,0,0.9644395262493923,0.5800993841949118,1.0,0,0,0,0
S02625,3,4,13,7,8,6,2020.0,No,3,2023.0,Placed,Ireland,7,0.5503688095717412,0.16994278259427376,1,0,0,1.0989593011638763,-0.28549519127799955,3.0,0,1,0,0
S02621,8,1,22,59,2,6,2022.0,Yes,2,2023.0,Placed,Finland,8,1.2882303980884386,0.8898425175522499,3,2,2,0.9980694699780132,-0.28549519127799955,1.0,0,1,1,0
S04704,7,9,42,40,11,7,2019.0,Yes,1,2021.0,Not Placed,UK,9,-0.8785035087145754,0.4950587919301342,2,0,2,0.6953999764204246,-0.819585461250647,2.0,0,0,1,0
S02738,2,6,23,62,11,0,2021.0,No,0,2024.0,Not Placed,UK,9,-0.8785035087145754,-0.5035118081728652,2,1,3,-0.21260850425234185,-0.28549519127799955,3.0,0,0,0,0
S02697,0,5,32,30,3,7,2021.0,Yes,2,2022.0,Not Placed,UK,9,-0.8785035087145754,0.8666199454568319,2,0,0,-1.8941056906833906,-0.28549519127799955,1.0,0,0,1,0
S03479,1,2,34,22,13,6,2020.0,Yes,0,2023.0,Not Placed,UK,9,-0.8785035087145754,1.5632971083193887,3,0,0,-1.8941056906833906,-0.28549519127799955,3.0,0,0,1,0
S00487,1,8,6,55,6,4,2022.0,No,1,2025.0,Placed,UK,11,0.5137517873944161,-0.41062151979119077,5,3,0,0.2918406516769728,-0.8748361788340243,3.0,0,1,0,0
S01897,7,0,48,69,11,3,2019.0,Yes,0,2022.0,Not Placed,UK,9,-0.8785035087145754,-0.898295533794981,4,2,3,0.056431045576625906,-0.5249149674726347,3.0,1,0,1,0
S02971,8,3,33,14,6,1,2021.0,No,1,2024.0,Placed,India,11,0.9105840821271401,1.354293959460622,2,3,2,0.9644395262493923,-0.08290922680561606,3.0,0,1,0,0
S02248,3,9,42,40,4,2,2019.0,Yes,1,2022.0,Not Placed,UK,9,-0.8785035087145754,-1.3163018315125148,4,3,3,1.031699413706634,-0.819585461250647,3.0,1,0,1,0
S03360,6,8,27,21,8,0,2021.0,No,2,2023.0,Placed,UK,1,0.7550258225919123,-0.31773123140951637,1,1,1,0.6953999764204246,-0.35916281472250267,2.0,0,1,0,0
S00176,1,7,1,20,6,7,2021.0,Yes,4,2024.0,Placed,UAE,1,0.6679297606870953,0.8201748012659946,4,0,0,-1.8941056906833906,-0.28549519127799955,3.0,0,1,1,0
S00367,6,9,5,8,12,2,2023.0,No,0,2026.0,Not Placed,UK,9,-0.8785035087145754,0.8201748012659946,0,1,1,0.5608802015059405,-0.8380023671117728,3.0,1,0,0,0
S01189,7,3,11,15,13,2,2019.0,No,2,2021.0,Not Placed,UK,9,-0.8785035087145754,1.0291779501247615,1,1,0,-1.8941056906833906,2.348122346862986,2.0,1,0,0,0
S00108,3,4,13,46,3,2,2022.0,No,0,2024.0,Placed,Ireland,2,0.2810749636505082,0.26283307097594816,4,3,1,-0.04445878560923697,1.279941806917691,2.0,1,1,0,0
S00013,7,3,11,18,3,1,2020.0,No,0,2022.0,Placed,India,3,0.8869614690046654,0.5182813640255532,0,3,3,0.3591005391342148,-0.28549519127799955,2.0,0,1,0,0
S01294,0,9,35,32,3,7,2020.0,Yes,2,2021.0,Not Placed,UK,9,-0.8785035087145754,0.16994278259427376,1,4,0,0.6617700326918035,-0.1197430385278676,1.0,0,0,1,0
S03748,1,8,27,48,4,1,2023.0,Yes,2,2024.0,Placed,UK,0,2.067382263632233,-1.5253049803712826,0,0,1,-0.07808872933785782,-0.7459178378061438,1.0,0,1,1,0
S04077,1,9,28,49,8,4,2021.0,Yes,0,2024.0,Not Placed,UK,9,-0.8785035087145754,1.0524005222201807,2,2,0,0.8635496950635292,-0.3407459088613769,3.0,0,0,1,0
S03993,5,1,49,70,10,2,2019.0,Yes,1,2020.0,Placed,Finland,11,0.169587272002368,-1.57175012456212,2,1,3,0.8635496950635292,-0.28549519127799955,1.0,1,1,1,0
S02194,8,6,14,63,6,0,2022.0,No,2,2024.0,Placed,South Africa,5,-0.22085626926484545,0.23961049888053007,0,3,0,-1.8941056906833906,-0.28549519127799955,2.0,0,1,0,0
S00301,2,3,11,6,12,5,2020.0,No,4,2021.0,Not Placed,UK,9,-0.8785035087145754,0.4253910756438789,0,3,0,0.8299197513349084,-0.28549519127799955,1.0,0,0,0,0
S02664,0,7,1,73,3,6,2019.0,No,3,2021.0,Not Placed,UK,9,-0.8785035087145754,-0.5035118081728652,2,4,0,0.6953999764204246,-0.28549519127799955,2.0,0,0,0,0
S01012,6,1,17,1,4,3,2022.0,Yes,0,2023.0,Not Placed,UK,9,-0.8785035087145754,1.2149585268881102,5,4,2,0.32547059540559364,0.8747698779729242,1.0,1,0,1,0
S04345,8,4,13,46,0,0,2022.0,No,3,2024.0,Placed,Ireland,1,0.963311016592497,-1.2001889710354223,4,2,1,0.8971796387921507,1.279941806917691,2.0,0,1,0,0
S00792,9,2,3,42,4,7,2019.0,Yes,0,2022.0,Not Placed,UK,9,-0.8785035087145754,1.586519680414808,3,0,3,0.3591005391342148,-0.28549519127799955,3.0,0,0,1,0
S02336,6,3,47,31,10,1,2021.0,Yes,2,2024.0,Not Placed,UK,9,-0.8785035087145754,1.5168519641285516,5,3,0,-1.8941056906833906,-0.28549519127799955,3.0,0,0,1,0
S02645,2,9,35,5,14,7,2023.0,Yes,0,2024.0,Not Placed,UK,9,-0.8785035087145754,-1.2234115431308403,1,2,2,0.5608802015059405,-0.580165685056012,1.0,0,0,1,0
S01942,9,0,50,39,5,4,2021.0,Yes,4,2024.0,Placed,Canada,4,1.2265710397963032,-1.5485275524667008,0,1,0,0.45999037032007767,-0.28549519127799955,3.0,0,1,1,1
S03172,3,1,22,59,14,7,2021.0,No,3,2023.0,Not Placed,UK,9,-0.8785035087145754,-1.5485275524667008,2,2,0,-1.8941056906833906,-0.28549519127799955,2.0,0,0,0,0
S04249,9,6,44,41,1,2,2021.0,No,2,2024.0,Not Placed,UK,9,-0.8785035087145754,0.4718362198347161,2,1,3,-0.04445878560923697,-0.28549519127799955,3.0,1,0,0,0
S00104,2,8,6,55,12,2,2022.0,No,3,2024.0,Placed,UK,12,0.23248888791279732,-1.0608535384629105,2,1,3,1.0653293574352556,-0.8748361788340243,2.0,1,1,0,0
S03692,0,1,22,59,5,3,2023.0,No,4,2026.0,Not Placed,UK,9,-0.8785035087145754,1.6794099687964823,0,4,0,-1.8941056906833906,-0.28549519127799955,3.0,1,0,0,0
S04746,4,2,34,22,4,0,2022.0,Yes,3,2024.0,Not Placed,UK,9,-0.8785035087145754,0.7737296570751574,2,4,0,0.056431045576625906,-0.28549519127799955,2.0,0,0,1,0
S04203,7,0,48,69,11,3,2019.0,No,0,2021.0,Not Placed,UK,9,-0.8785035087145754,0.007384777926344049,3,1,2,0.7962898076062874,-0.5249149674726347,2.0,1,0,0,0
S02296,6,4,13,45,9,4,2020.0,Yes,4,2021.0,Not Placed,UK,9,-0.8785035087145754,0.8201748012659946,1,0,3,0.8299197513349084,-0.28549519127799955,1.0,0,0,1,0
S01820,4,9,42,40,8,5,2021.0,No,0,2022.0,Placed,USA,7,0.38749503295100574,0.28605564307136727,0,2,0,-0.21260850425234185,-0.819585461250647,1.0,0,1,0,0
S01914,3,6,23,71,14,3,2022.0,Yes,2,2024.0,Not Placed,UK,9,-0.8785035087145754,-0.5964020965545386,0,1,1,0.1573208767624888,-0.28549519127799955,2.0,1,0,1,0
S00711,9,1,46,43,12,0,2022.0,Yes,0,2025.0,Placed,Finland,12,0.1703168518734294,-1.409192119894189,4,2,0,-1.8941056906833906,-0.28549519127799955,3.0,0,1,1,0
S02342,7,2,20,9,10,6,2023.0,No,0,2024.0,Not Placed,UK,9,-0.8785035087145754,-0.457066663982028,2,2,0,-1.8941056906833906,-0.28549519127799955,1.0,0,0,0,0
